id,sex,bust_cm,waist_cm,hip_cm,image,source
F_subject_mesh_0001,F,91.0,77.6,98.1,C:/Users/admin/Downloads/CALVIS/CALVIS/dataset/cmu\synthetic_images\200x200\female\subject_mesh_0001.png,calvis
F_subject_mesh_0002,F,107.3,89.9,102.5,C:/Users/admin/Downloads/CALVIS/CALVIS/dataset/cmu\synthetic_images\200x200\female\subject_mesh_0002.png,calvis
F_subject_mesh_0003,F,106.2,92.9,105.8,C:/Users/admin/Downloads/CALVIS/CALVIS/dataset/cmu\synthetic_images\200x200\female\subject_mesh_0003.png,calvis
F_subject_mesh_0004,F,93.9,82.2,106.8,C:/Users/admin/Downloads/CALVIS/CALVIS/dataset/cmu\synthetic_images\200x200\female\subject_mesh_0004.png,calvis
F_subject_mesh_0005,F,88.1,68.5,93.2,C:/Users/admin/Downloads/CALVIS/CALVIS/dataset/cmu\synthetic_images\200x200\female\subject_mesh_0005.png,calvis
F_subject_mesh_0006,F,87.6,71.1,97.2,C:/Users/admin/Downloads/CALVIS/CALVIS/dataset/cmu\synthetic_images\200x200\female\subject_mesh_0006.png,calvis
F_subject_mesh_0007,F,105.4,93.5,108.9,C:/Users/admin/Downloads/CALVIS/CALVIS/dataset/cmu\synthetic_images\200x200\female\subject_mesh_0007.png,calvis
F_subject_mesh_0008,F,114.2,101.1,112.3,C:/Users/admin/Downloads/CALVIS/CALVIS/dataset/cmu\synthetic_images\200x200\female\subject_mesh_0008.png,calvis
F_subject_mesh_0009,F,101.4,90.7,114.6,C:/Users/admin/Downloads/CALVIS/CALVIS/dataset/cmu\synthetic_images\200x200\female\subject_mesh_0009.png,calvis
F_subject_mesh_0010,F,101.5,88.6,101.3,C:/Users/admin/Downloads/CALVIS/CALVIS/dataset/cmu\synthetic_images\200x200\female\subject_mesh_0010.png,calvis
F_subject_mesh_0011,F,96.7,83.6,105.5,C:/Users/admin/Downloads/CALVIS/CALVIS/dataset/cmu\synthetic_images\200x200\female\subject_mesh_0011.png,calvis
F_subject_mesh_0012,F,90.1,76.2,100.4,C:/Users/admin/Downloads/CALVIS/CALVIS/dataset/cmu\synthetic_images\200x200\female\subject_mesh_0012.png,calvis
F_subject_mesh_0013,F,94.7,81.8,105.9,C:/Users/admin/Downloads/CALVIS/CALVIS/dataset/cmu\synthetic_images\200x200\female\subject_mesh_0013.png,calvis
F_subject_mesh_0014,F,89.4,75.4,102.5,C:/Users/admin/Downloads/CALVIS/CALVIS/dataset/cmu\synthetic_images\200x200\female\subject_mesh_0014.png,calvis
F_subject_mesh_0015,F,118.6,107.9,130.1,C:/Users/admin/Downloads/CALVIS/CALVIS/dataset/cmu\synthetic_images\200x200\female\subject_mesh_0015.png,calvis
F_subject_mesh_0016,F,99.0,86.0,105.1,C:/Users/admin/Downloads/CALVIS/CALVIS/dataset/cmu\synthetic_images\200x200\female\subject_mesh_0016.png,calvis
F_subject_mesh_0017,F,91.3,78.1,100.3,C:/Users/admin/Downloads/CALVIS/CALVIS/dataset/cmu\synthetic_images\200x200\female\subject_mesh_0017.png,calvis
F_subject_mesh_0018,F,91.0,75.7,101.3,C:/Users/admin/Downloads/CALVIS/CALVIS/dataset/cmu\synthetic_images\200x200\female\subject_mesh_0018.png,calvis
F_subject_mesh_0019,F,119.3,100.9,108.3,C:/Users/admin/Downloads/CALVIS/CALVIS/dataset/cmu\synthetic_images\200x200\female\subject_mesh_0019.png,calvis
F_subject_mesh_0020,F,81.1,68.9,92.5,C:/Users/admin/Downloads/CALVIS/CALVIS/dataset/cmu\synthetic_images\200x200\female\subject_mesh_0020.png,calvis
F_subject_mesh_0021,F,102.1,86.1,99.1,C:/Users/admin/Downloads/CALVIS/CALVIS/dataset/cmu\synthetic_images\200x200\female\subject_mesh_0021.png,calvis
F_subject_mesh_0022,F,88.7,73.9,99.9,C:/Users/admin/Downloads/CALVIS/CALVIS/dataset/cmu\synthetic_images\200x200\female\subject_mesh_0022.png,calvis
F_subject_mesh_0023,F,103.2,89.1,103.1,C:/Users/admin/Downloads/CALVIS/CALVIS/dataset/cmu\synthetic_images\200x200\female\subject_mesh_0023.png,calvis
F_subject_mesh_0024,F,111.0,96.4,110.4,C:/Users/admin/Downloads/CALVIS/CALVIS/dataset/cmu\synthetic_images\200x200\female\subject_mesh_0024.png,calvis
F_subject_mesh_0025,F,88.8,72.6,95.8,C:/Users/admin/Downloads/CALVIS/CALVIS/dataset/cmu\synthetic_images\200x200\female\subject_mesh_0025.png,calvis
F_subject_mesh_0026,F,85.4,69.8,94.4,C:/Users/admin/Downloads/CALVIS/CALVIS/dataset/cmu\synthetic_images\200x200\female\subject_mesh_0026.png,calvis
F_subject_mesh_0027,F,103.7,90.1,108.7,C:/Users/admin/Downloads/CALVIS/CALVIS/dataset/cmu\synthetic_images\200x200\female\subject_mesh_0027.png,calvis
F_subject_mesh_0028,F,87.7,73.9,99.6,C:/Users/admin/Downloads/CALVIS/CALVIS/dataset/cmu\synthetic_images\200x200\female\subject_mesh_0028.png,calvis
F_subject_mesh_0029,F,116.3,102.2,121.0,C:/Users/admin/Downloads/CALVIS/CALVIS/dataset/cmu\synthetic_images\200x200\female\subject_mesh_0029.png,calvis
F_subject_mesh_0030,F,93.7,82.1,108.6,C:/Users/admin/Downloads/CALVIS/CALVIS/dataset/cmu\synthetic_images\200x200\female\subject_mesh_0030.png,calvis
F_subject_mesh_0031,F,102.9,88.1,106.1,C:/Users/admin/Downloads/CALVIS/CALVIS/dataset/cmu\synthetic_images\200x200\female\subject_mesh_0031.png,calvis
F_subject_mesh_0032,F,105.1,90.1,108.6,C:/Users/admin/Downloads/CALVIS/CALVIS/dataset/cmu\synthetic_images\200x200\female\subject_mesh_0032.png,calvis
F_subject_mesh_0033,F,92.6,77.4,100.6,C:/Users/admin/Downloads/CALVIS/CALVIS/dataset/cmu\synthetic_images\200x200\female\subject_mesh_0033.png,calvis
F_subject_mesh_0034,F,110.1,96.7,111.4,C:/Users/admin/Downloads/CALVIS/CALVIS/dataset/cmu\synthetic_images\200x200\female\subject_mesh_0034.png,calvis
F_subject_mesh_0035,F,110.9,100.6,119.8,C:/Users/admin/Downloads/CALVIS/CALVIS/dataset/cmu\synthetic_images\200x200\female\subject_mesh_0035.png,calvis
F_subject_mesh_0036,F,104.8,93.7,116.6,C:/Users/admin/Downloads/CALVIS/CALVIS/dataset/cmu\synthetic_images\200x200\female\subject_mesh_0036.png,calvis
F_subject_mesh_0037,F,93.5,78.2,103.0,C:/Users/admin/Downloads/CALVIS/CALVIS/dataset/cmu\synthetic_images\200x200\female\subject_mesh_0037.png,calvis
F_subject_mesh_0038,F,92.2,74.6,94.6,C:/Users/admin/Downloads/CALVIS/CALVIS/dataset/cmu\synthetic_images\200x200\female\subject_mesh_0038.png,calvis
F_subject_mesh_0039,F,107.2,96.4,117.1,C:/Users/admin/Downloads/CALVIS/CALVIS/dataset/cmu\synthetic_images\200x200\female\subject_mesh_0039.png,calvis
F_subject_mesh_0040,F,100.7,87.6,107.7,C:/Users/admin/Downloads/CALVIS/CALVIS/dataset/cmu\synthetic_images\200x200\female\subject_mesh_0040.png,calvis
F_subject_mesh_0041,F,125.9,119.5,146.5,C:/Users/admin/Downloads/CALVIS/CALVIS/dataset/cmu\synthetic_images\200x200\female\subject_mesh_0041.png,calvis
F_subject_mesh_0042,F,131.2,116.1,124.7,C:/Users/admin/Downloads/CALVIS/CALVIS/dataset/cmu\synthetic_images\200x200\female\subject_mesh_0042.png,calvis
F_subject_mesh_0043,F,98.4,86.0,106.2,C:/Users/admin/Downloads/CALVIS/CALVIS/dataset/cmu\synthetic_images\200x200\female\subject_mesh_0043.png,calvis
F_subject_mesh_0044,F,110.9,95.2,111.2,C:/Users/admin/Downloads/CALVIS/CALVIS/dataset/cmu\synthetic_images\200x200\female\subject_mesh_0044.png,calvis
F_subject_mesh_0045,F,114.3,96.9,109.6,C:/Users/admin/Downloads/CALVIS/CALVIS/dataset/cmu\synthetic_images\200x200\female\subject_mesh_0045.png,calvis
F_subject_mesh_0046,F,97.7,82.1,102.6,C:/Users/admin/Downloads/CALVIS/CALVIS/dataset/cmu\synthetic_images\200x200\female\subject_mesh_0046.png,calvis
F_subject_mesh_0047,F,101.4,88.8,103.8,C:/Users/admin/Downloads/CALVIS/CALVIS/dataset/cmu\synthetic_images\200x200\female\subject_mesh_0047.png,calvis
F_subject_mesh_0048,F,90.5,77.0,99.4,C:/Users/admin/Downloads/CALVIS/CALVIS/dataset/cmu\synthetic_images\200x200\female\subject_mesh_0048.png,calvis
F_subject_mesh_0049,F,93.5,80.6,102.1,C:/Users/admin/Downloads/CALVIS/CALVIS/dataset/cmu\synthetic_images\200x200\female\subject_mesh_0049.png,calvis
F_subject_mesh_0050,F,102.8,85.1,93.4,C:/Users/admin/Downloads/CALVIS/CALVIS/dataset/cmu\synthetic_images\200x200\female\subject_mesh_0050.png,calvis
F_subject_mesh_0051,F,104.9,95.8,114.2,C:/Users/admin/Downloads/CALVIS/CALVIS/dataset/cmu\synthetic_images\200x200\female\subject_mesh_0051.png,calvis
F_subject_mesh_0052,F,93.4,75.9,98.9,C:/Users/admin/Downloads/CALVIS/CALVIS/dataset/cmu\synthetic_images\200x200\female\subject_mesh_0052.png,calvis
F_subject_mesh_0053,F,107.1,95.2,113.8,C:/Users/admin/Downloads/CALVIS/CALVIS/dataset/cmu\synthetic_images\200x200\female\subject_mesh_0053.png,calvis
F_subject_mesh_0054,F,86.5,73.3,94.4,C:/Users/admin/Downloads/CALVIS/CALVIS/dataset/cmu\synthetic_images\200x200\female\subject_mesh_0054.png,calvis
F_subject_mesh_0055,F,96.1,80.9,106.3,C:/Users/admin/Downloads/CALVIS/CALVIS/dataset/cmu\synthetic_images\200x200\female\subject_mesh_0055.png,calvis
F_subject_mesh_0056,F,101.5,88.9,105.9,C:/Users/admin/Downloads/CALVIS/CALVIS/dataset/cmu\synthetic_images\200x200\female\subject_mesh_0056.png,calvis
F_subject_mesh_0057,F,101.7,88.1,113.2,C:/Users/admin/Downloads/CALVIS/CALVIS/dataset/cmu\synthetic_images\200x200\female\subject_mesh_0057.png,calvis
F_subject_mesh_0058,F,95.2,84.5,108.1,C:/Users/admin/Downloads/CALVIS/CALVIS/dataset/cmu\synthetic_images\200x200\female\subject_mesh_0058.png,calvis
F_subject_mesh_0059,F,97.8,84.6,106.0,C:/Users/admin/Downloads/CALVIS/CALVIS/dataset/cmu\synthetic_images\200x200\female\subject_mesh_0059.png,calvis
F_subject_mesh_0060,F,95.8,83.5,99.0,C:/Users/admin/Downloads/CALVIS/CALVIS/dataset/cmu\synthetic_images\200x200\female\subject_mesh_0060.png,calvis
F_subject_mesh_0061,F,102.6,90.4,111.7,C:/Users/admin/Downloads/CALVIS/CALVIS/dataset/cmu\synthetic_images\200x200\female\subject_mesh_0061.png,calvis
F_subject_mesh_0062,F,91.8,78.1,101.6,C:/Users/admin/Downloads/CALVIS/CALVIS/dataset/cmu\synthetic_images\200x200\female\subject_mesh_0062.png,calvis
F_subject_mesh_0063,F,92.2,77.4,99.8,C:/Users/admin/Downloads/CALVIS/CALVIS/dataset/cmu\synthetic_images\200x200\female\subject_mesh_0063.png,calvis
F_subject_mesh_0064,F,95.6,80.9,95.8,C:/Users/admin/Downloads/CALVIS/CALVIS/dataset/cmu\synthetic_images\200x200\female\subject_mesh_0064.png,calvis
F_subject_mesh_0065,F,102.2,88.2,108.2,C:/Users/admin/Downloads/CALVIS/CALVIS/dataset/cmu\synthetic_images\200x200\female\subject_mesh_0065.png,calvis
F_subject_mesh_0066,F,103.2,88.3,105.9,C:/Users/admin/Downloads/CALVIS/CALVIS/dataset/cmu\synthetic_images\200x200\female\subject_mesh_0066.png,calvis
F_subject_mesh_0067,F,83.5,66.4,92.7,C:/Users/admin/Downloads/CALVIS/CALVIS/dataset/cmu\synthetic_images\200x200\female\subject_mesh_0067.png,calvis
F_subject_mesh_0068,F,97.8,85.1,96.2,C:/Users/admin/Downloads/CALVIS/CALVIS/dataset/cmu\synthetic_images\200x200\female\subject_mesh_0068.png,calvis
F_subject_mesh_0069,F,93.9,81.0,107.7,C:/Users/admin/Downloads/CALVIS/CALVIS/dataset/cmu\synthetic_images\200x200\female\subject_mesh_0069.png,calvis
F_subject_mesh_0070,F,105.6,91.6,111.8,C:/Users/admin/Downloads/CALVIS/CALVIS/dataset/cmu\synthetic_images\200x200\female\subject_mesh_0070.png,calvis
F_subject_mesh_0071,F,100.0,85.7,102.8,C:/Users/admin/Downloads/CALVIS/CALVIS/dataset/cmu\synthetic_images\200x200\female\subject_mesh_0071.png,calvis
F_subject_mesh_0072,F,92.8,79.3,106.8,C:/Users/admin/Downloads/CALVIS/CALVIS/dataset/cmu\synthetic_images\200x200\female\subject_mesh_0072.png,calvis
F_subject_mesh_0073,F,136.9,121.5,137.2,C:/Users/admin/Downloads/CALVIS/CALVIS/dataset/cmu\synthetic_images\200x200\female\subject_mesh_0073.png,calvis
F_subject_mesh_0074,F,112.6,98.1,110.2,C:/Users/admin/Downloads/CALVIS/CALVIS/dataset/cmu\synthetic_images\200x200\female\subject_mesh_0074.png,calvis
F_subject_mesh_0075,F,94.8,81.2,103.4,C:/Users/admin/Downloads/CALVIS/CALVIS/dataset/cmu\synthetic_images\200x200\female\subject_mesh_0075.png,calvis
F_subject_mesh_0076,F,90.6,77.7,100.2,C:/Users/admin/Downloads/CALVIS/CALVIS/dataset/cmu\synthetic_images\200x200\female\subject_mesh_0076.png,calvis
F_subject_mesh_0077,F,85.2,70.7,96.0,C:/Users/admin/Downloads/CALVIS/CALVIS/dataset/cmu\synthetic_images\200x200\female\subject_mesh_0077.png,calvis
F_subject_mesh_0078,F,101.2,85.0,97.0,C:/Users/admin/Downloads/CALVIS/CALVIS/dataset/cmu\synthetic_images\200x200\female\subject_mesh_0078.png,calvis
F_subject_mesh_0079,F,90.5,77.1,100.1,C:/Users/admin/Downloads/CALVIS/CALVIS/dataset/cmu\synthetic_images\200x200\female\subject_mesh_0079.png,calvis
F_subject_mesh_0080,F,87.7,74.9,98.7,C:/Users/admin/Downloads/CALVIS/CALVIS/dataset/cmu\synthetic_images\200x200\female\subject_mesh_0080.png,calvis
F_subject_mesh_0081,F,108.3,91.9,105.1,C:/Users/admin/Downloads/CALVIS/CALVIS/dataset/cmu\synthetic_images\200x200\female\subject_mesh_0081.png,calvis
F_subject_mesh_0082,F,98.3,84.8,106.4,C:/Users/admin/Downloads/CALVIS/CALVIS/dataset/cmu\synthetic_images\200x200\female\subject_mesh_0082.png,calvis
F_subject_mesh_0083,F,92.1,77.8,106.9,C:/Users/admin/Downloads/CALVIS/CALVIS/dataset/cmu\synthetic_images\200x200\female\subject_mesh_0083.png,calvis
F_subject_mesh_0084,F,94.1,77.9,95.7,C:/Users/admin/Downloads/CALVIS/CALVIS/dataset/cmu\synthetic_images\200x200\female\subject_mesh_0084.png,calvis
F_subject_mesh_0085,F,137.1,125.4,151.6,C:/Users/admin/Downloads/CALVIS/CALVIS/dataset/cmu\synthetic_images\200x200\female\subject_mesh_0085.png,calvis
F_subject_mesh_0086,F,87.2,68.7,90.3,C:/Users/admin/Downloads/CALVIS/CALVIS/dataset/cmu\synthetic_images\200x200\female\subject_mesh_0086.png,calvis
F_subject_mesh_0087,F,97.6,83.3,105.6,C:/Users/admin/Downloads/CALVIS/CALVIS/dataset/cmu\synthetic_images\200x200\female\subject_mesh_0087.png,calvis
F_subject_mesh_0088,F,91.6,77.0,99.6,C:/Users/admin/Downloads/CALVIS/CALVIS/dataset/cmu\synthetic_images\200x200\female\subject_mesh_0088.png,calvis
F_subject_mesh_0089,F,97.3,83.0,104.6,C:/Users/admin/Downloads/CALVIS/CALVIS/dataset/cmu\synthetic_images\200x200\female\subject_mesh_0089.png,calvis
F_subject_mesh_0090,F,103.8,87.7,104.5,C:/Users/admin/Downloads/CALVIS/CALVIS/dataset/cmu\synthetic_images\200x200\female\subject_mesh_0090.png,calvis
F_subject_mesh_0091,F,120.8,104.7,117.2,C:/Users/admin/Downloads/CALVIS/CALVIS/dataset/cmu\synthetic_images\200x200\female\subject_mesh_0091.png,calvis
F_subject_mesh_0092,F,98.7,87.2,114.9,C:/Users/admin/Downloads/CALVIS/CALVIS/dataset/cmu\synthetic_images\200x200\female\subject_mesh_0092.png,calvis
F_subject_mesh_0093,F,90.0,77.3,97.0,C:/Users/admin/Downloads/CALVIS/CALVIS/dataset/cmu\synthetic_images\200x200\female\subject_mesh_0093.png,calvis
F_subject_mesh_0094,F,97.5,84.3,101.6,C:/Users/admin/Downloads/CALVIS/CALVIS/dataset/cmu\synthetic_images\200x200\female\subject_mesh_0094.png,calvis
F_subject_mesh_0095,F,105.1,88.1,98.9,C:/Users/admin/Downloads/CALVIS/CALVIS/dataset/cmu\synthetic_images\200x200\female\subject_mesh_0095.png,calvis
F_subject_mesh_0096,F,90.2,77.3,105.0,C:/Users/admin/Downloads/CALVIS/CALVIS/dataset/cmu\synthetic_images\200x200\female\subject_mesh_0096.png,calvis
F_subject_mesh_0097,F,95.0,79.5,101.8,C:/Users/admin/Downloads/CALVIS/CALVIS/dataset/cmu\synthetic_images\200x200\female\subject_mesh_0097.png,calvis
F_subject_mesh_0098,F,114.9,100.3,115.3,C:/Users/admin/Downloads/CALVIS/CALVIS/dataset/cmu\synthetic_images\200x200\female\subject_mesh_0098.png,calvis
F_subject_mesh_0099,F,96.6,83.3,101.9,C:/Users/admin/Downloads/CALVIS/CALVIS/dataset/cmu\synthetic_images\200x200\female\subject_mesh_0099.png,calvis
F_subject_mesh_0100,F,96.5,84.1,112.6,C:/Users/admin/Downloads/CALVIS/CALVIS/dataset/cmu\synthetic_images\200x200\female\subject_mesh_0100.png,calvis
F_subject_mesh_0101,F,100.7,88.7,107.4,C:/Users/admin/Downloads/CALVIS/CALVIS/dataset/cmu\synthetic_images\200x200\female\subject_mesh_0101.png,calvis
F_subject_mesh_0102,F,92.0,79.5,102.5,C:/Users/admin/Downloads/CALVIS/CALVIS/dataset/cmu\synthetic_images\200x200\female\subject_mesh_0102.png,calvis
F_subject_mesh_0103,F,101.7,89.7,108.9,C:/Users/admin/Downloads/CALVIS/CALVIS/dataset/cmu\synthetic_images\200x200\female\subject_mesh_0103.png,calvis
F_subject_mesh_0104,F,114.6,96.3,109.9,C:/Users/admin/Downloads/CALVIS/CALVIS/dataset/cmu\synthetic_images\200x200\female\subject_mesh_0104.png,calvis
F_subject_mesh_0105,F,104.3,93.4,117.0,C:/Users/admin/Downloads/CALVIS/CALVIS/dataset/cmu\synthetic_images\200x200\female\subject_mesh_0105.png,calvis
F_subject_mesh_0106,F,115.4,99.8,114.3,C:/Users/admin/Downloads/CALVIS/CALVIS/dataset/cmu\synthetic_images\200x200\female\subject_mesh_0106.png,calvis
F_subject_mesh_0107,F,101.1,87.4,111.8,C:/Users/admin/Downloads/CALVIS/CALVIS/dataset/cmu\synthetic_images\200x200\female\subject_mesh_0107.png,calvis
F_subject_mesh_0108,F,91.0,76.3,98.7,C:/Users/admin/Downloads/CALVIS/CALVIS/dataset/cmu\synthetic_images\200x200\female\subject_mesh_0108.png,calvis
F_subject_mesh_0109,F,92.0,77.7,102.0,C:/Users/admin/Downloads/CALVIS/CALVIS/dataset/cmu\synthetic_images\200x200\female\subject_mesh_0109.png,calvis
F_subject_mesh_0110,F,94.3,81.0,107.2,C:/Users/admin/Downloads/CALVIS/CALVIS/dataset/cmu\synthetic_images\200x200\female\subject_mesh_0110.png,calvis
F_subject_mesh_0111,F,98.7,85.1,106.9,C:/Users/admin/Downloads/CALVIS/CALVIS/dataset/cmu\synthetic_images\200x200\female\subject_mesh_0111.png,calvis
F_subject_mesh_0112,F,100.0,85.9,104.0,C:/Users/admin/Downloads/CALVIS/CALVIS/dataset/cmu\synthetic_images\200x200\female\subject_mesh_0112.png,calvis
F_subject_mesh_0113,F,98.9,86.4,109.3,C:/Users/admin/Downloads/CALVIS/CALVIS/dataset/cmu\synthetic_images\200x200\female\subject_mesh_0113.png,calvis
F_subject_mesh_0114,F,101.4,87.6,102.9,C:/Users/admin/Downloads/CALVIS/CALVIS/dataset/cmu\synthetic_images\200x200\female\subject_mesh_0114.png,calvis
F_subject_mesh_0115,F,96.2,82.6,104.3,C:/Users/admin/Downloads/CALVIS/CALVIS/dataset/cmu\synthetic_images\200x200\female\subject_mesh_0115.png,calvis
F_subject_mesh_0116,F,99.0,85.7,104.9,C:/Users/admin/Downloads/CALVIS/CALVIS/dataset/cmu\synthetic_images\200x200\female\subject_mesh_0116.png,calvis
F_subject_mesh_0117,F,92.7,77.8,92.1,C:/Users/admin/Downloads/CALVIS/CALVIS/dataset/cmu\synthetic_images\200x200\female\subject_mesh_0117.png,calvis
F_subject_mesh_0118,F,102.8,93.1,113.3,C:/Users/admin/Downloads/CALVIS/CALVIS/dataset/cmu\synthetic_images\200x200\female\subject_mesh_0118.png,calvis
F_subject_mesh_0119,F,94.2,82.0,103.0,C:/Users/admin/Downloads/CALVIS/CALVIS/dataset/cmu\synthetic_images\200x200\female\subject_mesh_0119.png,calvis
F_subject_mesh_0120,F,96.4,83.0,109.2,C:/Users/admin/Downloads/CALVIS/CALVIS/dataset/cmu\synthetic_images\200x200\female\subject_mesh_0120.png,calvis
F_subject_mesh_0121,F,96.5,82.6,99.1,C:/Users/admin/Downloads/CALVIS/CALVIS/dataset/cmu\synthetic_images\200x200\female\subject_mesh_0121.png,calvis
F_subject_mesh_0122,F,104.1,93.2,109.7,C:/Users/admin/Downloads/CALVIS/CALVIS/dataset/cmu\synthetic_images\200x200\female\subject_mesh_0122.png,calvis
F_subject_mesh_0123,F,110.9,98.7,115.8,C:/Users/admin/Downloads/CALVIS/CALVIS/dataset/cmu\synthetic_images\200x200\female\subject_mesh_0123.png,calvis
F_subject_mesh_0124,F,92.9,78.6,97.8,C:/Users/admin/Downloads/CALVIS/CALVIS/dataset/cmu\synthetic_images\200x200\female\subject_mesh_0124.png,calvis
F_subject_mesh_0125,F,116.5,99.4,106.1,C:/Users/admin/Downloads/CALVIS/CALVIS/dataset/cmu\synthetic_images\200x200\female\subject_mesh_0125.png,calvis
F_subject_mesh_0126,F,90.0,78.3,106.1,C:/Users/admin/Downloads/CALVIS/CALVIS/dataset/cmu\synthetic_images\200x200\female\subject_mesh_0126.png,calvis
F_subject_mesh_0127,F,86.6,70.8,90.9,C:/Users/admin/Downloads/CALVIS/CALVIS/dataset/cmu\synthetic_images\200x200\female\subject_mesh_0127.png,calvis
F_subject_mesh_0128,F,84.1,69.5,91.5,C:/Users/admin/Downloads/CALVIS/CALVIS/dataset/cmu\synthetic_images\200x200\female\subject_mesh_0128.png,calvis
F_subject_mesh_0129,F,88.8,72.9,97.7,C:/Users/admin/Downloads/CALVIS/CALVIS/dataset/cmu\synthetic_images\200x200\female\subject_mesh_0129.png,calvis
F_subject_mesh_0130,F,87.7,72.8,94.6,C:/Users/admin/Downloads/CALVIS/CALVIS/dataset/cmu\synthetic_images\200x200\female\subject_mesh_0130.png,calvis
F_subject_mesh_0131,F,100.8,84.6,98.1,C:/Users/admin/Downloads/CALVIS/CALVIS/dataset/cmu\synthetic_images\200x200\female\subject_mesh_0131.png,calvis
F_subject_mesh_0132,F,99.0,86.5,105.2,C:/Users/admin/Downloads/CALVIS/CALVIS/dataset/cmu\synthetic_images\200x200\female\subject_mesh_0132.png,calvis
F_subject_mesh_0133,F,102.4,83.7,98.6,C:/Users/admin/Downloads/CALVIS/CALVIS/dataset/cmu\synthetic_images\200x200\female\subject_mesh_0133.png,calvis
F_subject_mesh_0134,F,88.3,73.4,95.9,C:/Users/admin/Downloads/CALVIS/CALVIS/dataset/cmu\synthetic_images\200x200\female\subject_mesh_0134.png,calvis
F_subject_mesh_0135,F,123.6,109.4,123.5,C:/Users/admin/Downloads/CALVIS/CALVIS/dataset/cmu\synthetic_images\200x200\female\subject_mesh_0135.png,calvis
F_subject_mesh_0136,F,114.6,98.2,110.3,C:/Users/admin/Downloads/CALVIS/CALVIS/dataset/cmu\synthetic_images\200x200\female\subject_mesh_0136.png,calvis
F_subject_mesh_0137,F,91.5,76.2,101.0,C:/Users/admin/Downloads/CALVIS/CALVIS/dataset/cmu\synthetic_images\200x200\female\subject_mesh_0137.png,calvis
F_subject_mesh_0138,F,90.8,78.6,105.3,C:/Users/admin/Downloads/CALVIS/CALVIS/dataset/cmu\synthetic_images\200x200\female\subject_mesh_0138.png,calvis
F_subject_mesh_0139,F,89.9,77.2,102.9,C:/Users/admin/Downloads/CALVIS/CALVIS/dataset/cmu\synthetic_images\200x200\female\subject_mesh_0139.png,calvis
F_subject_mesh_0140,F,110.4,98.2,114.3,C:/Users/admin/Downloads/CALVIS/CALVIS/dataset/cmu\synthetic_images\200x200\female\subject_mesh_0140.png,calvis
F_subject_mesh_0141,F,122.5,113.5,131.1,C:/Users/admin/Downloads/CALVIS/CALVIS/dataset/cmu\synthetic_images\200x200\female\subject_mesh_0141.png,calvis
F_subject_mesh_0142,F,93.0,79.2,102.6,C:/Users/admin/Downloads/CALVIS/CALVIS/dataset/cmu\synthetic_images\200x200\female\subject_mesh_0142.png,calvis
F_subject_mesh_0143,F,88.3,76.5,104.6,C:/Users/admin/Downloads/CALVIS/CALVIS/dataset/cmu\synthetic_images\200x200\female\subject_mesh_0143.png,calvis
F_subject_mesh_0144,F,91.2,76.7,97.6,C:/Users/admin/Downloads/CALVIS/CALVIS/dataset/cmu\synthetic_images\200x200\female\subject_mesh_0144.png,calvis
F_subject_mesh_0145,F,99.1,86.4,103.8,C:/Users/admin/Downloads/CALVIS/CALVIS/dataset/cmu\synthetic_images\200x200\female\subject_mesh_0145.png,calvis
F_subject_mesh_0146,F,97.7,83.8,105.8,C:/Users/admin/Downloads/CALVIS/CALVIS/dataset/cmu\synthetic_images\200x200\female\subject_mesh_0146.png,calvis
F_subject_mesh_0147,F,138.2,127.1,145.2,C:/Users/admin/Downloads/CALVIS/CALVIS/dataset/cmu\synthetic_images\200x200\female\subject_mesh_0147.png,calvis
F_subject_mesh_0148,F,93.8,80.5,103.4,C:/Users/admin/Downloads/CALVIS/CALVIS/dataset/cmu\synthetic_images\200x200\female\subject_mesh_0148.png,calvis
F_subject_mesh_0149,F,92.4,80.4,109.8,C:/Users/admin/Downloads/CALVIS/CALVIS/dataset/cmu\synthetic_images\200x200\female\subject_mesh_0149.png,calvis
F_subject_mesh_0150,F,93.9,79.9,101.5,C:/Users/admin/Downloads/CALVIS/CALVIS/dataset/cmu\synthetic_images\200x200\female\subject_mesh_0150.png,calvis
F_subject_mesh_0151,F,92.5,75.9,95.5,C:/Users/admin/Downloads/CALVIS/CALVIS/dataset/cmu\synthetic_images\200x200\female\subject_mesh_0151.png,calvis
F_subject_mesh_0152,F,90.4,75.9,98.3,C:/Users/admin/Downloads/CALVIS/CALVIS/dataset/cmu\synthetic_images\200x200\female\subject_mesh_0152.png,calvis
F_subject_mesh_0153,F,83.6,70.3,96.2,C:/Users/admin/Downloads/CALVIS/CALVIS/dataset/cmu\synthetic_images\200x200\female\subject_mesh_0153.png,calvis
F_subject_mesh_0154,F,93.1,80.9,101.8,C:/Users/admin/Downloads/CALVIS/CALVIS/dataset/cmu\synthetic_images\200x200\female\subject_mesh_0154.png,calvis
F_subject_mesh_0155,F,102.5,88.5,109.9,C:/Users/admin/Downloads/CALVIS/CALVIS/dataset/cmu\synthetic_images\200x200\female\subject_mesh_0155.png,calvis
F_subject_mesh_0156,F,91.8,79.2,105.3,C:/Users/admin/Downloads/CALVIS/CALVIS/dataset/cmu\synthetic_images\200x200\female\subject_mesh_0156.png,calvis
F_subject_mesh_0157,F,89.3,77.6,104.6,C:/Users/admin/Downloads/CALVIS/CALVIS/dataset/cmu\synthetic_images\200x200\female\subject_mesh_0157.png,calvis
F_subject_mesh_0158,F,104.8,91.8,115.1,C:/Users/admin/Downloads/CALVIS/CALVIS/dataset/cmu\synthetic_images\200x200\female\subject_mesh_0158.png,calvis
F_subject_mesh_0159,F,94.7,84.3,110.7,C:/Users/admin/Downloads/CALVIS/CALVIS/dataset/cmu\synthetic_images\200x200\female\subject_mesh_0159.png,calvis
F_subject_mesh_0160,F,95.2,82.9,103.3,C:/Users/admin/Downloads/CALVIS/CALVIS/dataset/cmu\synthetic_images\200x200\female\subject_mesh_0160.png,calvis
F_subject_mesh_0161,F,137.4,121.4,136.6,C:/Users/admin/Downloads/CALVIS/CALVIS/dataset/cmu\synthetic_images\200x200\female\subject_mesh_0161.png,calvis
F_subject_mesh_0162,F,108.4,93.7,109.9,C:/Users/admin/Downloads/CALVIS/CALVIS/dataset/cmu\synthetic_images\200x200\female\subject_mesh_0162.png,calvis
F_subject_mesh_0163,F,110.4,96.6,115.1,C:/Users/admin/Downloads/CALVIS/CALVIS/dataset/cmu\synthetic_images\200x200\female\subject_mesh_0163.png,calvis
F_subject_mesh_0164,F,94.9,82.5,105.6,C:/Users/admin/Downloads/CALVIS/CALVIS/dataset/cmu\synthetic_images\200x200\female\subject_mesh_0164.png,calvis
F_subject_mesh_0165,F,87.1,72.8,98.1,C:/Users/admin/Downloads/CALVIS/CALVIS/dataset/cmu\synthetic_images\200x200\female\subject_mesh_0165.png,calvis
F_subject_mesh_0166,F,94.3,81.8,109.3,C:/Users/admin/Downloads/CALVIS/CALVIS/dataset/cmu\synthetic_images\200x200\female\subject_mesh_0166.png,calvis
F_subject_mesh_0167,F,90.9,75.9,99.8,C:/Users/admin/Downloads/CALVIS/CALVIS/dataset/cmu\synthetic_images\200x200\female\subject_mesh_0167.png,calvis
F_subject_mesh_0168,F,107.2,93.0,106.7,C:/Users/admin/Downloads/CALVIS/CALVIS/dataset/cmu\synthetic_images\200x200\female\subject_mesh_0168.png,calvis
F_subject_mesh_0169,F,122.4,112.5,130.4,C:/Users/admin/Downloads/CALVIS/CALVIS/dataset/cmu\synthetic_images\200x200\female\subject_mesh_0169.png,calvis
F_subject_mesh_0170,F,86.7,71.6,96.7,C:/Users/admin/Downloads/CALVIS/CALVIS/dataset/cmu\synthetic_images\200x200\female\subject_mesh_0170.png,calvis
F_subject_mesh_0171,F,101.0,86.9,102.2,C:/Users/admin/Downloads/CALVIS/CALVIS/dataset/cmu\synthetic_images\200x200\female\subject_mesh_0171.png,calvis
F_subject_mesh_0172,F,117.0,105.2,122.3,C:/Users/admin/Downloads/CALVIS/CALVIS/dataset/cmu\synthetic_images\200x200\female\subject_mesh_0172.png,calvis
F_subject_mesh_0173,F,96.3,84.4,103.6,C:/Users/admin/Downloads/CALVIS/CALVIS/dataset/cmu\synthetic_images\200x200\female\subject_mesh_0173.png,calvis
F_subject_mesh_0174,F,99.9,83.3,95.1,C:/Users/admin/Downloads/CALVIS/CALVIS/dataset/cmu\synthetic_images\200x200\female\subject_mesh_0174.png,calvis
F_subject_mesh_0175,F,107.5,93.3,107.6,C:/Users/admin/Downloads/CALVIS/CALVIS/dataset/cmu\synthetic_images\200x200\female\subject_mesh_0175.png,calvis
F_subject_mesh_0176,F,105.8,91.7,105.0,C:/Users/admin/Downloads/CALVIS/CALVIS/dataset/cmu\synthetic_images\200x200\female\subject_mesh_0176.png,calvis
F_subject_mesh_0177,F,93.0,78.3,98.5,C:/Users/admin/Downloads/CALVIS/CALVIS/dataset/cmu\synthetic_images\200x200\female\subject_mesh_0177.png,calvis
F_subject_mesh_0178,F,103.3,91.5,112.6,C:/Users/admin/Downloads/CALVIS/CALVIS/dataset/cmu\synthetic_images\200x200\female\subject_mesh_0178.png,calvis
F_subject_mesh_0179,F,95.2,83.4,113.6,C:/Users/admin/Downloads/CALVIS/CALVIS/dataset/cmu\synthetic_images\200x200\female\subject_mesh_0179.png,calvis
F_subject_mesh_0180,F,95.9,81.3,96.6,C:/Users/admin/Downloads/CALVIS/CALVIS/dataset/cmu\synthetic_images\200x200\female\subject_mesh_0180.png,calvis
F_subject_mesh_0181,F,109.9,94.6,108.7,C:/Users/admin/Downloads/CALVIS/CALVIS/dataset/cmu\synthetic_images\200x200\female\subject_mesh_0181.png,calvis
F_subject_mesh_0182,F,106.3,95.2,118.1,C:/Users/admin/Downloads/CALVIS/CALVIS/dataset/cmu\synthetic_images\200x200\female\subject_mesh_0182.png,calvis
F_subject_mesh_0183,F,90.0,73.5,97.7,C:/Users/admin/Downloads/CALVIS/CALVIS/dataset/cmu\synthetic_images\200x200\female\subject_mesh_0183.png,calvis
F_subject_mesh_0184,F,102.6,87.7,110.1,C:/Users/admin/Downloads/CALVIS/CALVIS/dataset/cmu\synthetic_images\200x200\female\subject_mesh_0184.png,calvis
F_subject_mesh_0185,F,89.9,77.1,99.8,C:/Users/admin/Downloads/CALVIS/CALVIS/dataset/cmu\synthetic_images\200x200\female\subject_mesh_0185.png,calvis
F_subject_mesh_0186,F,93.8,77.9,93.6,C:/Users/admin/Downloads/CALVIS/CALVIS/dataset/cmu\synthetic_images\200x200\female\subject_mesh_0186.png,calvis
F_subject_mesh_0187,F,97.4,82.5,104.7,C:/Users/admin/Downloads/CALVIS/CALVIS/dataset/cmu\synthetic_images\200x200\female\subject_mesh_0187.png,calvis
F_subject_mesh_0188,F,81.2,65.7,92.2,C:/Users/admin/Downloads/CALVIS/CALVIS/dataset/cmu\synthetic_images\200x200\female\subject_mesh_0188.png,calvis
F_subject_mesh_0189,F,100.8,89.9,112.4,C:/Users/admin/Downloads/CALVIS/CALVIS/dataset/cmu\synthetic_images\200x200\female\subject_mesh_0189.png,calvis
F_subject_mesh_0190,F,87.4,73.1,97.7,C:/Users/admin/Downloads/CALVIS/CALVIS/dataset/cmu\synthetic_images\200x200\female\subject_mesh_0190.png,calvis
F_subject_mesh_0191,F,91.0,76.2,96.7,C:/Users/admin/Downloads/CALVIS/CALVIS/dataset/cmu\synthetic_images\200x200\female\subject_mesh_0191.png,calvis
F_subject_mesh_0192,F,91.0,76.4,95.8,C:/Users/admin/Downloads/CALVIS/CALVIS/dataset/cmu\synthetic_images\200x200\female\subject_mesh_0192.png,calvis
F_subject_mesh_0193,F,100.1,87.8,101.4,C:/Users/admin/Downloads/CALVIS/CALVIS/dataset/cmu\synthetic_images\200x200\female\subject_mesh_0193.png,calvis
F_subject_mesh_0194,F,107.3,91.0,112.4,C:/Users/admin/Downloads/CALVIS/CALVIS/dataset/cmu\synthetic_images\200x200\female\subject_mesh_0194.png,calvis
F_subject_mesh_0195,F,100.7,86.6,109.5,C:/Users/admin/Downloads/CALVIS/CALVIS/dataset/cmu\synthetic_images\200x200\female\subject_mesh_0195.png,calvis
F_subject_mesh_0196,F,105.6,94.2,119.9,C:/Users/admin/Downloads/CALVIS/CALVIS/dataset/cmu\synthetic_images\200x200\female\subject_mesh_0196.png,calvis
F_subject_mesh_0197,F,106.2,90.2,104.6,C:/Users/admin/Downloads/CALVIS/CALVIS/dataset/cmu\synthetic_images\200x200\female\subject_mesh_0197.png,calvis
F_subject_mesh_0198,F,90.0,78.1,99.1,C:/Users/admin/Downloads/CALVIS/CALVIS/dataset/cmu\synthetic_images\200x200\female\subject_mesh_0198.png,calvis
F_subject_mesh_0199,F,91.8,74.9,97.7,C:/Users/admin/Downloads/CALVIS/CALVIS/dataset/cmu\synthetic_images\200x200\female\subject_mesh_0199.png,calvis
F_subject_mesh_0200,F,99.6,87.2,107.7,C:/Users/admin/Downloads/CALVIS/CALVIS/dataset/cmu\synthetic_images\200x200\female\subject_mesh_0200.png,calvis
F_subject_mesh_0201,F,91.1,75.3,99.2,C:/Users/admin/Downloads/CALVIS/CALVIS/dataset/cmu\synthetic_images\200x200\female\subject_mesh_0201.png,calvis
F_subject_mesh_0202,F,124.4,109.3,119.3,C:/Users/admin/Downloads/CALVIS/CALVIS/dataset/cmu\synthetic_images\200x200\female\subject_mesh_0202.png,calvis
F_subject_mesh_0203,F,99.5,87.5,105.2,C:/Users/admin/Downloads/CALVIS/CALVIS/dataset/cmu\synthetic_images\200x200\female\subject_mesh_0203.png,calvis
F_subject_mesh_0204,F,85.1,70.7,92.4,C:/Users/admin/Downloads/CALVIS/CALVIS/dataset/cmu\synthetic_images\200x200\female\subject_mesh_0204.png,calvis
F_subject_mesh_0205,F,104.0,92.3,111.3,C:/Users/admin/Downloads/CALVIS/CALVIS/dataset/cmu\synthetic_images\200x200\female\subject_mesh_0205.png,calvis
F_subject_mesh_0206,F,110.5,98.5,114.9,C:/Users/admin/Downloads/CALVIS/CALVIS/dataset/cmu\synthetic_images\200x200\female\subject_mesh_0206.png,calvis
F_subject_mesh_0207,F,98.1,85.3,107.5,C:/Users/admin/Downloads/CALVIS/CALVIS/dataset/cmu\synthetic_images\200x200\female\subject_mesh_0207.png,calvis
F_subject_mesh_0208,F,88.2,72.1,94.9,C:/Users/admin/Downloads/CALVIS/CALVIS/dataset/cmu\synthetic_images\200x200\female\subject_mesh_0208.png,calvis
F_subject_mesh_0209,F,92.5,78.4,102.4,C:/Users/admin/Downloads/CALVIS/CALVIS/dataset/cmu\synthetic_images\200x200\female\subject_mesh_0209.png,calvis
F_subject_mesh_0210,F,93.8,81.8,108.2,C:/Users/admin/Downloads/CALVIS/CALVIS/dataset/cmu\synthetic_images\200x200\female\subject_mesh_0210.png,calvis
F_subject_mesh_0211,F,96.4,80.9,103.1,C:/Users/admin/Downloads/CALVIS/CALVIS/dataset/cmu\synthetic_images\200x200\female\subject_mesh_0211.png,calvis
F_subject_mesh_0212,F,100.6,88.6,110.3,C:/Users/admin/Downloads/CALVIS/CALVIS/dataset/cmu\synthetic_images\200x200\female\subject_mesh_0212.png,calvis
F_subject_mesh_0213,F,145.8,136.2,155.0,C:/Users/admin/Downloads/CALVIS/CALVIS/dataset/cmu\synthetic_images\200x200\female\subject_mesh_0213.png,calvis
F_subject_mesh_0214,F,96.5,81.8,103.8,C:/Users/admin/Downloads/CALVIS/CALVIS/dataset/cmu\synthetic_images\200x200\female\subject_mesh_0214.png,calvis
F_subject_mesh_0215,F,96.4,83.7,105.6,C:/Users/admin/Downloads/CALVIS/CALVIS/dataset/cmu\synthetic_images\200x200\female\subject_mesh_0215.png,calvis
F_subject_mesh_0216,F,90.8,76.7,101.6,C:/Users/admin/Downloads/CALVIS/CALVIS/dataset/cmu\synthetic_images\200x200\female\subject_mesh_0216.png,calvis
F_subject_mesh_0217,F,94.8,81.3,108.6,C:/Users/admin/Downloads/CALVIS/CALVIS/dataset/cmu\synthetic_images\200x200\female\subject_mesh_0217.png,calvis
F_subject_mesh_0218,F,97.4,87.6,107.6,C:/Users/admin/Downloads/CALVIS/CALVIS/dataset/cmu\synthetic_images\200x200\female\subject_mesh_0218.png,calvis
F_subject_mesh_0219,F,85.4,71.8,94.0,C:/Users/admin/Downloads/CALVIS/CALVIS/dataset/cmu\synthetic_images\200x200\female\subject_mesh_0219.png,calvis
F_subject_mesh_0220,F,101.5,87.3,104.9,C:/Users/admin/Downloads/CALVIS/CALVIS/dataset/cmu\synthetic_images\200x200\female\subject_mesh_0220.png,calvis
F_subject_mesh_0221,F,85.5,71.1,97.0,C:/Users/admin/Downloads/CALVIS/CALVIS/dataset/cmu\synthetic_images\200x200\female\subject_mesh_0221.png,calvis
F_subject_mesh_0222,F,100.9,86.1,103.7,C:/Users/admin/Downloads/CALVIS/CALVIS/dataset/cmu\synthetic_images\200x200\female\subject_mesh_0222.png,calvis
F_subject_mesh_0223,F,88.2,73.1,98.9,C:/Users/admin/Downloads/CALVIS/CALVIS/dataset/cmu\synthetic_images\200x200\female\subject_mesh_0223.png,calvis
F_subject_mesh_0224,F,96.3,85.2,112.5,C:/Users/admin/Downloads/CALVIS/CALVIS/dataset/cmu\synthetic_images\200x200\female\subject_mesh_0224.png,calvis
F_subject_mesh_0225,F,95.2,82.2,108.2,C:/Users/admin/Downloads/CALVIS/CALVIS/dataset/cmu\synthetic_images\200x200\female\subject_mesh_0225.png,calvis
F_subject_mesh_0226,F,111.1,95.9,110.1,C:/Users/admin/Downloads/CALVIS/CALVIS/dataset/cmu\synthetic_images\200x200\female\subject_mesh_0226.png,calvis
F_subject_mesh_0227,F,110.3,97.3,112.9,C:/Users/admin/Downloads/CALVIS/CALVIS/dataset/cmu\synthetic_images\200x200\female\subject_mesh_0227.png,calvis
F_subject_mesh_0228,F,92.9,83.5,111.2,C:/Users/admin/Downloads/CALVIS/CALVIS/dataset/cmu\synthetic_images\200x200\female\subject_mesh_0228.png,calvis
F_subject_mesh_0229,F,94.9,80.5,96.8,C:/Users/admin/Downloads/CALVIS/CALVIS/dataset/cmu\synthetic_images\200x200\female\subject_mesh_0229.png,calvis
F_subject_mesh_0230,F,92.8,82.3,108.5,C:/Users/admin/Downloads/CALVIS/CALVIS/dataset/cmu\synthetic_images\200x200\female\subject_mesh_0230.png,calvis
F_subject_mesh_0231,F,128.6,112.9,124.2,C:/Users/admin/Downloads/CALVIS/CALVIS/dataset/cmu\synthetic_images\200x200\female\subject_mesh_0231.png,calvis
F_subject_mesh_0232,F,89.3,76.6,102.3,C:/Users/admin/Downloads/CALVIS/CALVIS/dataset/cmu\synthetic_images\200x200\female\subject_mesh_0232.png,calvis
F_subject_mesh_0233,F,94.1,78.5,100.2,C:/Users/admin/Downloads/CALVIS/CALVIS/dataset/cmu\synthetic_images\200x200\female\subject_mesh_0233.png,calvis
F_subject_mesh_0234,F,92.3,81.1,106.5,C:/Users/admin/Downloads/CALVIS/CALVIS/dataset/cmu\synthetic_images\200x200\female\subject_mesh_0234.png,calvis
F_subject_mesh_0235,F,96.9,84.1,104.6,C:/Users/admin/Downloads/CALVIS/CALVIS/dataset/cmu\synthetic_images\200x200\female\subject_mesh_0235.png,calvis
F_subject_mesh_0236,F,95.5,81.9,102.4,C:/Users/admin/Downloads/CALVIS/CALVIS/dataset/cmu\synthetic_images\200x200\female\subject_mesh_0236.png,calvis
F_subject_mesh_0237,F,99.7,83.9,100.4,C:/Users/admin/Downloads/CALVIS/CALVIS/dataset/cmu\synthetic_images\200x200\female\subject_mesh_0237.png,calvis
F_subject_mesh_0238,F,103.3,90.3,109.2,C:/Users/admin/Downloads/CALVIS/CALVIS/dataset/cmu\synthetic_images\200x200\female\subject_mesh_0238.png,calvis
F_subject_mesh_0239,F,116.3,99.8,112.8,C:/Users/admin/Downloads/CALVIS/CALVIS/dataset/cmu\synthetic_images\200x200\female\subject_mesh_0239.png,calvis
F_subject_mesh_0240,F,124.8,107.7,120.2,C:/Users/admin/Downloads/CALVIS/CALVIS/dataset/cmu\synthetic_images\200x200\female\subject_mesh_0240.png,calvis
F_subject_mesh_0241,F,94.0,79.2,105.0,C:/Users/admin/Downloads/CALVIS/CALVIS/dataset/cmu\synthetic_images\200x200\female\subject_mesh_0241.png,calvis
F_subject_mesh_0242,F,106.8,92.9,107.2,C:/Users/admin/Downloads/CALVIS/CALVIS/dataset/cmu\synthetic_images\200x200\female\subject_mesh_0242.png,calvis
F_subject_mesh_0243,F,91.5,78.4,102.4,C:/Users/admin/Downloads/CALVIS/CALVIS/dataset/cmu\synthetic_images\200x200\female\subject_mesh_0243.png,calvis
F_subject_mesh_0244,F,93.9,80.0,100.6,C:/Users/admin/Downloads/CALVIS/CALVIS/dataset/cmu\synthetic_images\200x200\female\subject_mesh_0244.png,calvis
F_subject_mesh_0245,F,89.6,76.4,100.3,C:/Users/admin/Downloads/CALVIS/CALVIS/dataset/cmu\synthetic_images\200x200\female\subject_mesh_0245.png,calvis
F_subject_mesh_0246,F,85.4,68.0,93.8,C:/Users/admin/Downloads/CALVIS/CALVIS/dataset/cmu\synthetic_images\200x200\female\subject_mesh_0246.png,calvis
F_subject_mesh_0247,F,108.0,98.9,117.7,C:/Users/admin/Downloads/CALVIS/CALVIS/dataset/cmu\synthetic_images\200x200\female\subject_mesh_0247.png,calvis
F_subject_mesh_0248,F,91.3,80.0,101.1,C:/Users/admin/Downloads/CALVIS/CALVIS/dataset/cmu\synthetic_images\200x200\female\subject_mesh_0248.png,calvis
F_subject_mesh_0249,F,98.4,84.6,109.1,C:/Users/admin/Downloads/CALVIS/CALVIS/dataset/cmu\synthetic_images\200x200\female\subject_mesh_0249.png,calvis
F_subject_mesh_0250,F,85.6,73.0,101.3,C:/Users/admin/Downloads/CALVIS/CALVIS/dataset/cmu\synthetic_images\200x200\female\subject_mesh_0250.png,calvis
F_subject_mesh_0251,F,116.2,106.2,131.0,C:/Users/admin/Downloads/CALVIS/CALVIS/dataset/cmu\synthetic_images\200x200\female\subject_mesh_0251.png,calvis
F_subject_mesh_0252,F,87.3,71.7,95.5,C:/Users/admin/Downloads/CALVIS/CALVIS/dataset/cmu\synthetic_images\200x200\female\subject_mesh_0252.png,calvis
F_subject_mesh_0253,F,121.3,108.8,126.0,C:/Users/admin/Downloads/CALVIS/CALVIS/dataset/cmu\synthetic_images\200x200\female\subject_mesh_0253.png,calvis
F_subject_mesh_0254,F,116.6,106.7,127.2,C:/Users/admin/Downloads/CALVIS/CALVIS/dataset/cmu\synthetic_images\200x200\female\subject_mesh_0254.png,calvis
F_subject_mesh_0255,F,95.8,81.9,103.2,C:/Users/admin/Downloads/CALVIS/CALVIS/dataset/cmu\synthetic_images\200x200\female\subject_mesh_0255.png,calvis
F_subject_mesh_0256,F,89.6,74.3,97.0,C:/Users/admin/Downloads/CALVIS/CALVIS/dataset/cmu\synthetic_images\200x200\female\subject_mesh_0256.png,calvis
F_subject_mesh_0257,F,102.4,90.4,113.5,C:/Users/admin/Downloads/CALVIS/CALVIS/dataset/cmu\synthetic_images\200x200\female\subject_mesh_0257.png,calvis
F_subject_mesh_0258,F,103.4,90.3,108.4,C:/Users/admin/Downloads/CALVIS/CALVIS/dataset/cmu\synthetic_images\200x200\female\subject_mesh_0258.png,calvis
F_subject_mesh_0259,F,88.2,73.9,98.5,C:/Users/admin/Downloads/CALVIS/CALVIS/dataset/cmu\synthetic_images\200x200\female\subject_mesh_0259.png,calvis
F_subject_mesh_0260,F,134.6,125.5,129.7,C:/Users/admin/Downloads/CALVIS/CALVIS/dataset/cmu\synthetic_images\200x200\female\subject_mesh_0260.png,calvis
F_subject_mesh_0261,F,84.1,70.6,96.2,C:/Users/admin/Downloads/CALVIS/CALVIS/dataset/cmu\synthetic_images\200x200\female\subject_mesh_0261.png,calvis
F_subject_mesh_0262,F,91.2,77.5,100.7,C:/Users/admin/Downloads/CALVIS/CALVIS/dataset/cmu\synthetic_images\200x200\female\subject_mesh_0262.png,calvis
F_subject_mesh_0263,F,93.7,77.1,100.4,C:/Users/admin/Downloads/CALVIS/CALVIS/dataset/cmu\synthetic_images\200x200\female\subject_mesh_0263.png,calvis
F_subject_mesh_0264,F,91.8,76.1,90.3,C:/Users/admin/Downloads/CALVIS/CALVIS/dataset/cmu\synthetic_images\200x200\female\subject_mesh_0264.png,calvis
F_subject_mesh_0265,F,98.4,83.9,106.6,C:/Users/admin/Downloads/CALVIS/CALVIS/dataset/cmu\synthetic_images\200x200\female\subject_mesh_0265.png,calvis
F_subject_mesh_0266,F,98.9,85.7,105.3,C:/Users/admin/Downloads/CALVIS/CALVIS/dataset/cmu\synthetic_images\200x200\female\subject_mesh_0266.png,calvis
F_subject_mesh_0267,F,109.7,97.4,108.8,C:/Users/admin/Downloads/CALVIS/CALVIS/dataset/cmu\synthetic_images\200x200\female\subject_mesh_0267.png,calvis
F_subject_mesh_0268,F,94.0,80.8,103.9,C:/Users/admin/Downloads/CALVIS/CALVIS/dataset/cmu\synthetic_images\200x200\female\subject_mesh_0268.png,calvis
F_subject_mesh_0269,F,89.9,75.6,98.2,C:/Users/admin/Downloads/CALVIS/CALVIS/dataset/cmu\synthetic_images\200x200\female\subject_mesh_0269.png,calvis
F_subject_mesh_0270,F,108.3,93.0,105.5,C:/Users/admin/Downloads/CALVIS/CALVIS/dataset/cmu\synthetic_images\200x200\female\subject_mesh_0270.png,calvis
F_subject_mesh_0271,F,118.7,108.1,125.4,C:/Users/admin/Downloads/CALVIS/CALVIS/dataset/cmu\synthetic_images\200x200\female\subject_mesh_0271.png,calvis
F_subject_mesh_0272,F,96.8,84.9,99.1,C:/Users/admin/Downloads/CALVIS/CALVIS/dataset/cmu\synthetic_images\200x200\female\subject_mesh_0272.png,calvis
F_subject_mesh_0273,F,121.4,104.9,118.8,C:/Users/admin/Downloads/CALVIS/CALVIS/dataset/cmu\synthetic_images\200x200\female\subject_mesh_0273.png,calvis
F_subject_mesh_0274,F,87.0,73.1,98.0,C:/Users/admin/Downloads/CALVIS/CALVIS/dataset/cmu\synthetic_images\200x200\female\subject_mesh_0274.png,calvis
F_subject_mesh_0275,F,107.8,95.8,112.3,C:/Users/admin/Downloads/CALVIS/CALVIS/dataset/cmu\synthetic_images\200x200\female\subject_mesh_0275.png,calvis
F_subject_mesh_0276,F,84.3,70.1,93.0,C:/Users/admin/Downloads/CALVIS/CALVIS/dataset/cmu\synthetic_images\200x200\female\subject_mesh_0276.png,calvis
F_subject_mesh_0277,F,108.9,93.1,105.2,C:/Users/admin/Downloads/CALVIS/CALVIS/dataset/cmu\synthetic_images\200x200\female\subject_mesh_0277.png,calvis
F_subject_mesh_0278,F,84.9,68.3,93.5,C:/Users/admin/Downloads/CALVIS/CALVIS/dataset/cmu\synthetic_images\200x200\female\subject_mesh_0278.png,calvis
F_subject_mesh_0279,F,102.8,88.9,102.6,C:/Users/admin/Downloads/CALVIS/CALVIS/dataset/cmu\synthetic_images\200x200\female\subject_mesh_0279.png,calvis
F_subject_mesh_0280,F,100.6,90.6,116.8,C:/Users/admin/Downloads/CALVIS/CALVIS/dataset/cmu\synthetic_images\200x200\female\subject_mesh_0280.png,calvis
F_subject_mesh_0281,F,109.7,93.4,107.5,C:/Users/admin/Downloads/CALVIS/CALVIS/dataset/cmu\synthetic_images\200x200\female\subject_mesh_0281.png,calvis
F_subject_mesh_0282,F,99.6,86.9,107.0,C:/Users/admin/Downloads/CALVIS/CALVIS/dataset/cmu\synthetic_images\200x200\female\subject_mesh_0282.png,calvis
F_subject_mesh_0283,F,99.8,89.2,106.6,C:/Users/admin/Downloads/CALVIS/CALVIS/dataset/cmu\synthetic_images\200x200\female\subject_mesh_0283.png,calvis
F_subject_mesh_0284,F,87.9,70.2,95.7,C:/Users/admin/Downloads/CALVIS/CALVIS/dataset/cmu\synthetic_images\200x200\female\subject_mesh_0284.png,calvis
F_subject_mesh_0285,F,100.9,85.4,100.2,C:/Users/admin/Downloads/CALVIS/CALVIS/dataset/cmu\synthetic_images\200x200\female\subject_mesh_0285.png,calvis
F_subject_mesh_0286,F,93.0,83.0,102.7,C:/Users/admin/Downloads/CALVIS/CALVIS/dataset/cmu\synthetic_images\200x200\female\subject_mesh_0286.png,calvis
F_subject_mesh_0287,F,95.7,81.0,102.5,C:/Users/admin/Downloads/CALVIS/CALVIS/dataset/cmu\synthetic_images\200x200\female\subject_mesh_0287.png,calvis
F_subject_mesh_0288,F,93.4,79.0,105.4,C:/Users/admin/Downloads/CALVIS/CALVIS/dataset/cmu\synthetic_images\200x200\female\subject_mesh_0288.png,calvis
F_subject_mesh_0289,F,95.8,82.8,107.2,C:/Users/admin/Downloads/CALVIS/CALVIS/dataset/cmu\synthetic_images\200x200\female\subject_mesh_0289.png,calvis
F_subject_mesh_0290,F,103.9,90.7,107.3,C:/Users/admin/Downloads/CALVIS/CALVIS/dataset/cmu\synthetic_images\200x200\female\subject_mesh_0290.png,calvis
F_subject_mesh_0291,F,93.6,80.5,98.4,C:/Users/admin/Downloads/CALVIS/CALVIS/dataset/cmu\synthetic_images\200x200\female\subject_mesh_0291.png,calvis
F_subject_mesh_0292,F,96.4,79.2,96.9,C:/Users/admin/Downloads/CALVIS/CALVIS/dataset/cmu\synthetic_images\200x200\female\subject_mesh_0292.png,calvis
F_subject_mesh_0293,F,90.5,77.1,98.8,C:/Users/admin/Downloads/CALVIS/CALVIS/dataset/cmu\synthetic_images\200x200\female\subject_mesh_0293.png,calvis
F_subject_mesh_0294,F,110.6,98.2,114.2,C:/Users/admin/Downloads/CALVIS/CALVIS/dataset/cmu\synthetic_images\200x200\female\subject_mesh_0294.png,calvis
F_subject_mesh_0295,F,83.4,71.0,96.5,C:/Users/admin/Downloads/CALVIS/CALVIS/dataset/cmu\synthetic_images\200x200\female\subject_mesh_0295.png,calvis
F_subject_mesh_0296,F,88.9,75.5,96.5,C:/Users/admin/Downloads/CALVIS/CALVIS/dataset/cmu\synthetic_images\200x200\female\subject_mesh_0296.png,calvis
F_subject_mesh_0297,F,93.9,77.5,94.3,C:/Users/admin/Downloads/CALVIS/CALVIS/dataset/cmu\synthetic_images\200x200\female\subject_mesh_0297.png,calvis
F_subject_mesh_0298,F,99.1,86.5,104.0,C:/Users/admin/Downloads/CALVIS/CALVIS/dataset/cmu\synthetic_images\200x200\female\subject_mesh_0298.png,calvis
F_subject_mesh_0299,F,97.3,81.1,94.4,C:/Users/admin/Downloads/CALVIS/CALVIS/dataset/cmu\synthetic_images\200x200\female\subject_mesh_0299.png,calvis
F_subject_mesh_0300,F,104.3,87.1,102.0,C:/Users/admin/Downloads/CALVIS/CALVIS/dataset/cmu\synthetic_images\200x200\female\subject_mesh_0300.png,calvis
F_subject_mesh_0301,F,86.4,74.1,99.3,C:/Users/admin/Downloads/CALVIS/CALVIS/dataset/cmu\synthetic_images\200x200\female\subject_mesh_0301.png,calvis
F_subject_mesh_0302,F,95.1,80.8,105.5,C:/Users/admin/Downloads/CALVIS/CALVIS/dataset/cmu\synthetic_images\200x200\female\subject_mesh_0302.png,calvis
F_subject_mesh_0303,F,95.6,81.5,103.2,C:/Users/admin/Downloads/CALVIS/CALVIS/dataset/cmu\synthetic_images\200x200\female\subject_mesh_0303.png,calvis
F_subject_mesh_0304,F,92.5,82.2,109.0,C:/Users/admin/Downloads/CALVIS/CALVIS/dataset/cmu\synthetic_images\200x200\female\subject_mesh_0304.png,calvis
F_subject_mesh_0305,F,95.0,83.2,112.7,C:/Users/admin/Downloads/CALVIS/CALVIS/dataset/cmu\synthetic_images\200x200\female\subject_mesh_0305.png,calvis
F_subject_mesh_0306,F,98.8,85.5,103.7,C:/Users/admin/Downloads/CALVIS/CALVIS/dataset/cmu\synthetic_images\200x200\female\subject_mesh_0306.png,calvis
F_subject_mesh_0307,F,96.4,82.5,107.7,C:/Users/admin/Downloads/CALVIS/CALVIS/dataset/cmu\synthetic_images\200x200\female\subject_mesh_0307.png,calvis
F_subject_mesh_0308,F,91.8,80.0,105.2,C:/Users/admin/Downloads/CALVIS/CALVIS/dataset/cmu\synthetic_images\200x200\female\subject_mesh_0308.png,calvis
F_subject_mesh_0309,F,90.5,76.4,97.2,C:/Users/admin/Downloads/CALVIS/CALVIS/dataset/cmu\synthetic_images\200x200\female\subject_mesh_0309.png,calvis
F_subject_mesh_0310,F,103.6,90.0,101.6,C:/Users/admin/Downloads/CALVIS/CALVIS/dataset/cmu\synthetic_images\200x200\female\subject_mesh_0310.png,calvis
F_subject_mesh_0311,F,125.2,109.1,123.1,C:/Users/admin/Downloads/CALVIS/CALVIS/dataset/cmu\synthetic_images\200x200\female\subject_mesh_0311.png,calvis
F_subject_mesh_0312,F,99.2,84.0,95.1,C:/Users/admin/Downloads/CALVIS/CALVIS/dataset/cmu\synthetic_images\200x200\female\subject_mesh_0312.png,calvis
F_subject_mesh_0313,F,97.8,85.6,108.6,C:/Users/admin/Downloads/CALVIS/CALVIS/dataset/cmu\synthetic_images\200x200\female\subject_mesh_0313.png,calvis
F_subject_mesh_0314,F,101.9,86.8,101.8,C:/Users/admin/Downloads/CALVIS/CALVIS/dataset/cmu\synthetic_images\200x200\female\subject_mesh_0314.png,calvis
F_subject_mesh_0315,F,89.6,72.1,100.6,C:/Users/admin/Downloads/CALVIS/CALVIS/dataset/cmu\synthetic_images\200x200\female\subject_mesh_0315.png,calvis
F_subject_mesh_0316,F,103.1,90.8,106.5,C:/Users/admin/Downloads/CALVIS/CALVIS/dataset/cmu\synthetic_images\200x200\female\subject_mesh_0316.png,calvis
F_subject_mesh_0317,F,93.0,80.7,101.3,C:/Users/admin/Downloads/CALVIS/CALVIS/dataset/cmu\synthetic_images\200x200\female\subject_mesh_0317.png,calvis
F_subject_mesh_0318,F,94.5,82.3,112.8,C:/Users/admin/Downloads/CALVIS/CALVIS/dataset/cmu\synthetic_images\200x200\female\subject_mesh_0318.png,calvis
F_subject_mesh_0319,F,108.0,95.3,112.7,C:/Users/admin/Downloads/CALVIS/CALVIS/dataset/cmu\synthetic_images\200x200\female\subject_mesh_0319.png,calvis
F_subject_mesh_0320,F,91.2,80.1,103.2,C:/Users/admin/Downloads/CALVIS/CALVIS/dataset/cmu\synthetic_images\200x200\female\subject_mesh_0320.png,calvis
F_subject_mesh_0321,F,98.2,85.5,111.4,C:/Users/admin/Downloads/CALVIS/CALVIS/dataset/cmu\synthetic_images\200x200\female\subject_mesh_0321.png,calvis
F_subject_mesh_0322,F,90.9,76.6,99.4,C:/Users/admin/Downloads/CALVIS/CALVIS/dataset/cmu\synthetic_images\200x200\female\subject_mesh_0322.png,calvis
F_subject_mesh_0323,F,102.4,87.5,104.8,C:/Users/admin/Downloads/CALVIS/CALVIS/dataset/cmu\synthetic_images\200x200\female\subject_mesh_0323.png,calvis
F_subject_mesh_0324,F,98.8,84.1,110.6,C:/Users/admin/Downloads/CALVIS/CALVIS/dataset/cmu\synthetic_images\200x200\female\subject_mesh_0324.png,calvis
F_subject_mesh_0325,F,89.0,75.6,100.0,C:/Users/admin/Downloads/CALVIS/CALVIS/dataset/cmu\synthetic_images\200x200\female\subject_mesh_0325.png,calvis
F_subject_mesh_0326,F,95.3,81.3,102.7,C:/Users/admin/Downloads/CALVIS/CALVIS/dataset/cmu\synthetic_images\200x200\female\subject_mesh_0326.png,calvis
F_subject_mesh_0327,F,103.2,86.1,98.1,C:/Users/admin/Downloads/CALVIS/CALVIS/dataset/cmu\synthetic_images\200x200\female\subject_mesh_0327.png,calvis
F_subject_mesh_0328,F,95.2,81.0,102.2,C:/Users/admin/Downloads/CALVIS/CALVIS/dataset/cmu\synthetic_images\200x200\female\subject_mesh_0328.png,calvis
F_subject_mesh_0329,F,93.5,81.3,102.3,C:/Users/admin/Downloads/CALVIS/CALVIS/dataset/cmu\synthetic_images\200x200\female\subject_mesh_0329.png,calvis
F_subject_mesh_0330,F,105.8,89.8,101.7,C:/Users/admin/Downloads/CALVIS/CALVIS/dataset/cmu\synthetic_images\200x200\female\subject_mesh_0330.png,calvis
F_subject_mesh_0331,F,90.4,75.4,98.1,C:/Users/admin/Downloads/CALVIS/CALVIS/dataset/cmu\synthetic_images\200x200\female\subject_mesh_0331.png,calvis
F_subject_mesh_0332,F,89.1,75.4,92.6,C:/Users/admin/Downloads/CALVIS/CALVIS/dataset/cmu\synthetic_images\200x200\female\subject_mesh_0332.png,calvis
F_subject_mesh_0333,F,102.9,89.8,111.6,C:/Users/admin/Downloads/CALVIS/CALVIS/dataset/cmu\synthetic_images\200x200\female\subject_mesh_0333.png,calvis
F_subject_mesh_0334,F,105.3,90.7,108.8,C:/Users/admin/Downloads/CALVIS/CALVIS/dataset/cmu\synthetic_images\200x200\female\subject_mesh_0334.png,calvis
F_subject_mesh_0335,F,98.9,84.8,104.7,C:/Users/admin/Downloads/CALVIS/CALVIS/dataset/cmu\synthetic_images\200x200\female\subject_mesh_0335.png,calvis
F_subject_mesh_0336,F,98.0,82.5,107.6,C:/Users/admin/Downloads/CALVIS/CALVIS/dataset/cmu\synthetic_images\200x200\female\subject_mesh_0336.png,calvis
F_subject_mesh_0337,F,99.8,86.3,105.1,C:/Users/admin/Downloads/CALVIS/CALVIS/dataset/cmu\synthetic_images\200x200\female\subject_mesh_0337.png,calvis
F_subject_mesh_0338,F,104.9,93.8,114.3,C:/Users/admin/Downloads/CALVIS/CALVIS/dataset/cmu\synthetic_images\200x200\female\subject_mesh_0338.png,calvis
F_subject_mesh_0339,F,98.0,84.8,99.1,C:/Users/admin/Downloads/CALVIS/CALVIS/dataset/cmu\synthetic_images\200x200\female\subject_mesh_0339.png,calvis
F_subject_mesh_0340,F,94.9,83.3,106.4,C:/Users/admin/Downloads/CALVIS/CALVIS/dataset/cmu\synthetic_images\200x200\female\subject_mesh_0340.png,calvis
F_subject_mesh_0341,F,97.4,82.2,102.3,C:/Users/admin/Downloads/CALVIS/CALVIS/dataset/cmu\synthetic_images\200x200\female\subject_mesh_0341.png,calvis
F_subject_mesh_0342,F,99.3,85.5,104.8,C:/Users/admin/Downloads/CALVIS/CALVIS/dataset/cmu\synthetic_images\200x200\female\subject_mesh_0342.png,calvis
F_subject_mesh_0343,F,94.3,80.1,99.5,C:/Users/admin/Downloads/CALVIS/CALVIS/dataset/cmu\synthetic_images\200x200\female\subject_mesh_0343.png,calvis
F_subject_mesh_0344,F,119.9,103.8,115.0,C:/Users/admin/Downloads/CALVIS/CALVIS/dataset/cmu\synthetic_images\200x200\female\subject_mesh_0344.png,calvis
F_subject_mesh_0345,F,88.3,73.5,99.8,C:/Users/admin/Downloads/CALVIS/CALVIS/dataset/cmu\synthetic_images\200x200\female\subject_mesh_0345.png,calvis
F_subject_mesh_0346,F,99.2,87.0,113.1,C:/Users/admin/Downloads/CALVIS/CALVIS/dataset/cmu\synthetic_images\200x200\female\subject_mesh_0346.png,calvis
F_subject_mesh_0347,F,86.6,72.3,95.6,C:/Users/admin/Downloads/CALVIS/CALVIS/dataset/cmu\synthetic_images\200x200\female\subject_mesh_0347.png,calvis
F_subject_mesh_0348,F,108.2,91.2,104.1,C:/Users/admin/Downloads/CALVIS/CALVIS/dataset/cmu\synthetic_images\200x200\female\subject_mesh_0348.png,calvis
F_subject_mesh_0349,F,98.9,86.0,111.2,C:/Users/admin/Downloads/CALVIS/CALVIS/dataset/cmu\synthetic_images\200x200\female\subject_mesh_0349.png,calvis
F_subject_mesh_0350,F,86.9,71.1,87.8,C:/Users/admin/Downloads/CALVIS/CALVIS/dataset/cmu\synthetic_images\200x200\female\subject_mesh_0350.png,calvis
F_subject_mesh_0351,F,95.2,83.6,110.0,C:/Users/admin/Downloads/CALVIS/CALVIS/dataset/cmu\synthetic_images\200x200\female\subject_mesh_0351.png,calvis
F_subject_mesh_0352,F,95.2,80.4,101.0,C:/Users/admin/Downloads/CALVIS/CALVIS/dataset/cmu\synthetic_images\200x200\female\subject_mesh_0352.png,calvis
F_subject_mesh_0353,F,92.0,77.0,103.2,C:/Users/admin/Downloads/CALVIS/CALVIS/dataset/cmu\synthetic_images\200x200\female\subject_mesh_0353.png,calvis
F_subject_mesh_0354,F,100.3,86.8,106.9,C:/Users/admin/Downloads/CALVIS/CALVIS/dataset/cmu\synthetic_images\200x200\female\subject_mesh_0354.png,calvis
F_subject_mesh_0355,F,95.5,83.7,101.7,C:/Users/admin/Downloads/CALVIS/CALVIS/dataset/cmu\synthetic_images\200x200\female\subject_mesh_0355.png,calvis
F_subject_mesh_0356,F,140.6,129.9,147.6,C:/Users/admin/Downloads/CALVIS/CALVIS/dataset/cmu\synthetic_images\200x200\female\subject_mesh_0356.png,calvis
F_subject_mesh_0357,F,91.0,75.7,98.4,C:/Users/admin/Downloads/CALVIS/CALVIS/dataset/cmu\synthetic_images\200x200\female\subject_mesh_0357.png,calvis
F_subject_mesh_0358,F,122.1,108.4,126.0,C:/Users/admin/Downloads/CALVIS/CALVIS/dataset/cmu\synthetic_images\200x200\female\subject_mesh_0358.png,calvis
F_subject_mesh_0359,F,88.4,74.8,96.6,C:/Users/admin/Downloads/CALVIS/CALVIS/dataset/cmu\synthetic_images\200x200\female\subject_mesh_0359.png,calvis
F_subject_mesh_0360,F,98.1,83.5,103.6,C:/Users/admin/Downloads/CALVIS/CALVIS/dataset/cmu\synthetic_images\200x200\female\subject_mesh_0360.png,calvis
F_subject_mesh_0361,F,110.9,98.9,119.1,C:/Users/admin/Downloads/CALVIS/CALVIS/dataset/cmu\synthetic_images\200x200\female\subject_mesh_0361.png,calvis
F_subject_mesh_0362,F,93.3,79.0,99.7,C:/Users/admin/Downloads/CALVIS/CALVIS/dataset/cmu\synthetic_images\200x200\female\subject_mesh_0362.png,calvis
F_subject_mesh_0363,F,124.7,115.4,138.5,C:/Users/admin/Downloads/CALVIS/CALVIS/dataset/cmu\synthetic_images\200x200\female\subject_mesh_0363.png,calvis
F_subject_mesh_0364,F,101.7,86.5,103.3,C:/Users/admin/Downloads/CALVIS/CALVIS/dataset/cmu\synthetic_images\200x200\female\subject_mesh_0364.png,calvis
F_subject_mesh_0365,F,90.6,76.2,94.5,C:/Users/admin/Downloads/CALVIS/CALVIS/dataset/cmu\synthetic_images\200x200\female\subject_mesh_0365.png,calvis
F_subject_mesh_0366,F,99.7,84.9,107.9,C:/Users/admin/Downloads/CALVIS/CALVIS/dataset/cmu\synthetic_images\200x200\female\subject_mesh_0366.png,calvis
F_subject_mesh_0367,F,89.6,76.2,101.4,C:/Users/admin/Downloads/CALVIS/CALVIS/dataset/cmu\synthetic_images\200x200\female\subject_mesh_0367.png,calvis
F_subject_mesh_0368,F,97.0,84.4,109.4,C:/Users/admin/Downloads/CALVIS/CALVIS/dataset/cmu\synthetic_images\200x200\female\subject_mesh_0368.png,calvis
F_subject_mesh_0369,F,90.1,75.3,99.7,C:/Users/admin/Downloads/CALVIS/CALVIS/dataset/cmu\synthetic_images\200x200\female\subject_mesh_0369.png,calvis
F_subject_mesh_0370,F,125.1,112.8,132.3,C:/Users/admin/Downloads/CALVIS/CALVIS/dataset/cmu\synthetic_images\200x200\female\subject_mesh_0370.png,calvis
F_subject_mesh_0371,F,87.1,71.0,92.2,C:/Users/admin/Downloads/CALVIS/CALVIS/dataset/cmu\synthetic_images\200x200\female\subject_mesh_0371.png,calvis
F_subject_mesh_0372,F,86.0,71.2,90.7,C:/Users/admin/Downloads/CALVIS/CALVIS/dataset/cmu\synthetic_images\200x200\female\subject_mesh_0372.png,calvis
F_subject_mesh_0373,F,93.8,83.4,110.6,C:/Users/admin/Downloads/CALVIS/CALVIS/dataset/cmu\synthetic_images\200x200\female\subject_mesh_0373.png,calvis
F_subject_mesh_0374,F,92.6,79.6,103.7,C:/Users/admin/Downloads/CALVIS/CALVIS/dataset/cmu\synthetic_images\200x200\female\subject_mesh_0374.png,calvis
F_subject_mesh_0375,F,97.3,82.1,102.5,C:/Users/admin/Downloads/CALVIS/CALVIS/dataset/cmu\synthetic_images\200x200\female\subject_mesh_0375.png,calvis
F_subject_mesh_0376,F,92.8,81.6,104.7,C:/Users/admin/Downloads/CALVIS/CALVIS/dataset/cmu\synthetic_images\200x200\female\subject_mesh_0376.png,calvis
F_subject_mesh_0377,F,97.3,84.0,104.4,C:/Users/admin/Downloads/CALVIS/CALVIS/dataset/cmu\synthetic_images\200x200\female\subject_mesh_0377.png,calvis
F_subject_mesh_0378,F,88.2,72.9,95.4,C:/Users/admin/Downloads/CALVIS/CALVIS/dataset/cmu\synthetic_images\200x200\female\subject_mesh_0378.png,calvis
F_subject_mesh_0379,F,102.4,91.6,115.0,C:/Users/admin/Downloads/CALVIS/CALVIS/dataset/cmu\synthetic_images\200x200\female\subject_mesh_0379.png,calvis
F_subject_mesh_0380,F,95.2,81.3,101.9,C:/Users/admin/Downloads/CALVIS/CALVIS/dataset/cmu\synthetic_images\200x200\female\subject_mesh_0380.png,calvis
F_subject_mesh_0381,F,104.5,89.6,103.6,C:/Users/admin/Downloads/CALVIS/CALVIS/dataset/cmu\synthetic_images\200x200\female\subject_mesh_0381.png,calvis
F_subject_mesh_0382,F,85.2,71.5,94.6,C:/Users/admin/Downloads/CALVIS/CALVIS/dataset/cmu\synthetic_images\200x200\female\subject_mesh_0382.png,calvis
F_subject_mesh_0383,F,90.8,75.4,101.4,C:/Users/admin/Downloads/CALVIS/CALVIS/dataset/cmu\synthetic_images\200x200\female\subject_mesh_0383.png,calvis
F_subject_mesh_0384,F,95.3,82.8,107.2,C:/Users/admin/Downloads/CALVIS/CALVIS/dataset/cmu\synthetic_images\200x200\female\subject_mesh_0384.png,calvis
F_subject_mesh_0385,F,95.0,81.7,103.1,C:/Users/admin/Downloads/CALVIS/CALVIS/dataset/cmu\synthetic_images\200x200\female\subject_mesh_0385.png,calvis
F_subject_mesh_0386,F,85.3,70.6,97.4,C:/Users/admin/Downloads/CALVIS/CALVIS/dataset/cmu\synthetic_images\200x200\female\subject_mesh_0386.png,calvis
F_subject_mesh_0387,F,85.1,71.8,100.0,C:/Users/admin/Downloads/CALVIS/CALVIS/dataset/cmu\synthetic_images\200x200\female\subject_mesh_0387.png,calvis
F_subject_mesh_0388,F,99.2,85.5,102.7,C:/Users/admin/Downloads/CALVIS/CALVIS/dataset/cmu\synthetic_images\200x200\female\subject_mesh_0388.png,calvis
F_subject_mesh_0389,F,91.2,76.7,100.6,C:/Users/admin/Downloads/CALVIS/CALVIS/dataset/cmu\synthetic_images\200x200\female\subject_mesh_0389.png,calvis
F_subject_mesh_0390,F,84.2,69.2,90.4,C:/Users/admin/Downloads/CALVIS/CALVIS/dataset/cmu\synthetic_images\200x200\female\subject_mesh_0390.png,calvis
F_subject_mesh_0391,F,96.5,82.5,98.4,C:/Users/admin/Downloads/CALVIS/CALVIS/dataset/cmu\synthetic_images\200x200\female\subject_mesh_0391.png,calvis
F_subject_mesh_0392,F,116.1,96.8,106.6,C:/Users/admin/Downloads/CALVIS/CALVIS/dataset/cmu\synthetic_images\200x200\female\subject_mesh_0392.png,calvis
F_subject_mesh_0393,F,92.2,77.2,98.4,C:/Users/admin/Downloads/CALVIS/CALVIS/dataset/cmu\synthetic_images\200x200\female\subject_mesh_0393.png,calvis
F_subject_mesh_0394,F,95.4,83.1,107.4,C:/Users/admin/Downloads/CALVIS/CALVIS/dataset/cmu\synthetic_images\200x200\female\subject_mesh_0394.png,calvis
F_subject_mesh_0395,F,104.4,88.8,104.4,C:/Users/admin/Downloads/CALVIS/CALVIS/dataset/cmu\synthetic_images\200x200\female\subject_mesh_0395.png,calvis
F_subject_mesh_0396,F,118.1,98.5,103.3,C:/Users/admin/Downloads/CALVIS/CALVIS/dataset/cmu\synthetic_images\200x200\female\subject_mesh_0396.png,calvis
F_subject_mesh_0397,F,87.7,74.4,94.4,C:/Users/admin/Downloads/CALVIS/CALVIS/dataset/cmu\synthetic_images\200x200\female\subject_mesh_0397.png,calvis
F_subject_mesh_0398,F,98.8,88.8,114.6,C:/Users/admin/Downloads/CALVIS/CALVIS/dataset/cmu\synthetic_images\200x200\female\subject_mesh_0398.png,calvis
F_subject_mesh_0399,F,118.6,111.1,136.8,C:/Users/admin/Downloads/CALVIS/CALVIS/dataset/cmu\synthetic_images\200x200\female\subject_mesh_0399.png,calvis
F_subject_mesh_0400,F,114.4,102.6,120.2,C:/Users/admin/Downloads/CALVIS/CALVIS/dataset/cmu\synthetic_images\200x200\female\subject_mesh_0400.png,calvis
F_subject_mesh_0401,F,112.6,95.8,108.3,C:/Users/admin/Downloads/CALVIS/CALVIS/dataset/cmu\synthetic_images\200x200\female\subject_mesh_0401.png,calvis
F_subject_mesh_0402,F,99.9,88.6,115.9,C:/Users/admin/Downloads/CALVIS/CALVIS/dataset/cmu\synthetic_images\200x200\female\subject_mesh_0402.png,calvis
F_subject_mesh_0403,F,96.7,85.3,108.6,C:/Users/admin/Downloads/CALVIS/CALVIS/dataset/cmu\synthetic_images\200x200\female\subject_mesh_0403.png,calvis
F_subject_mesh_0404,F,89.9,77.3,99.9,C:/Users/admin/Downloads/CALVIS/CALVIS/dataset/cmu\synthetic_images\200x200\female\subject_mesh_0404.png,calvis
F_subject_mesh_0405,F,88.0,73.9,97.0,C:/Users/admin/Downloads/CALVIS/CALVIS/dataset/cmu\synthetic_images\200x200\female\subject_mesh_0405.png,calvis
F_subject_mesh_0406,F,96.1,87.7,104.3,C:/Users/admin/Downloads/CALVIS/CALVIS/dataset/cmu\synthetic_images\200x200\female\subject_mesh_0406.png,calvis
F_subject_mesh_0407,F,95.5,83.2,103.9,C:/Users/admin/Downloads/CALVIS/CALVIS/dataset/cmu\synthetic_images\200x200\female\subject_mesh_0407.png,calvis
F_subject_mesh_0408,F,85.0,73.4,101.2,C:/Users/admin/Downloads/CALVIS/CALVIS/dataset/cmu\synthetic_images\200x200\female\subject_mesh_0408.png,calvis
F_subject_mesh_0409,F,107.2,94.6,109.3,C:/Users/admin/Downloads/CALVIS/CALVIS/dataset/cmu\synthetic_images\200x200\female\subject_mesh_0409.png,calvis
F_subject_mesh_0410,F,92.6,78.0,95.6,C:/Users/admin/Downloads/CALVIS/CALVIS/dataset/cmu\synthetic_images\200x200\female\subject_mesh_0410.png,calvis
F_subject_mesh_0411,F,89.4,76.9,98.5,C:/Users/admin/Downloads/CALVIS/CALVIS/dataset/cmu\synthetic_images\200x200\female\subject_mesh_0411.png,calvis
F_subject_mesh_0412,F,108.6,95.0,111.1,C:/Users/admin/Downloads/CALVIS/CALVIS/dataset/cmu\synthetic_images\200x200\female\subject_mesh_0412.png,calvis
F_subject_mesh_0413,F,92.3,78.8,99.3,C:/Users/admin/Downloads/CALVIS/CALVIS/dataset/cmu\synthetic_images\200x200\female\subject_mesh_0413.png,calvis
F_subject_mesh_0414,F,88.3,70.4,93.0,C:/Users/admin/Downloads/CALVIS/CALVIS/dataset/cmu\synthetic_images\200x200\female\subject_mesh_0414.png,calvis
F_subject_mesh_0415,F,91.2,76.3,95.7,C:/Users/admin/Downloads/CALVIS/CALVIS/dataset/cmu\synthetic_images\200x200\female\subject_mesh_0415.png,calvis
F_subject_mesh_0416,F,109.1,94.1,107.6,C:/Users/admin/Downloads/CALVIS/CALVIS/dataset/cmu\synthetic_images\200x200\female\subject_mesh_0416.png,calvis
F_subject_mesh_0417,F,88.9,77.0,99.0,C:/Users/admin/Downloads/CALVIS/CALVIS/dataset/cmu\synthetic_images\200x200\female\subject_mesh_0417.png,calvis
F_subject_mesh_0418,F,103.7,93.4,121.4,C:/Users/admin/Downloads/CALVIS/CALVIS/dataset/cmu\synthetic_images\200x200\female\subject_mesh_0418.png,calvis
F_subject_mesh_0419,F,95.6,83.0,103.7,C:/Users/admin/Downloads/CALVIS/CALVIS/dataset/cmu\synthetic_images\200x200\female\subject_mesh_0419.png,calvis
F_subject_mesh_0420,F,123.7,109.9,124.6,C:/Users/admin/Downloads/CALVIS/CALVIS/dataset/cmu\synthetic_images\200x200\female\subject_mesh_0420.png,calvis
F_subject_mesh_0421,F,97.4,84.6,104.2,C:/Users/admin/Downloads/CALVIS/CALVIS/dataset/cmu\synthetic_images\200x200\female\subject_mesh_0421.png,calvis
F_subject_mesh_0422,F,119.8,107.3,123.5,C:/Users/admin/Downloads/CALVIS/CALVIS/dataset/cmu\synthetic_images\200x200\female\subject_mesh_0422.png,calvis
F_subject_mesh_0423,F,91.2,74.4,95.2,C:/Users/admin/Downloads/CALVIS/CALVIS/dataset/cmu\synthetic_images\200x200\female\subject_mesh_0423.png,calvis
F_subject_mesh_0424,F,97.8,83.4,107.3,C:/Users/admin/Downloads/CALVIS/CALVIS/dataset/cmu\synthetic_images\200x200\female\subject_mesh_0424.png,calvis
F_subject_mesh_0425,F,80.8,67.9,93.0,C:/Users/admin/Downloads/CALVIS/CALVIS/dataset/cmu\synthetic_images\200x200\female\subject_mesh_0425.png,calvis
F_subject_mesh_0426,F,109.3,94.2,109.7,C:/Users/admin/Downloads/CALVIS/CALVIS/dataset/cmu\synthetic_images\200x200\female\subject_mesh_0426.png,calvis
F_subject_mesh_0427,F,95.3,84.7,107.9,C:/Users/admin/Downloads/CALVIS/CALVIS/dataset/cmu\synthetic_images\200x200\female\subject_mesh_0427.png,calvis
F_subject_mesh_0428,F,96.1,86.4,109.1,C:/Users/admin/Downloads/CALVIS/CALVIS/dataset/cmu\synthetic_images\200x200\female\subject_mesh_0428.png,calvis
F_subject_mesh_0429,F,124.0,111.6,129.4,C:/Users/admin/Downloads/CALVIS/CALVIS/dataset/cmu\synthetic_images\200x200\female\subject_mesh_0429.png,calvis
F_subject_mesh_0430,F,97.9,81.4,97.1,C:/Users/admin/Downloads/CALVIS/CALVIS/dataset/cmu\synthetic_images\200x200\female\subject_mesh_0430.png,calvis
F_subject_mesh_0431,F,99.4,86.9,103.8,C:/Users/admin/Downloads/CALVIS/CALVIS/dataset/cmu\synthetic_images\200x200\female\subject_mesh_0431.png,calvis
F_subject_mesh_0432,F,98.2,85.7,111.5,C:/Users/admin/Downloads/CALVIS/CALVIS/dataset/cmu\synthetic_images\200x200\female\subject_mesh_0432.png,calvis
F_subject_mesh_0433,F,97.9,85.0,109.8,C:/Users/admin/Downloads/CALVIS/CALVIS/dataset/cmu\synthetic_images\200x200\female\subject_mesh_0433.png,calvis
F_subject_mesh_0434,F,116.9,103.3,118.4,C:/Users/admin/Downloads/CALVIS/CALVIS/dataset/cmu\synthetic_images\200x200\female\subject_mesh_0434.png,calvis
F_subject_mesh_0435,F,136.2,124.5,143.6,C:/Users/admin/Downloads/CALVIS/CALVIS/dataset/cmu\synthetic_images\200x200\female\subject_mesh_0435.png,calvis
F_subject_mesh_0436,F,91.6,78.2,103.4,C:/Users/admin/Downloads/CALVIS/CALVIS/dataset/cmu\synthetic_images\200x200\female\subject_mesh_0436.png,calvis
F_subject_mesh_0437,F,125.4,111.5,129.7,C:/Users/admin/Downloads/CALVIS/CALVIS/dataset/cmu\synthetic_images\200x200\female\subject_mesh_0437.png,calvis
F_subject_mesh_0438,F,105.0,93.6,111.0,C:/Users/admin/Downloads/CALVIS/CALVIS/dataset/cmu\synthetic_images\200x200\female\subject_mesh_0438.png,calvis
F_subject_mesh_0439,F,88.5,74.1,99.9,C:/Users/admin/Downloads/CALVIS/CALVIS/dataset/cmu\synthetic_images\200x200\female\subject_mesh_0439.png,calvis
F_subject_mesh_0440,F,93.6,78.7,99.7,C:/Users/admin/Downloads/CALVIS/CALVIS/dataset/cmu\synthetic_images\200x200\female\subject_mesh_0440.png,calvis
F_subject_mesh_0441,F,90.8,77.6,105.4,C:/Users/admin/Downloads/CALVIS/CALVIS/dataset/cmu\synthetic_images\200x200\female\subject_mesh_0441.png,calvis
F_subject_mesh_0442,F,96.5,83.5,102.5,C:/Users/admin/Downloads/CALVIS/CALVIS/dataset/cmu\synthetic_images\200x200\female\subject_mesh_0442.png,calvis
F_subject_mesh_0443,F,95.7,81.4,104.2,C:/Users/admin/Downloads/CALVIS/CALVIS/dataset/cmu\synthetic_images\200x200\female\subject_mesh_0443.png,calvis
F_subject_mesh_0444,F,89.5,75.2,103.6,C:/Users/admin/Downloads/CALVIS/CALVIS/dataset/cmu\synthetic_images\200x200\female\subject_mesh_0444.png,calvis
F_subject_mesh_0445,F,117.3,104.7,123.6,C:/Users/admin/Downloads/CALVIS/CALVIS/dataset/cmu\synthetic_images\200x200\female\subject_mesh_0445.png,calvis
F_subject_mesh_0446,F,124.6,115.0,134.6,C:/Users/admin/Downloads/CALVIS/CALVIS/dataset/cmu\synthetic_images\200x200\female\subject_mesh_0446.png,calvis
F_subject_mesh_0447,F,104.4,89.4,99.3,C:/Users/admin/Downloads/CALVIS/CALVIS/dataset/cmu\synthetic_images\200x200\female\subject_mesh_0447.png,calvis
F_subject_mesh_0448,F,94.4,81.9,102.0,C:/Users/admin/Downloads/CALVIS/CALVIS/dataset/cmu\synthetic_images\200x200\female\subject_mesh_0448.png,calvis
F_subject_mesh_0449,F,92.4,80.7,105.2,C:/Users/admin/Downloads/CALVIS/CALVIS/dataset/cmu\synthetic_images\200x200\female\subject_mesh_0449.png,calvis
F_subject_mesh_0450,F,116.6,104.2,120.1,C:/Users/admin/Downloads/CALVIS/CALVIS/dataset/cmu\synthetic_images\200x200\female\subject_mesh_0450.png,calvis
F_subject_mesh_0451,F,87.1,73.8,100.3,C:/Users/admin/Downloads/CALVIS/CALVIS/dataset/cmu\synthetic_images\200x200\female\subject_mesh_0451.png,calvis
F_subject_mesh_0452,F,101.4,85.5,98.7,C:/Users/admin/Downloads/CALVIS/CALVIS/dataset/cmu\synthetic_images\200x200\female\subject_mesh_0452.png,calvis
F_subject_mesh_0453,F,106.9,94.4,114.5,C:/Users/admin/Downloads/CALVIS/CALVIS/dataset/cmu\synthetic_images\200x200\female\subject_mesh_0453.png,calvis
F_subject_mesh_0454,F,85.2,73.3,97.8,C:/Users/admin/Downloads/CALVIS/CALVIS/dataset/cmu\synthetic_images\200x200\female\subject_mesh_0454.png,calvis
F_subject_mesh_0455,F,100.1,91.4,119.9,C:/Users/admin/Downloads/CALVIS/CALVIS/dataset/cmu\synthetic_images\200x200\female\subject_mesh_0455.png,calvis
F_subject_mesh_0456,F,91.7,77.2,99.5,C:/Users/admin/Downloads/CALVIS/CALVIS/dataset/cmu\synthetic_images\200x200\female\subject_mesh_0456.png,calvis
F_subject_mesh_0457,F,90.3,74.5,99.7,C:/Users/admin/Downloads/CALVIS/CALVIS/dataset/cmu\synthetic_images\200x200\female\subject_mesh_0457.png,calvis
F_subject_mesh_0458,F,90.0,76.7,97.3,C:/Users/admin/Downloads/CALVIS/CALVIS/dataset/cmu\synthetic_images\200x200\female\subject_mesh_0458.png,calvis
F_subject_mesh_0459,F,115.2,103.3,118.5,C:/Users/admin/Downloads/CALVIS/CALVIS/dataset/cmu\synthetic_images\200x200\female\subject_mesh_0459.png,calvis
F_subject_mesh_0460,F,103.5,89.1,105.5,C:/Users/admin/Downloads/CALVIS/CALVIS/dataset/cmu\synthetic_images\200x200\female\subject_mesh_0460.png,calvis
F_subject_mesh_0461,F,83.8,69.9,97.2,C:/Users/admin/Downloads/CALVIS/CALVIS/dataset/cmu\synthetic_images\200x200\female\subject_mesh_0461.png,calvis
F_subject_mesh_0462,F,106.1,91.2,106.1,C:/Users/admin/Downloads/CALVIS/CALVIS/dataset/cmu\synthetic_images\200x200\female\subject_mesh_0462.png,calvis
F_subject_mesh_0463,F,91.8,79.7,105.0,C:/Users/admin/Downloads/CALVIS/CALVIS/dataset/cmu\synthetic_images\200x200\female\subject_mesh_0463.png,calvis
F_subject_mesh_0464,F,93.4,78.3,101.0,C:/Users/admin/Downloads/CALVIS/CALVIS/dataset/cmu\synthetic_images\200x200\female\subject_mesh_0464.png,calvis
F_subject_mesh_0465,F,94.5,83.7,112.4,C:/Users/admin/Downloads/CALVIS/CALVIS/dataset/cmu\synthetic_images\200x200\female\subject_mesh_0465.png,calvis
F_subject_mesh_0466,F,99.7,86.9,106.5,C:/Users/admin/Downloads/CALVIS/CALVIS/dataset/cmu\synthetic_images\200x200\female\subject_mesh_0466.png,calvis
F_subject_mesh_0467,F,96.1,82.8,96.9,C:/Users/admin/Downloads/CALVIS/CALVIS/dataset/cmu\synthetic_images\200x200\female\subject_mesh_0467.png,calvis
F_subject_mesh_0468,F,88.1,74.1,99.9,C:/Users/admin/Downloads/CALVIS/CALVIS/dataset/cmu\synthetic_images\200x200\female\subject_mesh_0468.png,calvis
F_subject_mesh_0469,F,88.0,75.6,103.7,C:/Users/admin/Downloads/CALVIS/CALVIS/dataset/cmu\synthetic_images\200x200\female\subject_mesh_0469.png,calvis
F_subject_mesh_0470,F,96.2,86.3,112.8,C:/Users/admin/Downloads/CALVIS/CALVIS/dataset/cmu\synthetic_images\200x200\female\subject_mesh_0470.png,calvis
F_subject_mesh_0471,F,96.4,82.2,103.0,C:/Users/admin/Downloads/CALVIS/CALVIS/dataset/cmu\synthetic_images\200x200\female\subject_mesh_0471.png,calvis
F_subject_mesh_0472,F,98.4,85.6,106.1,C:/Users/admin/Downloads/CALVIS/CALVIS/dataset/cmu\synthetic_images\200x200\female\subject_mesh_0472.png,calvis
F_subject_mesh_0473,F,99.4,86.3,104.1,C:/Users/admin/Downloads/CALVIS/CALVIS/dataset/cmu\synthetic_images\200x200\female\subject_mesh_0473.png,calvis
F_subject_mesh_0474,F,92.4,81.8,102.3,C:/Users/admin/Downloads/CALVIS/CALVIS/dataset/cmu\synthetic_images\200x200\female\subject_mesh_0474.png,calvis
F_subject_mesh_0475,F,92.9,78.9,101.7,C:/Users/admin/Downloads/CALVIS/CALVIS/dataset/cmu\synthetic_images\200x200\female\subject_mesh_0475.png,calvis
F_subject_mesh_0476,F,86.4,72.9,96.9,C:/Users/admin/Downloads/CALVIS/CALVIS/dataset/cmu\synthetic_images\200x200\female\subject_mesh_0476.png,calvis
F_subject_mesh_0477,F,98.0,87.5,109.2,C:/Users/admin/Downloads/CALVIS/CALVIS/dataset/cmu\synthetic_images\200x200\female\subject_mesh_0477.png,calvis
F_subject_mesh_0478,F,93.4,81.8,105.8,C:/Users/admin/Downloads/CALVIS/CALVIS/dataset/cmu\synthetic_images\200x200\female\subject_mesh_0478.png,calvis
F_subject_mesh_0479,F,95.0,79.0,97.3,C:/Users/admin/Downloads/CALVIS/CALVIS/dataset/cmu\synthetic_images\200x200\female\subject_mesh_0479.png,calvis
F_subject_mesh_0480,F,83.7,66.5,91.1,C:/Users/admin/Downloads/CALVIS/CALVIS/dataset/cmu\synthetic_images\200x200\female\subject_mesh_0480.png,calvis
F_subject_mesh_0481,F,91.0,78.0,103.8,C:/Users/admin/Downloads/CALVIS/CALVIS/dataset/cmu\synthetic_images\200x200\female\subject_mesh_0481.png,calvis
F_subject_mesh_0482,F,93.6,80.6,106.0,C:/Users/admin/Downloads/CALVIS/CALVIS/dataset/cmu\synthetic_images\200x200\female\subject_mesh_0482.png,calvis
F_subject_mesh_0483,F,91.6,72.2,93.3,C:/Users/admin/Downloads/CALVIS/CALVIS/dataset/cmu\synthetic_images\200x200\female\subject_mesh_0483.png,calvis
F_subject_mesh_0484,F,95.3,78.7,97.0,C:/Users/admin/Downloads/CALVIS/CALVIS/dataset/cmu\synthetic_images\200x200\female\subject_mesh_0484.png,calvis
F_subject_mesh_0485,F,146.4,145.0,168.5,C:/Users/admin/Downloads/CALVIS/CALVIS/dataset/cmu\synthetic_images\200x200\female\subject_mesh_0485.png,calvis
F_subject_mesh_0486,F,123.6,107.8,124.1,C:/Users/admin/Downloads/CALVIS/CALVIS/dataset/cmu\synthetic_images\200x200\female\subject_mesh_0486.png,calvis
F_subject_mesh_0487,F,136.0,122.4,133.9,C:/Users/admin/Downloads/CALVIS/CALVIS/dataset/cmu\synthetic_images\200x200\female\subject_mesh_0487.png,calvis
F_subject_mesh_0488,F,91.3,77.1,104.5,C:/Users/admin/Downloads/CALVIS/CALVIS/dataset/cmu\synthetic_images\200x200\female\subject_mesh_0488.png,calvis
F_subject_mesh_0489,F,96.6,80.8,99.2,C:/Users/admin/Downloads/CALVIS/CALVIS/dataset/cmu\synthetic_images\200x200\female\subject_mesh_0489.png,calvis
F_subject_mesh_0490,F,101.0,84.6,106.6,C:/Users/admin/Downloads/CALVIS/CALVIS/dataset/cmu\synthetic_images\200x200\female\subject_mesh_0490.png,calvis
F_subject_mesh_0491,F,106.4,96.2,113.8,C:/Users/admin/Downloads/CALVIS/CALVIS/dataset/cmu\synthetic_images\200x200\female\subject_mesh_0491.png,calvis
F_subject_mesh_0492,F,96.2,85.1,111.5,C:/Users/admin/Downloads/CALVIS/CALVIS/dataset/cmu\synthetic_images\200x200\female\subject_mesh_0492.png,calvis
F_subject_mesh_0493,F,100.2,84.9,102.2,C:/Users/admin/Downloads/CALVIS/CALVIS/dataset/cmu\synthetic_images\200x200\female\subject_mesh_0493.png,calvis
F_subject_mesh_0494,F,111.5,97.8,110.3,C:/Users/admin/Downloads/CALVIS/CALVIS/dataset/cmu\synthetic_images\200x200\female\subject_mesh_0494.png,calvis
F_subject_mesh_0495,F,95.7,80.2,98.4,C:/Users/admin/Downloads/CALVIS/CALVIS/dataset/cmu\synthetic_images\200x200\female\subject_mesh_0495.png,calvis
F_subject_mesh_0496,F,93.8,78.3,99.6,C:/Users/admin/Downloads/CALVIS/CALVIS/dataset/cmu\synthetic_images\200x200\female\subject_mesh_0496.png,calvis
F_subject_mesh_0497,F,97.1,83.4,105.5,C:/Users/admin/Downloads/CALVIS/CALVIS/dataset/cmu\synthetic_images\200x200\female\subject_mesh_0497.png,calvis
F_subject_mesh_0498,F,87.5,73.6,100.4,C:/Users/admin/Downloads/CALVIS/CALVIS/dataset/cmu\synthetic_images\200x200\female\subject_mesh_0498.png,calvis
F_subject_mesh_0499,F,97.9,83.6,96.9,C:/Users/admin/Downloads/CALVIS/CALVIS/dataset/cmu\synthetic_images\200x200\female\subject_mesh_0499.png,calvis
F_subject_mesh_0500,F,81.6,66.1,94.9,C:/Users/admin/Downloads/CALVIS/CALVIS/dataset/cmu\synthetic_images\200x200\female\subject_mesh_0500.png,calvis
F_subject_mesh_0501,F,92.5,79.2,105.0,C:/Users/admin/Downloads/CALVIS/CALVIS/dataset/cmu\synthetic_images\200x200\female\subject_mesh_0501.png,calvis
F_subject_mesh_0502,F,90.3,73.8,94.4,C:/Users/admin/Downloads/CALVIS/CALVIS/dataset/cmu\synthetic_images\200x200\female\subject_mesh_0502.png,calvis
F_subject_mesh_0503,F,103.1,90.9,105.2,C:/Users/admin/Downloads/CALVIS/CALVIS/dataset/cmu\synthetic_images\200x200\female\subject_mesh_0503.png,calvis
F_subject_mesh_0504,F,88.6,77.5,105.0,C:/Users/admin/Downloads/CALVIS/CALVIS/dataset/cmu\synthetic_images\200x200\female\subject_mesh_0504.png,calvis
F_subject_mesh_0505,F,99.6,87.7,108.9,C:/Users/admin/Downloads/CALVIS/CALVIS/dataset/cmu\synthetic_images\200x200\female\subject_mesh_0505.png,calvis
F_subject_mesh_0506,F,90.0,76.0,100.4,C:/Users/admin/Downloads/CALVIS/CALVIS/dataset/cmu\synthetic_images\200x200\female\subject_mesh_0506.png,calvis
F_subject_mesh_0507,F,137.6,130.3,142.0,C:/Users/admin/Downloads/CALVIS/CALVIS/dataset/cmu\synthetic_images\200x200\female\subject_mesh_0507.png,calvis
F_subject_mesh_0508,F,92.4,78.5,99.5,C:/Users/admin/Downloads/CALVIS/CALVIS/dataset/cmu\synthetic_images\200x200\female\subject_mesh_0508.png,calvis
F_subject_mesh_0509,F,95.1,81.1,100.8,C:/Users/admin/Downloads/CALVIS/CALVIS/dataset/cmu\synthetic_images\200x200\female\subject_mesh_0509.png,calvis
F_subject_mesh_0510,F,127.3,112.3,123.9,C:/Users/admin/Downloads/CALVIS/CALVIS/dataset/cmu\synthetic_images\200x200\female\subject_mesh_0510.png,calvis
F_subject_mesh_0511,F,100.5,88.2,111.9,C:/Users/admin/Downloads/CALVIS/CALVIS/dataset/cmu\synthetic_images\200x200\female\subject_mesh_0511.png,calvis
F_subject_mesh_0512,F,98.6,82.0,95.2,C:/Users/admin/Downloads/CALVIS/CALVIS/dataset/cmu\synthetic_images\200x200\female\subject_mesh_0512.png,calvis
F_subject_mesh_0513,F,105.6,92.3,106.0,C:/Users/admin/Downloads/CALVIS/CALVIS/dataset/cmu\synthetic_images\200x200\female\subject_mesh_0513.png,calvis
F_subject_mesh_0514,F,94.4,82.7,111.4,C:/Users/admin/Downloads/CALVIS/CALVIS/dataset/cmu\synthetic_images\200x200\female\subject_mesh_0514.png,calvis
F_subject_mesh_0515,F,89.0,73.5,94.7,C:/Users/admin/Downloads/CALVIS/CALVIS/dataset/cmu\synthetic_images\200x200\female\subject_mesh_0515.png,calvis
F_subject_mesh_0516,F,88.4,73.7,99.6,C:/Users/admin/Downloads/CALVIS/CALVIS/dataset/cmu\synthetic_images\200x200\female\subject_mesh_0516.png,calvis
F_subject_mesh_0517,F,91.1,76.0,96.0,C:/Users/admin/Downloads/CALVIS/CALVIS/dataset/cmu\synthetic_images\200x200\female\subject_mesh_0517.png,calvis
F_subject_mesh_0518,F,88.5,75.3,99.4,C:/Users/admin/Downloads/CALVIS/CALVIS/dataset/cmu\synthetic_images\200x200\female\subject_mesh_0518.png,calvis
F_subject_mesh_0519,F,96.6,88.8,107.6,C:/Users/admin/Downloads/CALVIS/CALVIS/dataset/cmu\synthetic_images\200x200\female\subject_mesh_0519.png,calvis
F_subject_mesh_0520,F,99.9,87.8,106.9,C:/Users/admin/Downloads/CALVIS/CALVIS/dataset/cmu\synthetic_images\200x200\female\subject_mesh_0520.png,calvis
F_subject_mesh_0521,F,147.1,136.6,156.3,C:/Users/admin/Downloads/CALVIS/CALVIS/dataset/cmu\synthetic_images\200x200\female\subject_mesh_0521.png,calvis
F_subject_mesh_0522,F,97.0,83.0,109.2,C:/Users/admin/Downloads/CALVIS/CALVIS/dataset/cmu\synthetic_images\200x200\female\subject_mesh_0522.png,calvis
F_subject_mesh_0523,F,112.6,97.4,111.2,C:/Users/admin/Downloads/CALVIS/CALVIS/dataset/cmu\synthetic_images\200x200\female\subject_mesh_0523.png,calvis
F_subject_mesh_0524,F,88.9,74.9,100.7,C:/Users/admin/Downloads/CALVIS/CALVIS/dataset/cmu\synthetic_images\200x200\female\subject_mesh_0524.png,calvis
F_subject_mesh_0525,F,92.4,79.6,104.4,C:/Users/admin/Downloads/CALVIS/CALVIS/dataset/cmu\synthetic_images\200x200\female\subject_mesh_0525.png,calvis
F_subject_mesh_0526,F,94.7,79.8,103.1,C:/Users/admin/Downloads/CALVIS/CALVIS/dataset/cmu\synthetic_images\200x200\female\subject_mesh_0526.png,calvis
F_subject_mesh_0527,F,94.8,80.3,101.7,C:/Users/admin/Downloads/CALVIS/CALVIS/dataset/cmu\synthetic_images\200x200\female\subject_mesh_0527.png,calvis
F_subject_mesh_0528,F,100.6,84.4,96.5,C:/Users/admin/Downloads/CALVIS/CALVIS/dataset/cmu\synthetic_images\200x200\female\subject_mesh_0528.png,calvis
F_subject_mesh_0529,F,101.7,89.6,113.7,C:/Users/admin/Downloads/CALVIS/CALVIS/dataset/cmu\synthetic_images\200x200\female\subject_mesh_0529.png,calvis
F_subject_mesh_0530,F,114.3,99.2,112.5,C:/Users/admin/Downloads/CALVIS/CALVIS/dataset/cmu\synthetic_images\200x200\female\subject_mesh_0530.png,calvis
F_subject_mesh_0531,F,89.3,74.9,101.4,C:/Users/admin/Downloads/CALVIS/CALVIS/dataset/cmu\synthetic_images\200x200\female\subject_mesh_0531.png,calvis
F_subject_mesh_0532,F,91.2,76.2,97.6,C:/Users/admin/Downloads/CALVIS/CALVIS/dataset/cmu\synthetic_images\200x200\female\subject_mesh_0532.png,calvis
F_subject_mesh_0533,F,95.0,81.0,96.2,C:/Users/admin/Downloads/CALVIS/CALVIS/dataset/cmu\synthetic_images\200x200\female\subject_mesh_0533.png,calvis
F_subject_mesh_0534,F,87.8,73.8,91.9,C:/Users/admin/Downloads/CALVIS/CALVIS/dataset/cmu\synthetic_images\200x200\female\subject_mesh_0534.png,calvis
F_subject_mesh_0535,F,96.3,85.7,106.0,C:/Users/admin/Downloads/CALVIS/CALVIS/dataset/cmu\synthetic_images\200x200\female\subject_mesh_0535.png,calvis
F_subject_mesh_0536,F,105.8,93.6,114.5,C:/Users/admin/Downloads/CALVIS/CALVIS/dataset/cmu\synthetic_images\200x200\female\subject_mesh_0536.png,calvis
F_subject_mesh_0537,F,142.6,129.7,137.6,C:/Users/admin/Downloads/CALVIS/CALVIS/dataset/cmu\synthetic_images\200x200\female\subject_mesh_0537.png,calvis
F_subject_mesh_0538,F,100.8,86.6,103.6,C:/Users/admin/Downloads/CALVIS/CALVIS/dataset/cmu\synthetic_images\200x200\female\subject_mesh_0538.png,calvis
F_subject_mesh_0539,F,95.0,81.6,100.6,C:/Users/admin/Downloads/CALVIS/CALVIS/dataset/cmu\synthetic_images\200x200\female\subject_mesh_0539.png,calvis
F_subject_mesh_0540,F,88.1,73.0,87.4,C:/Users/admin/Downloads/CALVIS/CALVIS/dataset/cmu\synthetic_images\200x200\female\subject_mesh_0540.png,calvis
F_subject_mesh_0541,F,109.6,99.4,117.4,C:/Users/admin/Downloads/CALVIS/CALVIS/dataset/cmu\synthetic_images\200x200\female\subject_mesh_0541.png,calvis
F_subject_mesh_0542,F,87.3,74.2,98.8,C:/Users/admin/Downloads/CALVIS/CALVIS/dataset/cmu\synthetic_images\200x200\female\subject_mesh_0542.png,calvis
F_subject_mesh_0543,F,92.0,76.8,96.3,C:/Users/admin/Downloads/CALVIS/CALVIS/dataset/cmu\synthetic_images\200x200\female\subject_mesh_0543.png,calvis
F_subject_mesh_0544,F,99.4,86.0,116.9,C:/Users/admin/Downloads/CALVIS/CALVIS/dataset/cmu\synthetic_images\200x200\female\subject_mesh_0544.png,calvis
F_subject_mesh_0545,F,85.5,70.4,98.0,C:/Users/admin/Downloads/CALVIS/CALVIS/dataset/cmu\synthetic_images\200x200\female\subject_mesh_0545.png,calvis
F_subject_mesh_0546,F,88.7,77.7,104.9,C:/Users/admin/Downloads/CALVIS/CALVIS/dataset/cmu\synthetic_images\200x200\female\subject_mesh_0546.png,calvis
F_subject_mesh_0547,F,93.9,81.8,103.1,C:/Users/admin/Downloads/CALVIS/CALVIS/dataset/cmu\synthetic_images\200x200\female\subject_mesh_0547.png,calvis
F_subject_mesh_0548,F,104.7,93.0,114.2,C:/Users/admin/Downloads/CALVIS/CALVIS/dataset/cmu\synthetic_images\200x200\female\subject_mesh_0548.png,calvis
F_subject_mesh_0549,F,97.3,86.1,107.2,C:/Users/admin/Downloads/CALVIS/CALVIS/dataset/cmu\synthetic_images\200x200\female\subject_mesh_0549.png,calvis
F_subject_mesh_0550,F,88.0,73.9,101.6,C:/Users/admin/Downloads/CALVIS/CALVIS/dataset/cmu\synthetic_images\200x200\female\subject_mesh_0550.png,calvis
F_subject_mesh_0551,F,92.3,77.4,99.9,C:/Users/admin/Downloads/CALVIS/CALVIS/dataset/cmu\synthetic_images\200x200\female\subject_mesh_0551.png,calvis
F_subject_mesh_0552,F,95.3,83.0,109.3,C:/Users/admin/Downloads/CALVIS/CALVIS/dataset/cmu\synthetic_images\200x200\female\subject_mesh_0552.png,calvis
F_subject_mesh_0553,F,90.5,78.1,98.3,C:/Users/admin/Downloads/CALVIS/CALVIS/dataset/cmu\synthetic_images\200x200\female\subject_mesh_0553.png,calvis
F_subject_mesh_0554,F,143.9,133.3,149.8,C:/Users/admin/Downloads/CALVIS/CALVIS/dataset/cmu\synthetic_images\200x200\female\subject_mesh_0554.png,calvis
F_subject_mesh_0555,F,105.7,93.1,107.9,C:/Users/admin/Downloads/CALVIS/CALVIS/dataset/cmu\synthetic_images\200x200\female\subject_mesh_0555.png,calvis
F_subject_mesh_0556,F,91.9,79.9,106.3,C:/Users/admin/Downloads/CALVIS/CALVIS/dataset/cmu\synthetic_images\200x200\female\subject_mesh_0556.png,calvis
F_subject_mesh_0557,F,91.9,78.9,101.5,C:/Users/admin/Downloads/CALVIS/CALVIS/dataset/cmu\synthetic_images\200x200\female\subject_mesh_0557.png,calvis
F_subject_mesh_0558,F,87.5,73.6,94.2,C:/Users/admin/Downloads/CALVIS/CALVIS/dataset/cmu\synthetic_images\200x200\female\subject_mesh_0558.png,calvis
F_subject_mesh_0559,F,93.6,79.7,97.5,C:/Users/admin/Downloads/CALVIS/CALVIS/dataset/cmu\synthetic_images\200x200\female\subject_mesh_0559.png,calvis
F_subject_mesh_0560,F,146.8,136.5,160.7,C:/Users/admin/Downloads/CALVIS/CALVIS/dataset/cmu\synthetic_images\200x200\female\subject_mesh_0560.png,calvis
F_subject_mesh_0561,F,90.5,76.4,95.8,C:/Users/admin/Downloads/CALVIS/CALVIS/dataset/cmu\synthetic_images\200x200\female\subject_mesh_0561.png,calvis
F_subject_mesh_0562,F,93.0,79.9,96.7,C:/Users/admin/Downloads/CALVIS/CALVIS/dataset/cmu\synthetic_images\200x200\female\subject_mesh_0562.png,calvis
F_subject_mesh_0563,F,90.2,74.8,96.5,C:/Users/admin/Downloads/CALVIS/CALVIS/dataset/cmu\synthetic_images\200x200\female\subject_mesh_0563.png,calvis
F_subject_mesh_0564,F,96.3,81.4,100.3,C:/Users/admin/Downloads/CALVIS/CALVIS/dataset/cmu\synthetic_images\200x200\female\subject_mesh_0564.png,calvis
F_subject_mesh_0565,F,92.8,76.8,98.2,C:/Users/admin/Downloads/CALVIS/CALVIS/dataset/cmu\synthetic_images\200x200\female\subject_mesh_0565.png,calvis
F_subject_mesh_0566,F,97.3,84.0,108.8,C:/Users/admin/Downloads/CALVIS/CALVIS/dataset/cmu\synthetic_images\200x200\female\subject_mesh_0566.png,calvis
F_subject_mesh_0567,F,104.8,93.1,112.4,C:/Users/admin/Downloads/CALVIS/CALVIS/dataset/cmu\synthetic_images\200x200\female\subject_mesh_0567.png,calvis
F_subject_mesh_0568,F,88.8,76.9,102.7,C:/Users/admin/Downloads/CALVIS/CALVIS/dataset/cmu\synthetic_images\200x200\female\subject_mesh_0568.png,calvis
F_subject_mesh_0569,F,95.9,78.6,94.3,C:/Users/admin/Downloads/CALVIS/CALVIS/dataset/cmu\synthetic_images\200x200\female\subject_mesh_0569.png,calvis
F_subject_mesh_0570,F,102.3,91.9,111.6,C:/Users/admin/Downloads/CALVIS/CALVIS/dataset/cmu\synthetic_images\200x200\female\subject_mesh_0570.png,calvis
F_subject_mesh_0571,F,94.9,80.8,103.1,C:/Users/admin/Downloads/CALVIS/CALVIS/dataset/cmu\synthetic_images\200x200\female\subject_mesh_0571.png,calvis
F_subject_mesh_0572,F,96.3,83.6,111.0,C:/Users/admin/Downloads/CALVIS/CALVIS/dataset/cmu\synthetic_images\200x200\female\subject_mesh_0572.png,calvis
F_subject_mesh_0573,F,105.4,91.4,110.6,C:/Users/admin/Downloads/CALVIS/CALVIS/dataset/cmu\synthetic_images\200x200\female\subject_mesh_0573.png,calvis
F_subject_mesh_0574,F,92.9,76.6,98.0,C:/Users/admin/Downloads/CALVIS/CALVIS/dataset/cmu\synthetic_images\200x200\female\subject_mesh_0574.png,calvis
F_subject_mesh_0575,F,94.7,81.2,102.2,C:/Users/admin/Downloads/CALVIS/CALVIS/dataset/cmu\synthetic_images\200x200\female\subject_mesh_0575.png,calvis
F_subject_mesh_0576,F,102.9,90.3,110.2,C:/Users/admin/Downloads/CALVIS/CALVIS/dataset/cmu\synthetic_images\200x200\female\subject_mesh_0576.png,calvis
F_subject_mesh_0577,F,114.8,99.1,112.4,C:/Users/admin/Downloads/CALVIS/CALVIS/dataset/cmu\synthetic_images\200x200\female\subject_mesh_0577.png,calvis
F_subject_mesh_0578,F,86.8,71.8,95.5,C:/Users/admin/Downloads/CALVIS/CALVIS/dataset/cmu\synthetic_images\200x200\female\subject_mesh_0578.png,calvis
F_subject_mesh_0579,F,121.0,107.6,120.3,C:/Users/admin/Downloads/CALVIS/CALVIS/dataset/cmu\synthetic_images\200x200\female\subject_mesh_0579.png,calvis
F_subject_mesh_0580,F,96.8,85.4,108.9,C:/Users/admin/Downloads/CALVIS/CALVIS/dataset/cmu\synthetic_images\200x200\female\subject_mesh_0580.png,calvis
F_subject_mesh_0581,F,102.2,91.3,112.1,C:/Users/admin/Downloads/CALVIS/CALVIS/dataset/cmu\synthetic_images\200x200\female\subject_mesh_0581.png,calvis
F_subject_mesh_0582,F,97.2,84.7,104.6,C:/Users/admin/Downloads/CALVIS/CALVIS/dataset/cmu\synthetic_images\200x200\female\subject_mesh_0582.png,calvis
F_subject_mesh_0583,F,127.6,114.0,130.1,C:/Users/admin/Downloads/CALVIS/CALVIS/dataset/cmu\synthetic_images\200x200\female\subject_mesh_0583.png,calvis
F_subject_mesh_0584,F,96.3,82.4,98.9,C:/Users/admin/Downloads/CALVIS/CALVIS/dataset/cmu\synthetic_images\200x200\female\subject_mesh_0584.png,calvis
F_subject_mesh_0585,F,90.6,75.8,101.7,C:/Users/admin/Downloads/CALVIS/CALVIS/dataset/cmu\synthetic_images\200x200\female\subject_mesh_0585.png,calvis
F_subject_mesh_0586,F,93.2,78.3,97.7,C:/Users/admin/Downloads/CALVIS/CALVIS/dataset/cmu\synthetic_images\200x200\female\subject_mesh_0586.png,calvis
F_subject_mesh_0587,F,93.2,79.2,105.2,C:/Users/admin/Downloads/CALVIS/CALVIS/dataset/cmu\synthetic_images\200x200\female\subject_mesh_0587.png,calvis
F_subject_mesh_0588,F,95.1,79.2,97.9,C:/Users/admin/Downloads/CALVIS/CALVIS/dataset/cmu\synthetic_images\200x200\female\subject_mesh_0588.png,calvis
F_subject_mesh_0589,F,90.4,76.3,94.6,C:/Users/admin/Downloads/CALVIS/CALVIS/dataset/cmu\synthetic_images\200x200\female\subject_mesh_0589.png,calvis
F_subject_mesh_0590,F,92.6,78.8,102.4,C:/Users/admin/Downloads/CALVIS/CALVIS/dataset/cmu\synthetic_images\200x200\female\subject_mesh_0590.png,calvis
F_subject_mesh_0591,F,95.9,81.7,96.7,C:/Users/admin/Downloads/CALVIS/CALVIS/dataset/cmu\synthetic_images\200x200\female\subject_mesh_0591.png,calvis
F_subject_mesh_0592,F,90.2,76.9,95.1,C:/Users/admin/Downloads/CALVIS/CALVIS/dataset/cmu\synthetic_images\200x200\female\subject_mesh_0592.png,calvis
F_subject_mesh_0593,F,92.6,78.0,97.1,C:/Users/admin/Downloads/CALVIS/CALVIS/dataset/cmu\synthetic_images\200x200\female\subject_mesh_0593.png,calvis
F_subject_mesh_0594,F,84.9,73.3,102.6,C:/Users/admin/Downloads/CALVIS/CALVIS/dataset/cmu\synthetic_images\200x200\female\subject_mesh_0594.png,calvis
F_subject_mesh_0595,F,89.8,74.7,94.0,C:/Users/admin/Downloads/CALVIS/CALVIS/dataset/cmu\synthetic_images\200x200\female\subject_mesh_0595.png,calvis
F_subject_mesh_0596,F,88.6,75.4,96.1,C:/Users/admin/Downloads/CALVIS/CALVIS/dataset/cmu\synthetic_images\200x200\female\subject_mesh_0596.png,calvis
F_subject_mesh_0597,F,95.9,80.5,103.6,C:/Users/admin/Downloads/CALVIS/CALVIS/dataset/cmu\synthetic_images\200x200\female\subject_mesh_0597.png,calvis
F_subject_mesh_0598,F,100.0,83.3,97.6,C:/Users/admin/Downloads/CALVIS/CALVIS/dataset/cmu\synthetic_images\200x200\female\subject_mesh_0598.png,calvis
F_subject_mesh_0599,F,93.5,79.8,105.1,C:/Users/admin/Downloads/CALVIS/CALVIS/dataset/cmu\synthetic_images\200x200\female\subject_mesh_0599.png,calvis
F_subject_mesh_0600,F,90.1,75.0,99.9,C:/Users/admin/Downloads/CALVIS/CALVIS/dataset/cmu\synthetic_images\200x200\female\subject_mesh_0600.png,calvis
F_subject_mesh_0601,F,87.9,73.4,96.3,C:/Users/admin/Downloads/CALVIS/CALVIS/dataset/cmu\synthetic_images\200x200\female\subject_mesh_0601.png,calvis
F_subject_mesh_0602,F,138.6,126.6,144.7,C:/Users/admin/Downloads/CALVIS/CALVIS/dataset/cmu\synthetic_images\200x200\female\subject_mesh_0602.png,calvis
F_subject_mesh_0603,F,95.1,80.3,101.1,C:/Users/admin/Downloads/CALVIS/CALVIS/dataset/cmu\synthetic_images\200x200\female\subject_mesh_0603.png,calvis
F_subject_mesh_0604,F,106.6,92.1,105.4,C:/Users/admin/Downloads/CALVIS/CALVIS/dataset/cmu\synthetic_images\200x200\female\subject_mesh_0604.png,calvis
F_subject_mesh_0605,F,103.5,93.5,115.8,C:/Users/admin/Downloads/CALVIS/CALVIS/dataset/cmu\synthetic_images\200x200\female\subject_mesh_0605.png,calvis
F_subject_mesh_0606,F,84.9,72.8,94.7,C:/Users/admin/Downloads/CALVIS/CALVIS/dataset/cmu\synthetic_images\200x200\female\subject_mesh_0606.png,calvis
F_subject_mesh_0607,F,96.7,83.2,102.6,C:/Users/admin/Downloads/CALVIS/CALVIS/dataset/cmu\synthetic_images\200x200\female\subject_mesh_0607.png,calvis
F_subject_mesh_0608,F,104.2,92.5,113.6,C:/Users/admin/Downloads/CALVIS/CALVIS/dataset/cmu\synthetic_images\200x200\female\subject_mesh_0608.png,calvis
F_subject_mesh_0609,F,100.2,89.5,115.5,C:/Users/admin/Downloads/CALVIS/CALVIS/dataset/cmu\synthetic_images\200x200\female\subject_mesh_0609.png,calvis
F_subject_mesh_0610,F,90.3,74.7,96.5,C:/Users/admin/Downloads/CALVIS/CALVIS/dataset/cmu\synthetic_images\200x200\female\subject_mesh_0610.png,calvis
F_subject_mesh_0611,F,90.1,77.0,101.1,C:/Users/admin/Downloads/CALVIS/CALVIS/dataset/cmu\synthetic_images\200x200\female\subject_mesh_0611.png,calvis
F_subject_mesh_0612,F,81.8,69.3,95.3,C:/Users/admin/Downloads/CALVIS/CALVIS/dataset/cmu\synthetic_images\200x200\female\subject_mesh_0612.png,calvis
F_subject_mesh_0613,F,113.2,99.8,113.3,C:/Users/admin/Downloads/CALVIS/CALVIS/dataset/cmu\synthetic_images\200x200\female\subject_mesh_0613.png,calvis
F_subject_mesh_0614,F,122.6,110.7,125.8,C:/Users/admin/Downloads/CALVIS/CALVIS/dataset/cmu\synthetic_images\200x200\female\subject_mesh_0614.png,calvis
F_subject_mesh_0615,F,106.0,92.2,106.8,C:/Users/admin/Downloads/CALVIS/CALVIS/dataset/cmu\synthetic_images\200x200\female\subject_mesh_0615.png,calvis
F_subject_mesh_0616,F,90.5,76.3,94.1,C:/Users/admin/Downloads/CALVIS/CALVIS/dataset/cmu\synthetic_images\200x200\female\subject_mesh_0616.png,calvis
F_subject_mesh_0617,F,107.0,94.2,110.6,C:/Users/admin/Downloads/CALVIS/CALVIS/dataset/cmu\synthetic_images\200x200\female\subject_mesh_0617.png,calvis
F_subject_mesh_0618,F,86.5,68.9,94.6,C:/Users/admin/Downloads/CALVIS/CALVIS/dataset/cmu\synthetic_images\200x200\female\subject_mesh_0618.png,calvis
F_subject_mesh_0619,F,88.4,77.2,101.8,C:/Users/admin/Downloads/CALVIS/CALVIS/dataset/cmu\synthetic_images\200x200\female\subject_mesh_0619.png,calvis
F_subject_mesh_0620,F,87.5,74.4,101.1,C:/Users/admin/Downloads/CALVIS/CALVIS/dataset/cmu\synthetic_images\200x200\female\subject_mesh_0620.png,calvis
F_subject_mesh_0621,F,94.0,78.6,103.1,C:/Users/admin/Downloads/CALVIS/CALVIS/dataset/cmu\synthetic_images\200x200\female\subject_mesh_0621.png,calvis
F_subject_mesh_0622,F,105.5,88.9,100.6,C:/Users/admin/Downloads/CALVIS/CALVIS/dataset/cmu\synthetic_images\200x200\female\subject_mesh_0622.png,calvis
F_subject_mesh_0623,F,87.2,72.1,96.6,C:/Users/admin/Downloads/CALVIS/CALVIS/dataset/cmu\synthetic_images\200x200\female\subject_mesh_0623.png,calvis
F_subject_mesh_0624,F,99.8,89.1,113.0,C:/Users/admin/Downloads/CALVIS/CALVIS/dataset/cmu\synthetic_images\200x200\female\subject_mesh_0624.png,calvis
F_subject_mesh_0625,F,91.2,78.2,100.2,C:/Users/admin/Downloads/CALVIS/CALVIS/dataset/cmu\synthetic_images\200x200\female\subject_mesh_0625.png,calvis
F_subject_mesh_0626,F,119.8,103.8,118.4,C:/Users/admin/Downloads/CALVIS/CALVIS/dataset/cmu\synthetic_images\200x200\female\subject_mesh_0626.png,calvis
F_subject_mesh_0627,F,97.4,85.3,109.7,C:/Users/admin/Downloads/CALVIS/CALVIS/dataset/cmu\synthetic_images\200x200\female\subject_mesh_0627.png,calvis
F_subject_mesh_0628,F,92.7,77.5,95.6,C:/Users/admin/Downloads/CALVIS/CALVIS/dataset/cmu\synthetic_images\200x200\female\subject_mesh_0628.png,calvis
F_subject_mesh_0629,F,88.3,76.1,98.8,C:/Users/admin/Downloads/CALVIS/CALVIS/dataset/cmu\synthetic_images\200x200\female\subject_mesh_0629.png,calvis
F_subject_mesh_0630,F,101.7,85.0,96.1,C:/Users/admin/Downloads/CALVIS/CALVIS/dataset/cmu\synthetic_images\200x200\female\subject_mesh_0630.png,calvis
F_subject_mesh_0631,F,114.6,100.6,115.2,C:/Users/admin/Downloads/CALVIS/CALVIS/dataset/cmu\synthetic_images\200x200\female\subject_mesh_0631.png,calvis
F_subject_mesh_0632,F,88.7,75.1,103.0,C:/Users/admin/Downloads/CALVIS/CALVIS/dataset/cmu\synthetic_images\200x200\female\subject_mesh_0632.png,calvis
F_subject_mesh_0633,F,89.0,79.0,102.6,C:/Users/admin/Downloads/CALVIS/CALVIS/dataset/cmu\synthetic_images\200x200\female\subject_mesh_0633.png,calvis
F_subject_mesh_0634,F,86.0,70.6,92.0,C:/Users/admin/Downloads/CALVIS/CALVIS/dataset/cmu\synthetic_images\200x200\female\subject_mesh_0634.png,calvis
F_subject_mesh_0635,F,99.6,87.3,110.6,C:/Users/admin/Downloads/CALVIS/CALVIS/dataset/cmu\synthetic_images\200x200\female\subject_mesh_0635.png,calvis
F_subject_mesh_0636,F,83.1,70.2,96.6,C:/Users/admin/Downloads/CALVIS/CALVIS/dataset/cmu\synthetic_images\200x200\female\subject_mesh_0636.png,calvis
F_subject_mesh_0637,F,88.8,75.6,93.9,C:/Users/admin/Downloads/CALVIS/CALVIS/dataset/cmu\synthetic_images\200x200\female\subject_mesh_0637.png,calvis
F_subject_mesh_0638,F,91.9,80.6,101.8,C:/Users/admin/Downloads/CALVIS/CALVIS/dataset/cmu\synthetic_images\200x200\female\subject_mesh_0638.png,calvis
F_subject_mesh_0639,F,116.8,104.5,123.1,C:/Users/admin/Downloads/CALVIS/CALVIS/dataset/cmu\synthetic_images\200x200\female\subject_mesh_0639.png,calvis
F_subject_mesh_0640,F,115.7,104.8,120.8,C:/Users/admin/Downloads/CALVIS/CALVIS/dataset/cmu\synthetic_images\200x200\female\subject_mesh_0640.png,calvis
F_subject_mesh_0641,F,92.0,77.1,98.6,C:/Users/admin/Downloads/CALVIS/CALVIS/dataset/cmu\synthetic_images\200x200\female\subject_mesh_0641.png,calvis
F_subject_mesh_0642,F,89.9,75.9,97.0,C:/Users/admin/Downloads/CALVIS/CALVIS/dataset/cmu\synthetic_images\200x200\female\subject_mesh_0642.png,calvis
F_subject_mesh_0643,F,92.3,77.5,99.9,C:/Users/admin/Downloads/CALVIS/CALVIS/dataset/cmu\synthetic_images\200x200\female\subject_mesh_0643.png,calvis
F_subject_mesh_0644,F,99.0,86.0,100.8,C:/Users/admin/Downloads/CALVIS/CALVIS/dataset/cmu\synthetic_images\200x200\female\subject_mesh_0644.png,calvis
F_subject_mesh_0645,F,93.2,80.2,98.5,C:/Users/admin/Downloads/CALVIS/CALVIS/dataset/cmu\synthetic_images\200x200\female\subject_mesh_0645.png,calvis
F_subject_mesh_0646,F,94.0,77.7,98.2,C:/Users/admin/Downloads/CALVIS/CALVIS/dataset/cmu\synthetic_images\200x200\female\subject_mesh_0646.png,calvis
F_subject_mesh_0647,F,109.3,98.1,113.7,C:/Users/admin/Downloads/CALVIS/CALVIS/dataset/cmu\synthetic_images\200x200\female\subject_mesh_0647.png,calvis
F_subject_mesh_0648,F,95.5,81.4,102.8,C:/Users/admin/Downloads/CALVIS/CALVIS/dataset/cmu\synthetic_images\200x200\female\subject_mesh_0648.png,calvis
F_subject_mesh_0649,F,116.0,98.8,110.2,C:/Users/admin/Downloads/CALVIS/CALVIS/dataset/cmu\synthetic_images\200x200\female\subject_mesh_0649.png,calvis
F_subject_mesh_0650,F,92.3,75.4,93.9,C:/Users/admin/Downloads/CALVIS/CALVIS/dataset/cmu\synthetic_images\200x200\female\subject_mesh_0650.png,calvis
F_subject_mesh_0651,F,89.5,74.3,94.8,C:/Users/admin/Downloads/CALVIS/CALVIS/dataset/cmu\synthetic_images\200x200\female\subject_mesh_0651.png,calvis
F_subject_mesh_0652,F,95.2,86.9,113.5,C:/Users/admin/Downloads/CALVIS/CALVIS/dataset/cmu\synthetic_images\200x200\female\subject_mesh_0652.png,calvis
F_subject_mesh_0653,F,101.4,87.6,107.5,C:/Users/admin/Downloads/CALVIS/CALVIS/dataset/cmu\synthetic_images\200x200\female\subject_mesh_0653.png,calvis
F_subject_mesh_0654,F,93.3,78.8,96.9,C:/Users/admin/Downloads/CALVIS/CALVIS/dataset/cmu\synthetic_images\200x200\female\subject_mesh_0654.png,calvis
F_subject_mesh_0655,F,118.4,100.9,112.9,C:/Users/admin/Downloads/CALVIS/CALVIS/dataset/cmu\synthetic_images\200x200\female\subject_mesh_0655.png,calvis
F_subject_mesh_0656,F,85.3,71.6,101.0,C:/Users/admin/Downloads/CALVIS/CALVIS/dataset/cmu\synthetic_images\200x200\female\subject_mesh_0656.png,calvis
F_subject_mesh_0657,F,96.3,82.9,100.7,C:/Users/admin/Downloads/CALVIS/CALVIS/dataset/cmu\synthetic_images\200x200\female\subject_mesh_0657.png,calvis
F_subject_mesh_0658,F,103.0,91.0,109.5,C:/Users/admin/Downloads/CALVIS/CALVIS/dataset/cmu\synthetic_images\200x200\female\subject_mesh_0658.png,calvis
F_subject_mesh_0659,F,99.5,87.7,109.9,C:/Users/admin/Downloads/CALVIS/CALVIS/dataset/cmu\synthetic_images\200x200\female\subject_mesh_0659.png,calvis
F_subject_mesh_0660,F,92.2,80.1,98.8,C:/Users/admin/Downloads/CALVIS/CALVIS/dataset/cmu\synthetic_images\200x200\female\subject_mesh_0660.png,calvis
F_subject_mesh_0661,F,104.1,93.4,114.5,C:/Users/admin/Downloads/CALVIS/CALVIS/dataset/cmu\synthetic_images\200x200\female\subject_mesh_0661.png,calvis
F_subject_mesh_0662,F,92.0,80.2,101.1,C:/Users/admin/Downloads/CALVIS/CALVIS/dataset/cmu\synthetic_images\200x200\female\subject_mesh_0662.png,calvis
F_subject_mesh_0663,F,97.1,83.8,106.5,C:/Users/admin/Downloads/CALVIS/CALVIS/dataset/cmu\synthetic_images\200x200\female\subject_mesh_0663.png,calvis
F_subject_mesh_0664,F,96.8,82.5,106.1,C:/Users/admin/Downloads/CALVIS/CALVIS/dataset/cmu\synthetic_images\200x200\female\subject_mesh_0664.png,calvis
F_subject_mesh_0665,F,99.0,84.5,100.9,C:/Users/admin/Downloads/CALVIS/CALVIS/dataset/cmu\synthetic_images\200x200\female\subject_mesh_0665.png,calvis
F_subject_mesh_0666,F,102.9,92.1,109.2,C:/Users/admin/Downloads/CALVIS/CALVIS/dataset/cmu\synthetic_images\200x200\female\subject_mesh_0666.png,calvis
F_subject_mesh_0667,F,96.2,84.1,108.4,C:/Users/admin/Downloads/CALVIS/CALVIS/dataset/cmu\synthetic_images\200x200\female\subject_mesh_0667.png,calvis
F_subject_mesh_0668,F,102.4,90.1,115.6,C:/Users/admin/Downloads/CALVIS/CALVIS/dataset/cmu\synthetic_images\200x200\female\subject_mesh_0668.png,calvis
F_subject_mesh_0669,F,104.6,89.7,106.5,C:/Users/admin/Downloads/CALVIS/CALVIS/dataset/cmu\synthetic_images\200x200\female\subject_mesh_0669.png,calvis
F_subject_mesh_0670,F,94.9,78.6,95.9,C:/Users/admin/Downloads/CALVIS/CALVIS/dataset/cmu\synthetic_images\200x200\female\subject_mesh_0670.png,calvis
F_subject_mesh_0671,F,96.1,82.4,105.4,C:/Users/admin/Downloads/CALVIS/CALVIS/dataset/cmu\synthetic_images\200x200\female\subject_mesh_0671.png,calvis
F_subject_mesh_0672,F,99.0,85.0,107.8,C:/Users/admin/Downloads/CALVIS/CALVIS/dataset/cmu\synthetic_images\200x200\female\subject_mesh_0672.png,calvis
F_subject_mesh_0673,F,107.2,92.5,105.9,C:/Users/admin/Downloads/CALVIS/CALVIS/dataset/cmu\synthetic_images\200x200\female\subject_mesh_0673.png,calvis
F_subject_mesh_0674,F,99.2,85.2,103.0,C:/Users/admin/Downloads/CALVIS/CALVIS/dataset/cmu\synthetic_images\200x200\female\subject_mesh_0674.png,calvis
F_subject_mesh_0675,F,93.1,78.6,105.2,C:/Users/admin/Downloads/CALVIS/CALVIS/dataset/cmu\synthetic_images\200x200\female\subject_mesh_0675.png,calvis
F_subject_mesh_0676,F,109.4,99.5,121.5,C:/Users/admin/Downloads/CALVIS/CALVIS/dataset/cmu\synthetic_images\200x200\female\subject_mesh_0676.png,calvis
F_subject_mesh_0677,F,88.7,75.8,100.7,C:/Users/admin/Downloads/CALVIS/CALVIS/dataset/cmu\synthetic_images\200x200\female\subject_mesh_0677.png,calvis
F_subject_mesh_0678,F,95.5,81.2,100.8,C:/Users/admin/Downloads/CALVIS/CALVIS/dataset/cmu\synthetic_images\200x200\female\subject_mesh_0678.png,calvis
F_subject_mesh_0679,F,97.8,85.6,107.1,C:/Users/admin/Downloads/CALVIS/CALVIS/dataset/cmu\synthetic_images\200x200\female\subject_mesh_0679.png,calvis
F_subject_mesh_0680,F,97.7,82.5,101.3,C:/Users/admin/Downloads/CALVIS/CALVIS/dataset/cmu\synthetic_images\200x200\female\subject_mesh_0680.png,calvis
F_subject_mesh_0681,F,93.5,82.8,104.3,C:/Users/admin/Downloads/CALVIS/CALVIS/dataset/cmu\synthetic_images\200x200\female\subject_mesh_0681.png,calvis
F_subject_mesh_0682,F,90.1,75.0,95.4,C:/Users/admin/Downloads/CALVIS/CALVIS/dataset/cmu\synthetic_images\200x200\female\subject_mesh_0682.png,calvis
F_subject_mesh_0683,F,103.7,85.7,96.2,C:/Users/admin/Downloads/CALVIS/CALVIS/dataset/cmu\synthetic_images\200x200\female\subject_mesh_0683.png,calvis
F_subject_mesh_0684,F,97.8,82.5,100.2,C:/Users/admin/Downloads/CALVIS/CALVIS/dataset/cmu\synthetic_images\200x200\female\subject_mesh_0684.png,calvis
F_subject_mesh_0685,F,152.1,138.4,153.4,C:/Users/admin/Downloads/CALVIS/CALVIS/dataset/cmu\synthetic_images\200x200\female\subject_mesh_0685.png,calvis
F_subject_mesh_0686,F,97.6,85.1,113.7,C:/Users/admin/Downloads/CALVIS/CALVIS/dataset/cmu\synthetic_images\200x200\female\subject_mesh_0686.png,calvis
F_subject_mesh_0687,F,95.6,84.6,107.3,C:/Users/admin/Downloads/CALVIS/CALVIS/dataset/cmu\synthetic_images\200x200\female\subject_mesh_0687.png,calvis
F_subject_mesh_0688,F,90.1,74.0,95.1,C:/Users/admin/Downloads/CALVIS/CALVIS/dataset/cmu\synthetic_images\200x200\female\subject_mesh_0688.png,calvis
F_subject_mesh_0689,F,95.3,82.1,103.1,C:/Users/admin/Downloads/CALVIS/CALVIS/dataset/cmu\synthetic_images\200x200\female\subject_mesh_0689.png,calvis
F_subject_mesh_0690,F,98.9,90.3,109.5,C:/Users/admin/Downloads/CALVIS/CALVIS/dataset/cmu\synthetic_images\200x200\female\subject_mesh_0690.png,calvis
F_subject_mesh_0691,F,106.8,93.1,112.2,C:/Users/admin/Downloads/CALVIS/CALVIS/dataset/cmu\synthetic_images\200x200\female\subject_mesh_0691.png,calvis
F_subject_mesh_0692,F,101.7,89.8,111.1,C:/Users/admin/Downloads/CALVIS/CALVIS/dataset/cmu\synthetic_images\200x200\female\subject_mesh_0692.png,calvis
F_subject_mesh_0693,F,116.8,105.6,123.7,C:/Users/admin/Downloads/CALVIS/CALVIS/dataset/cmu\synthetic_images\200x200\female\subject_mesh_0693.png,calvis
F_subject_mesh_0694,F,138.5,121.6,134.4,C:/Users/admin/Downloads/CALVIS/CALVIS/dataset/cmu\synthetic_images\200x200\female\subject_mesh_0694.png,calvis
F_subject_mesh_0695,F,104.5,89.7,109.2,C:/Users/admin/Downloads/CALVIS/CALVIS/dataset/cmu\synthetic_images\200x200\female\subject_mesh_0695.png,calvis
F_subject_mesh_0696,F,128.4,109.1,117.2,C:/Users/admin/Downloads/CALVIS/CALVIS/dataset/cmu\synthetic_images\200x200\female\subject_mesh_0696.png,calvis
F_subject_mesh_0697,F,113.1,100.3,130.0,C:/Users/admin/Downloads/CALVIS/CALVIS/dataset/cmu\synthetic_images\200x200\female\subject_mesh_0697.png,calvis
F_subject_mesh_0698,F,83.2,71.4,100.5,C:/Users/admin/Downloads/CALVIS/CALVIS/dataset/cmu\synthetic_images\200x200\female\subject_mesh_0698.png,calvis
F_subject_mesh_0699,F,89.2,75.6,102.9,C:/Users/admin/Downloads/CALVIS/CALVIS/dataset/cmu\synthetic_images\200x200\female\subject_mesh_0699.png,calvis
F_subject_mesh_0700,F,120.2,108.9,125.0,C:/Users/admin/Downloads/CALVIS/CALVIS/dataset/cmu\synthetic_images\200x200\female\subject_mesh_0700.png,calvis
F_subject_mesh_0701,F,97.6,81.4,99.6,C:/Users/admin/Downloads/CALVIS/CALVIS/dataset/cmu\synthetic_images\200x200\female\subject_mesh_0701.png,calvis
F_subject_mesh_0702,F,114.0,103.2,120.9,C:/Users/admin/Downloads/CALVIS/CALVIS/dataset/cmu\synthetic_images\200x200\female\subject_mesh_0702.png,calvis
F_subject_mesh_0703,F,100.6,86.4,103.3,C:/Users/admin/Downloads/CALVIS/CALVIS/dataset/cmu\synthetic_images\200x200\female\subject_mesh_0703.png,calvis
F_subject_mesh_0704,F,126.7,112.5,125.8,C:/Users/admin/Downloads/CALVIS/CALVIS/dataset/cmu\synthetic_images\200x200\female\subject_mesh_0704.png,calvis
F_subject_mesh_0705,F,85.3,71.8,101.4,C:/Users/admin/Downloads/CALVIS/CALVIS/dataset/cmu\synthetic_images\200x200\female\subject_mesh_0705.png,calvis
F_subject_mesh_0706,F,96.6,84.2,106.2,C:/Users/admin/Downloads/CALVIS/CALVIS/dataset/cmu\synthetic_images\200x200\female\subject_mesh_0706.png,calvis
F_subject_mesh_0707,F,89.0,75.1,103.1,C:/Users/admin/Downloads/CALVIS/CALVIS/dataset/cmu\synthetic_images\200x200\female\subject_mesh_0707.png,calvis
F_subject_mesh_0708,F,95.0,80.0,105.9,C:/Users/admin/Downloads/CALVIS/CALVIS/dataset/cmu\synthetic_images\200x200\female\subject_mesh_0708.png,calvis
F_subject_mesh_0709,F,94.2,80.4,102.1,C:/Users/admin/Downloads/CALVIS/CALVIS/dataset/cmu\synthetic_images\200x200\female\subject_mesh_0709.png,calvis
F_subject_mesh_0710,F,117.2,103.3,116.1,C:/Users/admin/Downloads/CALVIS/CALVIS/dataset/cmu\synthetic_images\200x200\female\subject_mesh_0710.png,calvis
F_subject_mesh_0711,F,98.4,85.2,103.9,C:/Users/admin/Downloads/CALVIS/CALVIS/dataset/cmu\synthetic_images\200x200\female\subject_mesh_0711.png,calvis
F_subject_mesh_0712,F,97.0,85.0,113.1,C:/Users/admin/Downloads/CALVIS/CALVIS/dataset/cmu\synthetic_images\200x200\female\subject_mesh_0712.png,calvis
F_subject_mesh_0713,F,126.8,117.7,134.0,C:/Users/admin/Downloads/CALVIS/CALVIS/dataset/cmu\synthetic_images\200x200\female\subject_mesh_0713.png,calvis
F_subject_mesh_0714,F,120.8,105.8,116.6,C:/Users/admin/Downloads/CALVIS/CALVIS/dataset/cmu\synthetic_images\200x200\female\subject_mesh_0714.png,calvis
F_subject_mesh_0715,F,92.7,77.9,96.0,C:/Users/admin/Downloads/CALVIS/CALVIS/dataset/cmu\synthetic_images\200x200\female\subject_mesh_0715.png,calvis
F_subject_mesh_0716,F,86.2,69.8,92.8,C:/Users/admin/Downloads/CALVIS/CALVIS/dataset/cmu\synthetic_images\200x200\female\subject_mesh_0716.png,calvis
F_subject_mesh_0717,F,92.3,77.2,96.1,C:/Users/admin/Downloads/CALVIS/CALVIS/dataset/cmu\synthetic_images\200x200\female\subject_mesh_0717.png,calvis
F_subject_mesh_0718,F,95.3,84.4,105.7,C:/Users/admin/Downloads/CALVIS/CALVIS/dataset/cmu\synthetic_images\200x200\female\subject_mesh_0718.png,calvis
F_subject_mesh_0719,F,91.4,75.8,102.0,C:/Users/admin/Downloads/CALVIS/CALVIS/dataset/cmu\synthetic_images\200x200\female\subject_mesh_0719.png,calvis
F_subject_mesh_0720,F,108.5,98.4,119.5,C:/Users/admin/Downloads/CALVIS/CALVIS/dataset/cmu\synthetic_images\200x200\female\subject_mesh_0720.png,calvis
F_subject_mesh_0721,F,134.8,123.5,137.4,C:/Users/admin/Downloads/CALVIS/CALVIS/dataset/cmu\synthetic_images\200x200\female\subject_mesh_0721.png,calvis
F_subject_mesh_0722,F,86.0,73.5,97.8,C:/Users/admin/Downloads/CALVIS/CALVIS/dataset/cmu\synthetic_images\200x200\female\subject_mesh_0722.png,calvis
F_subject_mesh_0723,F,112.8,95.7,107.3,C:/Users/admin/Downloads/CALVIS/CALVIS/dataset/cmu\synthetic_images\200x200\female\subject_mesh_0723.png,calvis
F_subject_mesh_0724,F,95.5,79.0,97.4,C:/Users/admin/Downloads/CALVIS/CALVIS/dataset/cmu\synthetic_images\200x200\female\subject_mesh_0724.png,calvis
F_subject_mesh_0725,F,98.0,85.4,104.3,C:/Users/admin/Downloads/CALVIS/CALVIS/dataset/cmu\synthetic_images\200x200\female\subject_mesh_0725.png,calvis
F_subject_mesh_0726,F,112.1,95.0,109.3,C:/Users/admin/Downloads/CALVIS/CALVIS/dataset/cmu\synthetic_images\200x200\female\subject_mesh_0726.png,calvis
F_subject_mesh_0727,F,95.1,82.4,102.5,C:/Users/admin/Downloads/CALVIS/CALVIS/dataset/cmu\synthetic_images\200x200\female\subject_mesh_0727.png,calvis
F_subject_mesh_0728,F,94.7,81.9,106.9,C:/Users/admin/Downloads/CALVIS/CALVIS/dataset/cmu\synthetic_images\200x200\female\subject_mesh_0728.png,calvis
F_subject_mesh_0729,F,98.5,84.1,104.0,C:/Users/admin/Downloads/CALVIS/CALVIS/dataset/cmu\synthetic_images\200x200\female\subject_mesh_0729.png,calvis
F_subject_mesh_0730,F,93.9,81.4,99.0,C:/Users/admin/Downloads/CALVIS/CALVIS/dataset/cmu\synthetic_images\200x200\female\subject_mesh_0730.png,calvis
F_subject_mesh_0731,F,96.5,83.9,99.2,C:/Users/admin/Downloads/CALVIS/CALVIS/dataset/cmu\synthetic_images\200x200\female\subject_mesh_0731.png,calvis
F_subject_mesh_0732,F,98.9,88.8,110.4,C:/Users/admin/Downloads/CALVIS/CALVIS/dataset/cmu\synthetic_images\200x200\female\subject_mesh_0732.png,calvis
F_subject_mesh_0733,F,96.4,84.5,101.4,C:/Users/admin/Downloads/CALVIS/CALVIS/dataset/cmu\synthetic_images\200x200\female\subject_mesh_0733.png,calvis
F_subject_mesh_0734,F,89.2,78.4,102.0,C:/Users/admin/Downloads/CALVIS/CALVIS/dataset/cmu\synthetic_images\200x200\female\subject_mesh_0734.png,calvis
F_subject_mesh_0735,F,88.3,70.9,97.1,C:/Users/admin/Downloads/CALVIS/CALVIS/dataset/cmu\synthetic_images\200x200\female\subject_mesh_0735.png,calvis
F_subject_mesh_0736,F,90.0,75.4,97.1,C:/Users/admin/Downloads/CALVIS/CALVIS/dataset/cmu\synthetic_images\200x200\female\subject_mesh_0736.png,calvis
F_subject_mesh_0737,F,111.2,99.1,118.0,C:/Users/admin/Downloads/CALVIS/CALVIS/dataset/cmu\synthetic_images\200x200\female\subject_mesh_0737.png,calvis
F_subject_mesh_0738,F,84.9,71.9,92.3,C:/Users/admin/Downloads/CALVIS/CALVIS/dataset/cmu\synthetic_images\200x200\female\subject_mesh_0738.png,calvis
F_subject_mesh_0739,F,93.3,78.4,98.0,C:/Users/admin/Downloads/CALVIS/CALVIS/dataset/cmu\synthetic_images\200x200\female\subject_mesh_0739.png,calvis
F_subject_mesh_0740,F,106.5,92.5,112.4,C:/Users/admin/Downloads/CALVIS/CALVIS/dataset/cmu\synthetic_images\200x200\female\subject_mesh_0740.png,calvis
F_subject_mesh_0741,F,91.3,79.1,103.4,C:/Users/admin/Downloads/CALVIS/CALVIS/dataset/cmu\synthetic_images\200x200\female\subject_mesh_0741.png,calvis
F_subject_mesh_0742,F,104.8,92.4,108.9,C:/Users/admin/Downloads/CALVIS/CALVIS/dataset/cmu\synthetic_images\200x200\female\subject_mesh_0742.png,calvis
F_subject_mesh_0743,F,120.6,108.0,130.6,C:/Users/admin/Downloads/CALVIS/CALVIS/dataset/cmu\synthetic_images\200x200\female\subject_mesh_0743.png,calvis
F_subject_mesh_0744,F,107.2,95.6,109.0,C:/Users/admin/Downloads/CALVIS/CALVIS/dataset/cmu\synthetic_images\200x200\female\subject_mesh_0744.png,calvis
F_subject_mesh_0745,F,102.6,89.0,103.3,C:/Users/admin/Downloads/CALVIS/CALVIS/dataset/cmu\synthetic_images\200x200\female\subject_mesh_0745.png,calvis
F_subject_mesh_0746,F,85.1,69.3,92.3,C:/Users/admin/Downloads/CALVIS/CALVIS/dataset/cmu\synthetic_images\200x200\female\subject_mesh_0746.png,calvis
F_subject_mesh_0747,F,94.7,81.9,102.7,C:/Users/admin/Downloads/CALVIS/CALVIS/dataset/cmu\synthetic_images\200x200\female\subject_mesh_0747.png,calvis
F_subject_mesh_0748,F,94.9,78.3,100.3,C:/Users/admin/Downloads/CALVIS/CALVIS/dataset/cmu\synthetic_images\200x200\female\subject_mesh_0748.png,calvis
F_subject_mesh_0749,F,89.8,75.7,94.3,C:/Users/admin/Downloads/CALVIS/CALVIS/dataset/cmu\synthetic_images\200x200\female\subject_mesh_0749.png,calvis
F_subject_mesh_0750,F,93.3,83.4,115.5,C:/Users/admin/Downloads/CALVIS/CALVIS/dataset/cmu\synthetic_images\200x200\female\subject_mesh_0750.png,calvis
F_subject_mesh_0751,F,97.8,83.9,100.8,C:/Users/admin/Downloads/CALVIS/CALVIS/dataset/cmu\synthetic_images\200x200\female\subject_mesh_0751.png,calvis
F_subject_mesh_0752,F,105.2,89.0,99.5,C:/Users/admin/Downloads/CALVIS/CALVIS/dataset/cmu\synthetic_images\200x200\female\subject_mesh_0752.png,calvis
F_subject_mesh_0753,F,91.3,77.7,99.5,C:/Users/admin/Downloads/CALVIS/CALVIS/dataset/cmu\synthetic_images\200x200\female\subject_mesh_0753.png,calvis
F_subject_mesh_0754,F,94.8,80.5,99.4,C:/Users/admin/Downloads/CALVIS/CALVIS/dataset/cmu\synthetic_images\200x200\female\subject_mesh_0754.png,calvis
F_subject_mesh_0755,F,88.1,76.0,101.0,C:/Users/admin/Downloads/CALVIS/CALVIS/dataset/cmu\synthetic_images\200x200\female\subject_mesh_0755.png,calvis
F_subject_mesh_0756,F,95.0,82.5,99.9,C:/Users/admin/Downloads/CALVIS/CALVIS/dataset/cmu\synthetic_images\200x200\female\subject_mesh_0756.png,calvis
F_subject_mesh_0757,F,95.9,83.0,105.3,C:/Users/admin/Downloads/CALVIS/CALVIS/dataset/cmu\synthetic_images\200x200\female\subject_mesh_0757.png,calvis
F_subject_mesh_0758,F,119.7,107.4,122.4,C:/Users/admin/Downloads/CALVIS/CALVIS/dataset/cmu\synthetic_images\200x200\female\subject_mesh_0758.png,calvis
F_subject_mesh_0759,F,119.2,103.2,116.1,C:/Users/admin/Downloads/CALVIS/CALVIS/dataset/cmu\synthetic_images\200x200\female\subject_mesh_0759.png,calvis
F_subject_mesh_0760,F,100.0,92.0,120.9,C:/Users/admin/Downloads/CALVIS/CALVIS/dataset/cmu\synthetic_images\200x200\female\subject_mesh_0760.png,calvis
F_subject_mesh_0761,F,100.4,86.5,103.7,C:/Users/admin/Downloads/CALVIS/CALVIS/dataset/cmu\synthetic_images\200x200\female\subject_mesh_0761.png,calvis
F_subject_mesh_0762,F,91.5,74.0,96.5,C:/Users/admin/Downloads/CALVIS/CALVIS/dataset/cmu\synthetic_images\200x200\female\subject_mesh_0762.png,calvis
F_subject_mesh_0763,F,98.1,85.1,108.2,C:/Users/admin/Downloads/CALVIS/CALVIS/dataset/cmu\synthetic_images\200x200\female\subject_mesh_0763.png,calvis
F_subject_mesh_0764,F,92.3,79.8,105.9,C:/Users/admin/Downloads/CALVIS/CALVIS/dataset/cmu\synthetic_images\200x200\female\subject_mesh_0764.png,calvis
F_subject_mesh_0765,F,115.3,100.6,113.2,C:/Users/admin/Downloads/CALVIS/CALVIS/dataset/cmu\synthetic_images\200x200\female\subject_mesh_0765.png,calvis
F_subject_mesh_0766,F,86.1,71.1,96.0,C:/Users/admin/Downloads/CALVIS/CALVIS/dataset/cmu\synthetic_images\200x200\female\subject_mesh_0766.png,calvis
F_subject_mesh_0767,F,93.3,80.2,100.3,C:/Users/admin/Downloads/CALVIS/CALVIS/dataset/cmu\synthetic_images\200x200\female\subject_mesh_0767.png,calvis
F_subject_mesh_0768,F,95.4,81.9,106.6,C:/Users/admin/Downloads/CALVIS/CALVIS/dataset/cmu\synthetic_images\200x200\female\subject_mesh_0768.png,calvis
F_subject_mesh_0769,F,97.6,84.3,106.2,C:/Users/admin/Downloads/CALVIS/CALVIS/dataset/cmu\synthetic_images\200x200\female\subject_mesh_0769.png,calvis
F_subject_mesh_0770,F,106.8,94.1,109.3,C:/Users/admin/Downloads/CALVIS/CALVIS/dataset/cmu\synthetic_images\200x200\female\subject_mesh_0770.png,calvis
F_subject_mesh_0771,F,96.9,84.7,105.3,C:/Users/admin/Downloads/CALVIS/CALVIS/dataset/cmu\synthetic_images\200x200\female\subject_mesh_0771.png,calvis
F_subject_mesh_0772,F,102.1,86.6,101.5,C:/Users/admin/Downloads/CALVIS/CALVIS/dataset/cmu\synthetic_images\200x200\female\subject_mesh_0772.png,calvis
F_subject_mesh_0773,F,106.4,92.4,108.2,C:/Users/admin/Downloads/CALVIS/CALVIS/dataset/cmu\synthetic_images\200x200\female\subject_mesh_0773.png,calvis
F_subject_mesh_0774,F,113.5,101.4,118.9,C:/Users/admin/Downloads/CALVIS/CALVIS/dataset/cmu\synthetic_images\200x200\female\subject_mesh_0774.png,calvis
F_subject_mesh_0775,F,92.6,76.9,94.2,C:/Users/admin/Downloads/CALVIS/CALVIS/dataset/cmu\synthetic_images\200x200\female\subject_mesh_0775.png,calvis
F_subject_mesh_0776,F,93.1,82.9,102.5,C:/Users/admin/Downloads/CALVIS/CALVIS/dataset/cmu\synthetic_images\200x200\female\subject_mesh_0776.png,calvis
F_subject_mesh_0777,F,127.2,110.2,122.6,C:/Users/admin/Downloads/CALVIS/CALVIS/dataset/cmu\synthetic_images\200x200\female\subject_mesh_0777.png,calvis
F_subject_mesh_0778,F,92.4,78.6,104.1,C:/Users/admin/Downloads/CALVIS/CALVIS/dataset/cmu\synthetic_images\200x200\female\subject_mesh_0778.png,calvis
F_subject_mesh_0779,F,100.5,87.0,109.8,C:/Users/admin/Downloads/CALVIS/CALVIS/dataset/cmu\synthetic_images\200x200\female\subject_mesh_0779.png,calvis
F_subject_mesh_0780,F,84.8,69.1,90.3,C:/Users/admin/Downloads/CALVIS/CALVIS/dataset/cmu\synthetic_images\200x200\female\subject_mesh_0780.png,calvis
F_subject_mesh_0781,F,91.7,78.6,105.9,C:/Users/admin/Downloads/CALVIS/CALVIS/dataset/cmu\synthetic_images\200x200\female\subject_mesh_0781.png,calvis
F_subject_mesh_0782,F,93.4,79.7,101.9,C:/Users/admin/Downloads/CALVIS/CALVIS/dataset/cmu\synthetic_images\200x200\female\subject_mesh_0782.png,calvis
F_subject_mesh_0783,F,89.0,75.4,101.2,C:/Users/admin/Downloads/CALVIS/CALVIS/dataset/cmu\synthetic_images\200x200\female\subject_mesh_0783.png,calvis
F_subject_mesh_0784,F,101.1,88.0,108.6,C:/Users/admin/Downloads/CALVIS/CALVIS/dataset/cmu\synthetic_images\200x200\female\subject_mesh_0784.png,calvis
F_subject_mesh_0785,F,101.8,89.4,113.2,C:/Users/admin/Downloads/CALVIS/CALVIS/dataset/cmu\synthetic_images\200x200\female\subject_mesh_0785.png,calvis
F_subject_mesh_0786,F,102.1,87.7,101.7,C:/Users/admin/Downloads/CALVIS/CALVIS/dataset/cmu\synthetic_images\200x200\female\subject_mesh_0786.png,calvis
F_subject_mesh_0787,F,96.7,82.8,105.2,C:/Users/admin/Downloads/CALVIS/CALVIS/dataset/cmu\synthetic_images\200x200\female\subject_mesh_0787.png,calvis
F_subject_mesh_0788,F,112.8,98.9,118.9,C:/Users/admin/Downloads/CALVIS/CALVIS/dataset/cmu\synthetic_images\200x200\female\subject_mesh_0788.png,calvis
F_subject_mesh_0789,F,96.7,82.0,97.6,C:/Users/admin/Downloads/CALVIS/CALVIS/dataset/cmu\synthetic_images\200x200\female\subject_mesh_0789.png,calvis
F_subject_mesh_0790,F,98.7,82.4,98.3,C:/Users/admin/Downloads/CALVIS/CALVIS/dataset/cmu\synthetic_images\200x200\female\subject_mesh_0790.png,calvis
F_subject_mesh_0791,F,97.4,81.4,104.1,C:/Users/admin/Downloads/CALVIS/CALVIS/dataset/cmu\synthetic_images\200x200\female\subject_mesh_0791.png,calvis
F_subject_mesh_0792,F,118.1,105.2,120.6,C:/Users/admin/Downloads/CALVIS/CALVIS/dataset/cmu\synthetic_images\200x200\female\subject_mesh_0792.png,calvis
F_subject_mesh_0793,F,89.1,73.9,95.5,C:/Users/admin/Downloads/CALVIS/CALVIS/dataset/cmu\synthetic_images\200x200\female\subject_mesh_0793.png,calvis
F_subject_mesh_0794,F,89.1,74.8,101.2,C:/Users/admin/Downloads/CALVIS/CALVIS/dataset/cmu\synthetic_images\200x200\female\subject_mesh_0794.png,calvis
F_subject_mesh_0795,F,99.2,89.6,116.6,C:/Users/admin/Downloads/CALVIS/CALVIS/dataset/cmu\synthetic_images\200x200\female\subject_mesh_0795.png,calvis
F_subject_mesh_0796,F,100.2,86.2,102.2,C:/Users/admin/Downloads/CALVIS/CALVIS/dataset/cmu\synthetic_images\200x200\female\subject_mesh_0796.png,calvis
F_subject_mesh_0797,F,90.6,74.1,98.3,C:/Users/admin/Downloads/CALVIS/CALVIS/dataset/cmu\synthetic_images\200x200\female\subject_mesh_0797.png,calvis
F_subject_mesh_0798,F,93.4,80.2,105.7,C:/Users/admin/Downloads/CALVIS/CALVIS/dataset/cmu\synthetic_images\200x200\female\subject_mesh_0798.png,calvis
F_subject_mesh_0799,F,99.6,88.2,118.5,C:/Users/admin/Downloads/CALVIS/CALVIS/dataset/cmu\synthetic_images\200x200\female\subject_mesh_0799.png,calvis
F_subject_mesh_0800,F,92.8,79.0,102.4,C:/Users/admin/Downloads/CALVIS/CALVIS/dataset/cmu\synthetic_images\200x200\female\subject_mesh_0800.png,calvis
F_subject_mesh_0801,F,83.7,68.9,90.1,C:/Users/admin/Downloads/CALVIS/CALVIS/dataset/cmu\synthetic_images\200x200\female\subject_mesh_0801.png,calvis
F_subject_mesh_0802,F,115.4,102.5,119.4,C:/Users/admin/Downloads/CALVIS/CALVIS/dataset/cmu\synthetic_images\200x200\female\subject_mesh_0802.png,calvis
F_subject_mesh_0803,F,128.3,123.6,164.6,C:/Users/admin/Downloads/CALVIS/CALVIS/dataset/cmu\synthetic_images\200x200\female\subject_mesh_0803.png,calvis
F_subject_mesh_0804,F,97.4,86.1,110.1,C:/Users/admin/Downloads/CALVIS/CALVIS/dataset/cmu\synthetic_images\200x200\female\subject_mesh_0804.png,calvis
F_subject_mesh_0805,F,86.0,70.5,92.4,C:/Users/admin/Downloads/CALVIS/CALVIS/dataset/cmu\synthetic_images\200x200\female\subject_mesh_0805.png,calvis
F_subject_mesh_0806,F,92.8,78.0,99.4,C:/Users/admin/Downloads/CALVIS/CALVIS/dataset/cmu\synthetic_images\200x200\female\subject_mesh_0806.png,calvis
F_subject_mesh_0807,F,107.8,92.6,105.8,C:/Users/admin/Downloads/CALVIS/CALVIS/dataset/cmu\synthetic_images\200x200\female\subject_mesh_0807.png,calvis
F_subject_mesh_0808,F,88.6,75.7,100.3,C:/Users/admin/Downloads/CALVIS/CALVIS/dataset/cmu\synthetic_images\200x200\female\subject_mesh_0808.png,calvis
F_subject_mesh_0809,F,91.3,75.1,95.6,C:/Users/admin/Downloads/CALVIS/CALVIS/dataset/cmu\synthetic_images\200x200\female\subject_mesh_0809.png,calvis
F_subject_mesh_0810,F,99.1,83.9,97.4,C:/Users/admin/Downloads/CALVIS/CALVIS/dataset/cmu\synthetic_images\200x200\female\subject_mesh_0810.png,calvis
F_subject_mesh_0811,F,126.4,114.5,129.9,C:/Users/admin/Downloads/CALVIS/CALVIS/dataset/cmu\synthetic_images\200x200\female\subject_mesh_0811.png,calvis
F_subject_mesh_0812,F,94.5,80.0,104.3,C:/Users/admin/Downloads/CALVIS/CALVIS/dataset/cmu\synthetic_images\200x200\female\subject_mesh_0812.png,calvis
F_subject_mesh_0813,F,84.9,70.9,99.4,C:/Users/admin/Downloads/CALVIS/CALVIS/dataset/cmu\synthetic_images\200x200\female\subject_mesh_0813.png,calvis
F_subject_mesh_0814,F,100.8,87.4,107.6,C:/Users/admin/Downloads/CALVIS/CALVIS/dataset/cmu\synthetic_images\200x200\female\subject_mesh_0814.png,calvis
F_subject_mesh_0815,F,95.2,79.9,103.4,C:/Users/admin/Downloads/CALVIS/CALVIS/dataset/cmu\synthetic_images\200x200\female\subject_mesh_0815.png,calvis
F_subject_mesh_0816,F,100.1,90.7,116.0,C:/Users/admin/Downloads/CALVIS/CALVIS/dataset/cmu\synthetic_images\200x200\female\subject_mesh_0816.png,calvis
F_subject_mesh_0817,F,100.1,90.5,119.3,C:/Users/admin/Downloads/CALVIS/CALVIS/dataset/cmu\synthetic_images\200x200\female\subject_mesh_0817.png,calvis
F_subject_mesh_0818,F,101.2,87.6,102.7,C:/Users/admin/Downloads/CALVIS/CALVIS/dataset/cmu\synthetic_images\200x200\female\subject_mesh_0818.png,calvis
F_subject_mesh_0819,F,92.9,78.0,94.9,C:/Users/admin/Downloads/CALVIS/CALVIS/dataset/cmu\synthetic_images\200x200\female\subject_mesh_0819.png,calvis
F_subject_mesh_0820,F,97.5,85.1,108.8,C:/Users/admin/Downloads/CALVIS/CALVIS/dataset/cmu\synthetic_images\200x200\female\subject_mesh_0820.png,calvis
F_subject_mesh_0821,F,115.9,99.1,110.6,C:/Users/admin/Downloads/CALVIS/CALVIS/dataset/cmu\synthetic_images\200x200\female\subject_mesh_0821.png,calvis
F_subject_mesh_0822,F,95.4,81.1,91.9,C:/Users/admin/Downloads/CALVIS/CALVIS/dataset/cmu\synthetic_images\200x200\female\subject_mesh_0822.png,calvis
F_subject_mesh_0823,F,93.6,82.0,102.9,C:/Users/admin/Downloads/CALVIS/CALVIS/dataset/cmu\synthetic_images\200x200\female\subject_mesh_0823.png,calvis
F_subject_mesh_0824,F,96.9,82.4,95.3,C:/Users/admin/Downloads/CALVIS/CALVIS/dataset/cmu\synthetic_images\200x200\female\subject_mesh_0824.png,calvis
F_subject_mesh_0825,F,102.4,86.0,103.3,C:/Users/admin/Downloads/CALVIS/CALVIS/dataset/cmu\synthetic_images\200x200\female\subject_mesh_0825.png,calvis
F_subject_mesh_0826,F,87.9,74.3,98.9,C:/Users/admin/Downloads/CALVIS/CALVIS/dataset/cmu\synthetic_images\200x200\female\subject_mesh_0826.png,calvis
F_subject_mesh_0827,F,108.5,96.4,115.7,C:/Users/admin/Downloads/CALVIS/CALVIS/dataset/cmu\synthetic_images\200x200\female\subject_mesh_0827.png,calvis
F_subject_mesh_0828,F,90.9,76.8,100.9,C:/Users/admin/Downloads/CALVIS/CALVIS/dataset/cmu\synthetic_images\200x200\female\subject_mesh_0828.png,calvis
F_subject_mesh_0829,F,100.3,80.8,92.8,C:/Users/admin/Downloads/CALVIS/CALVIS/dataset/cmu\synthetic_images\200x200\female\subject_mesh_0829.png,calvis
F_subject_mesh_0830,F,92.2,77.3,100.4,C:/Users/admin/Downloads/CALVIS/CALVIS/dataset/cmu\synthetic_images\200x200\female\subject_mesh_0830.png,calvis
F_subject_mesh_0831,F,87.2,71.9,90.7,C:/Users/admin/Downloads/CALVIS/CALVIS/dataset/cmu\synthetic_images\200x200\female\subject_mesh_0831.png,calvis
F_subject_mesh_0832,F,102.3,88.9,108.4,C:/Users/admin/Downloads/CALVIS/CALVIS/dataset/cmu\synthetic_images\200x200\female\subject_mesh_0832.png,calvis
F_subject_mesh_0833,F,88.8,75.7,94.7,C:/Users/admin/Downloads/CALVIS/CALVIS/dataset/cmu\synthetic_images\200x200\female\subject_mesh_0833.png,calvis
F_subject_mesh_0834,F,88.8,74.5,98.2,C:/Users/admin/Downloads/CALVIS/CALVIS/dataset/cmu\synthetic_images\200x200\female\subject_mesh_0834.png,calvis
F_subject_mesh_0835,F,88.3,75.6,101.9,C:/Users/admin/Downloads/CALVIS/CALVIS/dataset/cmu\synthetic_images\200x200\female\subject_mesh_0835.png,calvis
F_subject_mesh_0836,F,93.4,79.2,97.8,C:/Users/admin/Downloads/CALVIS/CALVIS/dataset/cmu\synthetic_images\200x200\female\subject_mesh_0836.png,calvis
F_subject_mesh_0837,F,98.8,85.8,103.2,C:/Users/admin/Downloads/CALVIS/CALVIS/dataset/cmu\synthetic_images\200x200\female\subject_mesh_0837.png,calvis
F_subject_mesh_0838,F,89.9,77.4,101.9,C:/Users/admin/Downloads/CALVIS/CALVIS/dataset/cmu\synthetic_images\200x200\female\subject_mesh_0838.png,calvis
F_subject_mesh_0839,F,107.1,92.4,109.3,C:/Users/admin/Downloads/CALVIS/CALVIS/dataset/cmu\synthetic_images\200x200\female\subject_mesh_0839.png,calvis
F_subject_mesh_0840,F,90.1,77.2,101.2,C:/Users/admin/Downloads/CALVIS/CALVIS/dataset/cmu\synthetic_images\200x200\female\subject_mesh_0840.png,calvis
F_subject_mesh_0841,F,100.8,86.8,104.9,C:/Users/admin/Downloads/CALVIS/CALVIS/dataset/cmu\synthetic_images\200x200\female\subject_mesh_0841.png,calvis
F_subject_mesh_0842,F,88.8,74.8,99.4,C:/Users/admin/Downloads/CALVIS/CALVIS/dataset/cmu\synthetic_images\200x200\female\subject_mesh_0842.png,calvis
F_subject_mesh_0843,F,89.9,76.7,105.5,C:/Users/admin/Downloads/CALVIS/CALVIS/dataset/cmu\synthetic_images\200x200\female\subject_mesh_0843.png,calvis
F_subject_mesh_0844,F,99.5,87.3,106.3,C:/Users/admin/Downloads/CALVIS/CALVIS/dataset/cmu\synthetic_images\200x200\female\subject_mesh_0844.png,calvis
F_subject_mesh_0845,F,95.1,80.6,96.7,C:/Users/admin/Downloads/CALVIS/CALVIS/dataset/cmu\synthetic_images\200x200\female\subject_mesh_0845.png,calvis
F_subject_mesh_0846,F,88.9,73.6,96.5,C:/Users/admin/Downloads/CALVIS/CALVIS/dataset/cmu\synthetic_images\200x200\female\subject_mesh_0846.png,calvis
F_subject_mesh_0847,F,99.3,86.5,104.7,C:/Users/admin/Downloads/CALVIS/CALVIS/dataset/cmu\synthetic_images\200x200\female\subject_mesh_0847.png,calvis
F_subject_mesh_0848,F,107.5,93.4,108.8,C:/Users/admin/Downloads/CALVIS/CALVIS/dataset/cmu\synthetic_images\200x200\female\subject_mesh_0848.png,calvis
F_subject_mesh_0849,F,99.4,86.3,103.8,C:/Users/admin/Downloads/CALVIS/CALVIS/dataset/cmu\synthetic_images\200x200\female\subject_mesh_0849.png,calvis
F_subject_mesh_0850,F,102.6,90.2,110.8,C:/Users/admin/Downloads/CALVIS/CALVIS/dataset/cmu\synthetic_images\200x200\female\subject_mesh_0850.png,calvis
F_subject_mesh_0851,F,92.0,76.2,98.6,C:/Users/admin/Downloads/CALVIS/CALVIS/dataset/cmu\synthetic_images\200x200\female\subject_mesh_0851.png,calvis
F_subject_mesh_0852,F,87.0,72.6,94.9,C:/Users/admin/Downloads/CALVIS/CALVIS/dataset/cmu\synthetic_images\200x200\female\subject_mesh_0852.png,calvis
F_subject_mesh_0853,F,105.9,93.1,111.5,C:/Users/admin/Downloads/CALVIS/CALVIS/dataset/cmu\synthetic_images\200x200\female\subject_mesh_0853.png,calvis
F_subject_mesh_0854,F,101.3,87.4,101.1,C:/Users/admin/Downloads/CALVIS/CALVIS/dataset/cmu\synthetic_images\200x200\female\subject_mesh_0854.png,calvis
F_subject_mesh_0855,F,100.9,91.8,110.6,C:/Users/admin/Downloads/CALVIS/CALVIS/dataset/cmu\synthetic_images\200x200\female\subject_mesh_0855.png,calvis
F_subject_mesh_0856,F,99.7,87.0,102.5,C:/Users/admin/Downloads/CALVIS/CALVIS/dataset/cmu\synthetic_images\200x200\female\subject_mesh_0856.png,calvis
F_subject_mesh_0857,F,89.1,72.2,93.7,C:/Users/admin/Downloads/CALVIS/CALVIS/dataset/cmu\synthetic_images\200x200\female\subject_mesh_0857.png,calvis
F_subject_mesh_0858,F,92.6,77.8,100.3,C:/Users/admin/Downloads/CALVIS/CALVIS/dataset/cmu\synthetic_images\200x200\female\subject_mesh_0858.png,calvis
F_subject_mesh_0859,F,103.8,90.8,118.4,C:/Users/admin/Downloads/CALVIS/CALVIS/dataset/cmu\synthetic_images\200x200\female\subject_mesh_0859.png,calvis
F_subject_mesh_0860,F,95.7,80.9,102.8,C:/Users/admin/Downloads/CALVIS/CALVIS/dataset/cmu\synthetic_images\200x200\female\subject_mesh_0860.png,calvis
F_subject_mesh_0861,F,94.6,79.6,102.5,C:/Users/admin/Downloads/CALVIS/CALVIS/dataset/cmu\synthetic_images\200x200\female\subject_mesh_0861.png,calvis
F_subject_mesh_0862,F,89.8,74.1,95.9,C:/Users/admin/Downloads/CALVIS/CALVIS/dataset/cmu\synthetic_images\200x200\female\subject_mesh_0862.png,calvis
F_subject_mesh_0863,F,98.9,86.5,112.1,C:/Users/admin/Downloads/CALVIS/CALVIS/dataset/cmu\synthetic_images\200x200\female\subject_mesh_0863.png,calvis
F_subject_mesh_0864,F,94.8,81.5,98.3,C:/Users/admin/Downloads/CALVIS/CALVIS/dataset/cmu\synthetic_images\200x200\female\subject_mesh_0864.png,calvis
F_subject_mesh_0865,F,86.6,70.7,95.0,C:/Users/admin/Downloads/CALVIS/CALVIS/dataset/cmu\synthetic_images\200x200\female\subject_mesh_0865.png,calvis
F_subject_mesh_0866,F,85.2,72.9,97.5,C:/Users/admin/Downloads/CALVIS/CALVIS/dataset/cmu\synthetic_images\200x200\female\subject_mesh_0866.png,calvis
F_subject_mesh_0867,F,109.9,94.0,106.7,C:/Users/admin/Downloads/CALVIS/CALVIS/dataset/cmu\synthetic_images\200x200\female\subject_mesh_0867.png,calvis
F_subject_mesh_0868,F,119.7,103.2,115.9,C:/Users/admin/Downloads/CALVIS/CALVIS/dataset/cmu\synthetic_images\200x200\female\subject_mesh_0868.png,calvis
F_subject_mesh_0869,F,106.5,94.2,115.0,C:/Users/admin/Downloads/CALVIS/CALVIS/dataset/cmu\synthetic_images\200x200\female\subject_mesh_0869.png,calvis
F_subject_mesh_0870,F,131.3,115.2,126.4,C:/Users/admin/Downloads/CALVIS/CALVIS/dataset/cmu\synthetic_images\200x200\female\subject_mesh_0870.png,calvis
F_subject_mesh_0871,F,92.2,78.8,102.6,C:/Users/admin/Downloads/CALVIS/CALVIS/dataset/cmu\synthetic_images\200x200\female\subject_mesh_0871.png,calvis
F_subject_mesh_0872,F,119.5,108.7,123.7,C:/Users/admin/Downloads/CALVIS/CALVIS/dataset/cmu\synthetic_images\200x200\female\subject_mesh_0872.png,calvis
F_subject_mesh_0873,F,99.7,85.8,106.4,C:/Users/admin/Downloads/CALVIS/CALVIS/dataset/cmu\synthetic_images\200x200\female\subject_mesh_0873.png,calvis
F_subject_mesh_0874,F,90.6,76.5,100.3,C:/Users/admin/Downloads/CALVIS/CALVIS/dataset/cmu\synthetic_images\200x200\female\subject_mesh_0874.png,calvis
F_subject_mesh_0875,F,93.2,77.2,98.8,C:/Users/admin/Downloads/CALVIS/CALVIS/dataset/cmu\synthetic_images\200x200\female\subject_mesh_0875.png,calvis
F_subject_mesh_0876,F,119.6,107.7,128.2,C:/Users/admin/Downloads/CALVIS/CALVIS/dataset/cmu\synthetic_images\200x200\female\subject_mesh_0876.png,calvis
F_subject_mesh_0877,F,109.7,94.4,106.0,C:/Users/admin/Downloads/CALVIS/CALVIS/dataset/cmu\synthetic_images\200x200\female\subject_mesh_0877.png,calvis
F_subject_mesh_0878,F,113.5,103.2,118.1,C:/Users/admin/Downloads/CALVIS/CALVIS/dataset/cmu\synthetic_images\200x200\female\subject_mesh_0878.png,calvis
F_subject_mesh_0879,F,102.6,91.4,114.5,C:/Users/admin/Downloads/CALVIS/CALVIS/dataset/cmu\synthetic_images\200x200\female\subject_mesh_0879.png,calvis
F_subject_mesh_0880,F,98.2,82.1,103.2,C:/Users/admin/Downloads/CALVIS/CALVIS/dataset/cmu\synthetic_images\200x200\female\subject_mesh_0880.png,calvis
F_subject_mesh_0881,F,97.8,84.2,99.5,C:/Users/admin/Downloads/CALVIS/CALVIS/dataset/cmu\synthetic_images\200x200\female\subject_mesh_0881.png,calvis
F_subject_mesh_0882,F,84.2,67.8,90.7,C:/Users/admin/Downloads/CALVIS/CALVIS/dataset/cmu\synthetic_images\200x200\female\subject_mesh_0882.png,calvis
F_subject_mesh_0883,F,96.9,82.8,94.4,C:/Users/admin/Downloads/CALVIS/CALVIS/dataset/cmu\synthetic_images\200x200\female\subject_mesh_0883.png,calvis
F_subject_mesh_0884,F,92.9,80.0,101.2,C:/Users/admin/Downloads/CALVIS/CALVIS/dataset/cmu\synthetic_images\200x200\female\subject_mesh_0884.png,calvis
F_subject_mesh_0885,F,95.0,79.9,101.2,C:/Users/admin/Downloads/CALVIS/CALVIS/dataset/cmu\synthetic_images\200x200\female\subject_mesh_0885.png,calvis
F_subject_mesh_0886,F,98.8,83.7,104.4,C:/Users/admin/Downloads/CALVIS/CALVIS/dataset/cmu\synthetic_images\200x200\female\subject_mesh_0886.png,calvis
F_subject_mesh_0887,F,91.4,77.0,100.4,C:/Users/admin/Downloads/CALVIS/CALVIS/dataset/cmu\synthetic_images\200x200\female\subject_mesh_0887.png,calvis
F_subject_mesh_0888,F,90.1,78.1,97.0,C:/Users/admin/Downloads/CALVIS/CALVIS/dataset/cmu\synthetic_images\200x200\female\subject_mesh_0888.png,calvis
F_subject_mesh_0889,F,116.8,111.1,138.0,C:/Users/admin/Downloads/CALVIS/CALVIS/dataset/cmu\synthetic_images\200x200\female\subject_mesh_0889.png,calvis
F_subject_mesh_0890,F,96.5,81.7,102.5,C:/Users/admin/Downloads/CALVIS/CALVIS/dataset/cmu\synthetic_images\200x200\female\subject_mesh_0890.png,calvis
F_subject_mesh_0891,F,93.2,80.3,102.4,C:/Users/admin/Downloads/CALVIS/CALVIS/dataset/cmu\synthetic_images\200x200\female\subject_mesh_0891.png,calvis
F_subject_mesh_0892,F,105.0,95.0,117.3,C:/Users/admin/Downloads/CALVIS/CALVIS/dataset/cmu\synthetic_images\200x200\female\subject_mesh_0892.png,calvis
F_subject_mesh_0893,F,95.9,83.5,107.3,C:/Users/admin/Downloads/CALVIS/CALVIS/dataset/cmu\synthetic_images\200x200\female\subject_mesh_0893.png,calvis
F_subject_mesh_0894,F,96.0,81.2,103.1,C:/Users/admin/Downloads/CALVIS/CALVIS/dataset/cmu\synthetic_images\200x200\female\subject_mesh_0894.png,calvis
F_subject_mesh_0895,F,92.8,77.7,97.1,C:/Users/admin/Downloads/CALVIS/CALVIS/dataset/cmu\synthetic_images\200x200\female\subject_mesh_0895.png,calvis
F_subject_mesh_0896,F,96.5,85.8,102.6,C:/Users/admin/Downloads/CALVIS/CALVIS/dataset/cmu\synthetic_images\200x200\female\subject_mesh_0896.png,calvis
F_subject_mesh_0897,F,133.2,119.7,129.8,C:/Users/admin/Downloads/CALVIS/CALVIS/dataset/cmu\synthetic_images\200x200\female\subject_mesh_0897.png,calvis
F_subject_mesh_0898,F,103.2,89.1,103.0,C:/Users/admin/Downloads/CALVIS/CALVIS/dataset/cmu\synthetic_images\200x200\female\subject_mesh_0898.png,calvis
F_subject_mesh_0899,F,88.1,74.1,98.7,C:/Users/admin/Downloads/CALVIS/CALVIS/dataset/cmu\synthetic_images\200x200\female\subject_mesh_0899.png,calvis
F_subject_mesh_0900,F,94.1,80.7,99.5,C:/Users/admin/Downloads/CALVIS/CALVIS/dataset/cmu\synthetic_images\200x200\female\subject_mesh_0900.png,calvis
F_subject_mesh_0901,F,90.6,76.6,98.7,C:/Users/admin/Downloads/CALVIS/CALVIS/dataset/cmu\synthetic_images\200x200\female\subject_mesh_0901.png,calvis
F_subject_mesh_0902,F,80.4,65.8,88.9,C:/Users/admin/Downloads/CALVIS/CALVIS/dataset/cmu\synthetic_images\200x200\female\subject_mesh_0902.png,calvis
F_subject_mesh_0903,F,118.3,103.1,115.8,C:/Users/admin/Downloads/CALVIS/CALVIS/dataset/cmu\synthetic_images\200x200\female\subject_mesh_0903.png,calvis
F_subject_mesh_0904,F,98.8,84.3,102.8,C:/Users/admin/Downloads/CALVIS/CALVIS/dataset/cmu\synthetic_images\200x200\female\subject_mesh_0904.png,calvis
F_subject_mesh_0905,F,108.9,95.7,110.3,C:/Users/admin/Downloads/CALVIS/CALVIS/dataset/cmu\synthetic_images\200x200\female\subject_mesh_0905.png,calvis
F_subject_mesh_0906,F,93.7,79.9,103.3,C:/Users/admin/Downloads/CALVIS/CALVIS/dataset/cmu\synthetic_images\200x200\female\subject_mesh_0906.png,calvis
F_subject_mesh_0907,F,96.6,83.2,103.3,C:/Users/admin/Downloads/CALVIS/CALVIS/dataset/cmu\synthetic_images\200x200\female\subject_mesh_0907.png,calvis
F_subject_mesh_0908,F,94.5,79.1,99.9,C:/Users/admin/Downloads/CALVIS/CALVIS/dataset/cmu\synthetic_images\200x200\female\subject_mesh_0908.png,calvis
F_subject_mesh_0909,F,102.5,87.7,113.6,C:/Users/admin/Downloads/CALVIS/CALVIS/dataset/cmu\synthetic_images\200x200\female\subject_mesh_0909.png,calvis
F_subject_mesh_0910,F,97.0,82.9,97.9,C:/Users/admin/Downloads/CALVIS/CALVIS/dataset/cmu\synthetic_images\200x200\female\subject_mesh_0910.png,calvis
F_subject_mesh_0911,F,91.7,78.5,103.8,C:/Users/admin/Downloads/CALVIS/CALVIS/dataset/cmu\synthetic_images\200x200\female\subject_mesh_0911.png,calvis
F_subject_mesh_0912,F,94.2,79.6,101.5,C:/Users/admin/Downloads/CALVIS/CALVIS/dataset/cmu\synthetic_images\200x200\female\subject_mesh_0912.png,calvis
F_subject_mesh_0913,F,86.3,78.2,101.2,C:/Users/admin/Downloads/CALVIS/CALVIS/dataset/cmu\synthetic_images\200x200\female\subject_mesh_0913.png,calvis
F_subject_mesh_0914,F,101.3,92.0,123.7,C:/Users/admin/Downloads/CALVIS/CALVIS/dataset/cmu\synthetic_images\200x200\female\subject_mesh_0914.png,calvis
F_subject_mesh_0915,F,87.8,73.3,94.7,C:/Users/admin/Downloads/CALVIS/CALVIS/dataset/cmu\synthetic_images\200x200\female\subject_mesh_0915.png,calvis
F_subject_mesh_0916,F,93.8,79.6,94.9,C:/Users/admin/Downloads/CALVIS/CALVIS/dataset/cmu\synthetic_images\200x200\female\subject_mesh_0916.png,calvis
F_subject_mesh_0917,F,98.0,84.4,101.6,C:/Users/admin/Downloads/CALVIS/CALVIS/dataset/cmu\synthetic_images\200x200\female\subject_mesh_0917.png,calvis
F_subject_mesh_0918,F,106.7,93.8,106.8,C:/Users/admin/Downloads/CALVIS/CALVIS/dataset/cmu\synthetic_images\200x200\female\subject_mesh_0918.png,calvis
F_subject_mesh_0919,F,115.5,103.2,120.9,C:/Users/admin/Downloads/CALVIS/CALVIS/dataset/cmu\synthetic_images\200x200\female\subject_mesh_0919.png,calvis
F_subject_mesh_0920,F,106.1,87.4,99.9,C:/Users/admin/Downloads/CALVIS/CALVIS/dataset/cmu\synthetic_images\200x200\female\subject_mesh_0920.png,calvis
F_subject_mesh_0921,F,104.1,97.5,115.3,C:/Users/admin/Downloads/CALVIS/CALVIS/dataset/cmu\synthetic_images\200x200\female\subject_mesh_0921.png,calvis
F_subject_mesh_0922,F,85.9,71.9,97.5,C:/Users/admin/Downloads/CALVIS/CALVIS/dataset/cmu\synthetic_images\200x200\female\subject_mesh_0922.png,calvis
F_subject_mesh_0923,F,86.3,73.1,98.2,C:/Users/admin/Downloads/CALVIS/CALVIS/dataset/cmu\synthetic_images\200x200\female\subject_mesh_0923.png,calvis
F_subject_mesh_0924,F,88.2,73.7,99.4,C:/Users/admin/Downloads/CALVIS/CALVIS/dataset/cmu\synthetic_images\200x200\female\subject_mesh_0924.png,calvis
F_subject_mesh_0925,F,89.6,74.2,95.7,C:/Users/admin/Downloads/CALVIS/CALVIS/dataset/cmu\synthetic_images\200x200\female\subject_mesh_0925.png,calvis
F_subject_mesh_0926,F,108.4,94.3,113.9,C:/Users/admin/Downloads/CALVIS/CALVIS/dataset/cmu\synthetic_images\200x200\female\subject_mesh_0926.png,calvis
F_subject_mesh_0927,F,87.3,71.7,100.4,C:/Users/admin/Downloads/CALVIS/CALVIS/dataset/cmu\synthetic_images\200x200\female\subject_mesh_0927.png,calvis
F_subject_mesh_0928,F,119.6,107.4,126.5,C:/Users/admin/Downloads/CALVIS/CALVIS/dataset/cmu\synthetic_images\200x200\female\subject_mesh_0928.png,calvis
F_subject_mesh_0929,F,88.3,74.1,99.7,C:/Users/admin/Downloads/CALVIS/CALVIS/dataset/cmu\synthetic_images\200x200\female\subject_mesh_0929.png,calvis
F_subject_mesh_0930,F,87.2,74.0,99.1,C:/Users/admin/Downloads/CALVIS/CALVIS/dataset/cmu\synthetic_images\200x200\female\subject_mesh_0930.png,calvis
F_subject_mesh_0931,F,107.9,96.5,114.9,C:/Users/admin/Downloads/CALVIS/CALVIS/dataset/cmu\synthetic_images\200x200\female\subject_mesh_0931.png,calvis
F_subject_mesh_0932,F,112.1,100.3,115.5,C:/Users/admin/Downloads/CALVIS/CALVIS/dataset/cmu\synthetic_images\200x200\female\subject_mesh_0932.png,calvis
F_subject_mesh_0933,F,92.2,75.3,92.0,C:/Users/admin/Downloads/CALVIS/CALVIS/dataset/cmu\synthetic_images\200x200\female\subject_mesh_0933.png,calvis
F_subject_mesh_0934,F,92.7,78.7,101.6,C:/Users/admin/Downloads/CALVIS/CALVIS/dataset/cmu\synthetic_images\200x200\female\subject_mesh_0934.png,calvis
F_subject_mesh_0935,F,86.9,72.4,93.3,C:/Users/admin/Downloads/CALVIS/CALVIS/dataset/cmu\synthetic_images\200x200\female\subject_mesh_0935.png,calvis
F_subject_mesh_0936,F,134.5,118.9,133.5,C:/Users/admin/Downloads/CALVIS/CALVIS/dataset/cmu\synthetic_images\200x200\female\subject_mesh_0936.png,calvis
F_subject_mesh_0937,F,87.4,72.7,97.9,C:/Users/admin/Downloads/CALVIS/CALVIS/dataset/cmu\synthetic_images\200x200\female\subject_mesh_0937.png,calvis
F_subject_mesh_0938,F,104.4,91.3,105.4,C:/Users/admin/Downloads/CALVIS/CALVIS/dataset/cmu\synthetic_images\200x200\female\subject_mesh_0938.png,calvis
F_subject_mesh_0939,F,98.3,86.8,113.2,C:/Users/admin/Downloads/CALVIS/CALVIS/dataset/cmu\synthetic_images\200x200\female\subject_mesh_0939.png,calvis
F_subject_mesh_0940,F,101.5,86.7,100.6,C:/Users/admin/Downloads/CALVIS/CALVIS/dataset/cmu\synthetic_images\200x200\female\subject_mesh_0940.png,calvis
F_subject_mesh_0941,F,91.8,76.4,96.8,C:/Users/admin/Downloads/CALVIS/CALVIS/dataset/cmu\synthetic_images\200x200\female\subject_mesh_0941.png,calvis
F_subject_mesh_0942,F,92.5,78.9,98.7,C:/Users/admin/Downloads/CALVIS/CALVIS/dataset/cmu\synthetic_images\200x200\female\subject_mesh_0942.png,calvis
F_subject_mesh_0943,F,121.3,108.2,121.5,C:/Users/admin/Downloads/CALVIS/CALVIS/dataset/cmu\synthetic_images\200x200\female\subject_mesh_0943.png,calvis
F_subject_mesh_0944,F,115.5,102.3,123.6,C:/Users/admin/Downloads/CALVIS/CALVIS/dataset/cmu\synthetic_images\200x200\female\subject_mesh_0944.png,calvis
F_subject_mesh_0945,F,90.7,76.6,99.2,C:/Users/admin/Downloads/CALVIS/CALVIS/dataset/cmu\synthetic_images\200x200\female\subject_mesh_0945.png,calvis
F_subject_mesh_0946,F,93.2,79.5,92.7,C:/Users/admin/Downloads/CALVIS/CALVIS/dataset/cmu\synthetic_images\200x200\female\subject_mesh_0946.png,calvis
F_subject_mesh_0947,F,90.4,77.9,104.6,C:/Users/admin/Downloads/CALVIS/CALVIS/dataset/cmu\synthetic_images\200x200\female\subject_mesh_0947.png,calvis
F_subject_mesh_0948,F,90.6,76.0,99.9,C:/Users/admin/Downloads/CALVIS/CALVIS/dataset/cmu\synthetic_images\200x200\female\subject_mesh_0948.png,calvis
F_subject_mesh_0949,F,125.9,108.4,121.6,C:/Users/admin/Downloads/CALVIS/CALVIS/dataset/cmu\synthetic_images\200x200\female\subject_mesh_0949.png,calvis
F_subject_mesh_0950,F,111.2,100.9,119.0,C:/Users/admin/Downloads/CALVIS/CALVIS/dataset/cmu\synthetic_images\200x200\female\subject_mesh_0950.png,calvis
F_subject_mesh_0951,F,98.4,87.8,112.6,C:/Users/admin/Downloads/CALVIS/CALVIS/dataset/cmu\synthetic_images\200x200\female\subject_mesh_0951.png,calvis
F_subject_mesh_0952,F,89.8,76.6,100.0,C:/Users/admin/Downloads/CALVIS/CALVIS/dataset/cmu\synthetic_images\200x200\female\subject_mesh_0952.png,calvis
F_subject_mesh_0953,F,84.4,70.3,94.2,C:/Users/admin/Downloads/CALVIS/CALVIS/dataset/cmu\synthetic_images\200x200\female\subject_mesh_0953.png,calvis
F_subject_mesh_0954,F,90.5,77.3,99.9,C:/Users/admin/Downloads/CALVIS/CALVIS/dataset/cmu\synthetic_images\200x200\female\subject_mesh_0954.png,calvis
F_subject_mesh_0955,F,104.2,92.7,111.4,C:/Users/admin/Downloads/CALVIS/CALVIS/dataset/cmu\synthetic_images\200x200\female\subject_mesh_0955.png,calvis
F_subject_mesh_0956,F,87.1,73.8,97.9,C:/Users/admin/Downloads/CALVIS/CALVIS/dataset/cmu\synthetic_images\200x200\female\subject_mesh_0956.png,calvis
F_subject_mesh_0957,F,105.5,93.6,120.9,C:/Users/admin/Downloads/CALVIS/CALVIS/dataset/cmu\synthetic_images\200x200\female\subject_mesh_0957.png,calvis
F_subject_mesh_0958,F,94.6,81.0,99.8,C:/Users/admin/Downloads/CALVIS/CALVIS/dataset/cmu\synthetic_images\200x200\female\subject_mesh_0958.png,calvis
F_subject_mesh_0959,F,92.9,80.3,102.7,C:/Users/admin/Downloads/CALVIS/CALVIS/dataset/cmu\synthetic_images\200x200\female\subject_mesh_0959.png,calvis
F_subject_mesh_0960,F,92.7,80.1,108.4,C:/Users/admin/Downloads/CALVIS/CALVIS/dataset/cmu\synthetic_images\200x200\female\subject_mesh_0960.png,calvis
F_subject_mesh_0961,F,87.9,75.6,95.1,C:/Users/admin/Downloads/CALVIS/CALVIS/dataset/cmu\synthetic_images\200x200\female\subject_mesh_0961.png,calvis
F_subject_mesh_0962,F,95.5,78.8,98.8,C:/Users/admin/Downloads/CALVIS/CALVIS/dataset/cmu\synthetic_images\200x200\female\subject_mesh_0962.png,calvis
F_subject_mesh_0963,F,112.8,100.9,118.1,C:/Users/admin/Downloads/CALVIS/CALVIS/dataset/cmu\synthetic_images\200x200\female\subject_mesh_0963.png,calvis
F_subject_mesh_0964,F,107.2,94.4,111.9,C:/Users/admin/Downloads/CALVIS/CALVIS/dataset/cmu\synthetic_images\200x200\female\subject_mesh_0964.png,calvis
F_subject_mesh_0965,F,93.6,79.8,103.4,C:/Users/admin/Downloads/CALVIS/CALVIS/dataset/cmu\synthetic_images\200x200\female\subject_mesh_0965.png,calvis
F_subject_mesh_0966,F,131.9,117.3,133.0,C:/Users/admin/Downloads/CALVIS/CALVIS/dataset/cmu\synthetic_images\200x200\female\subject_mesh_0966.png,calvis
F_subject_mesh_0967,F,93.9,79.5,101.8,C:/Users/admin/Downloads/CALVIS/CALVIS/dataset/cmu\synthetic_images\200x200\female\subject_mesh_0967.png,calvis
F_subject_mesh_0968,F,106.5,93.5,114.7,C:/Users/admin/Downloads/CALVIS/CALVIS/dataset/cmu\synthetic_images\200x200\female\subject_mesh_0968.png,calvis
F_subject_mesh_0969,F,98.0,85.1,101.9,C:/Users/admin/Downloads/CALVIS/CALVIS/dataset/cmu\synthetic_images\200x200\female\subject_mesh_0969.png,calvis
F_subject_mesh_0970,F,88.1,75.4,100.5,C:/Users/admin/Downloads/CALVIS/CALVIS/dataset/cmu\synthetic_images\200x200\female\subject_mesh_0970.png,calvis
F_subject_mesh_0971,F,94.3,79.9,103.5,C:/Users/admin/Downloads/CALVIS/CALVIS/dataset/cmu\synthetic_images\200x200\female\subject_mesh_0971.png,calvis
F_subject_mesh_0972,F,97.2,85.1,104.1,C:/Users/admin/Downloads/CALVIS/CALVIS/dataset/cmu\synthetic_images\200x200\female\subject_mesh_0972.png,calvis
F_subject_mesh_0973,F,92.2,76.8,97.8,C:/Users/admin/Downloads/CALVIS/CALVIS/dataset/cmu\synthetic_images\200x200\female\subject_mesh_0973.png,calvis
F_subject_mesh_0974,F,105.4,92.0,107.9,C:/Users/admin/Downloads/CALVIS/CALVIS/dataset/cmu\synthetic_images\200x200\female\subject_mesh_0974.png,calvis
F_subject_mesh_0975,F,120.8,110.5,133.8,C:/Users/admin/Downloads/CALVIS/CALVIS/dataset/cmu\synthetic_images\200x200\female\subject_mesh_0975.png,calvis
F_subject_mesh_0976,F,101.7,88.3,107.7,C:/Users/admin/Downloads/CALVIS/CALVIS/dataset/cmu\synthetic_images\200x200\female\subject_mesh_0976.png,calvis
F_subject_mesh_0977,F,88.5,72.2,96.9,C:/Users/admin/Downloads/CALVIS/CALVIS/dataset/cmu\synthetic_images\200x200\female\subject_mesh_0977.png,calvis
F_subject_mesh_0978,F,91.3,77.5,101.8,C:/Users/admin/Downloads/CALVIS/CALVIS/dataset/cmu\synthetic_images\200x200\female\subject_mesh_0978.png,calvis
F_subject_mesh_0979,F,92.1,77.9,99.4,C:/Users/admin/Downloads/CALVIS/CALVIS/dataset/cmu\synthetic_images\200x200\female\subject_mesh_0979.png,calvis
F_subject_mesh_0980,F,89.8,75.8,102.4,C:/Users/admin/Downloads/CALVIS/CALVIS/dataset/cmu\synthetic_images\200x200\female\subject_mesh_0980.png,calvis
F_subject_mesh_0981,F,87.9,74.8,100.1,C:/Users/admin/Downloads/CALVIS/CALVIS/dataset/cmu\synthetic_images\200x200\female\subject_mesh_0981.png,calvis
F_subject_mesh_0982,F,95.3,81.8,108.9,C:/Users/admin/Downloads/CALVIS/CALVIS/dataset/cmu\synthetic_images\200x200\female\subject_mesh_0982.png,calvis
F_subject_mesh_0983,F,100.9,86.3,100.2,C:/Users/admin/Downloads/CALVIS/CALVIS/dataset/cmu\synthetic_images\200x200\female\subject_mesh_0983.png,calvis
F_subject_mesh_0984,F,98.0,83.9,107.2,C:/Users/admin/Downloads/CALVIS/CALVIS/dataset/cmu\synthetic_images\200x200\female\subject_mesh_0984.png,calvis
F_subject_mesh_0985,F,101.5,87.0,101.1,C:/Users/admin/Downloads/CALVIS/CALVIS/dataset/cmu\synthetic_images\200x200\female\subject_mesh_0985.png,calvis
F_subject_mesh_0986,F,102.8,90.3,111.7,C:/Users/admin/Downloads/CALVIS/CALVIS/dataset/cmu\synthetic_images\200x200\female\subject_mesh_0986.png,calvis
F_subject_mesh_0987,F,105.3,92.8,115.4,C:/Users/admin/Downloads/CALVIS/CALVIS/dataset/cmu\synthetic_images\200x200\female\subject_mesh_0987.png,calvis
F_subject_mesh_0988,F,101.1,87.5,106.6,C:/Users/admin/Downloads/CALVIS/CALVIS/dataset/cmu\synthetic_images\200x200\female\subject_mesh_0988.png,calvis
F_subject_mesh_0989,F,99.4,85.8,98.2,C:/Users/admin/Downloads/CALVIS/CALVIS/dataset/cmu\synthetic_images\200x200\female\subject_mesh_0989.png,calvis
F_subject_mesh_0990,F,85.2,69.9,91.4,C:/Users/admin/Downloads/CALVIS/CALVIS/dataset/cmu\synthetic_images\200x200\female\subject_mesh_0990.png,calvis
F_subject_mesh_0991,F,88.4,73.3,94.2,C:/Users/admin/Downloads/CALVIS/CALVIS/dataset/cmu\synthetic_images\200x200\female\subject_mesh_0991.png,calvis
F_subject_mesh_0992,F,95.1,82.8,111.3,C:/Users/admin/Downloads/CALVIS/CALVIS/dataset/cmu\synthetic_images\200x200\female\subject_mesh_0992.png,calvis
F_subject_mesh_0993,F,93.8,81.2,105.6,C:/Users/admin/Downloads/CALVIS/CALVIS/dataset/cmu\synthetic_images\200x200\female\subject_mesh_0993.png,calvis
F_subject_mesh_0994,F,111.6,92.8,105.8,C:/Users/admin/Downloads/CALVIS/CALVIS/dataset/cmu\synthetic_images\200x200\female\subject_mesh_0994.png,calvis
F_subject_mesh_0995,F,101.9,87.7,109.6,C:/Users/admin/Downloads/CALVIS/CALVIS/dataset/cmu\synthetic_images\200x200\female\subject_mesh_0995.png,calvis
F_subject_mesh_0996,F,92.1,78.1,101.7,C:/Users/admin/Downloads/CALVIS/CALVIS/dataset/cmu\synthetic_images\200x200\female\subject_mesh_0996.png,calvis
F_subject_mesh_0997,F,101.7,87.9,102.6,C:/Users/admin/Downloads/CALVIS/CALVIS/dataset/cmu\synthetic_images\200x200\female\subject_mesh_0997.png,calvis
F_subject_mesh_0998,F,116.5,102.0,121.2,C:/Users/admin/Downloads/CALVIS/CALVIS/dataset/cmu\synthetic_images\200x200\female\subject_mesh_0998.png,calvis
F_subject_mesh_0999,F,85.3,72.8,97.4,C:/Users/admin/Downloads/CALVIS/CALVIS/dataset/cmu\synthetic_images\200x200\female\subject_mesh_0999.png,calvis
F_subject_mesh_1000,F,96.1,86.6,104.5,C:/Users/admin/Downloads/CALVIS/CALVIS/dataset/cmu\synthetic_images\200x200\female\subject_mesh_1000.png,calvis
F_subject_mesh_1001,F,116.4,107.8,129.2,C:/Users/admin/Downloads/CALVIS/CALVIS/dataset/cmu\synthetic_images\200x200\female\subject_mesh_1001.png,calvis
F_subject_mesh_1002,F,102.0,85.2,105.3,C:/Users/admin/Downloads/CALVIS/CALVIS/dataset/cmu\synthetic_images\200x200\female\subject_mesh_1002.png,calvis
F_subject_mesh_1003,F,116.0,110.4,134.6,C:/Users/admin/Downloads/CALVIS/CALVIS/dataset/cmu\synthetic_images\200x200\female\subject_mesh_1003.png,calvis
F_subject_mesh_1004,F,92.0,77.7,99.2,C:/Users/admin/Downloads/CALVIS/CALVIS/dataset/cmu\synthetic_images\200x200\female\subject_mesh_1004.png,calvis
F_subject_mesh_1005,F,93.0,78.6,98.6,C:/Users/admin/Downloads/CALVIS/CALVIS/dataset/cmu\synthetic_images\200x200\female\subject_mesh_1005.png,calvis
F_subject_mesh_1006,F,97.3,82.9,103.0,C:/Users/admin/Downloads/CALVIS/CALVIS/dataset/cmu\synthetic_images\200x200\female\subject_mesh_1006.png,calvis
F_subject_mesh_1007,F,98.5,84.2,97.1,C:/Users/admin/Downloads/CALVIS/CALVIS/dataset/cmu\synthetic_images\200x200\female\subject_mesh_1007.png,calvis
F_subject_mesh_1008,F,103.8,92.9,109.7,C:/Users/admin/Downloads/CALVIS/CALVIS/dataset/cmu\synthetic_images\200x200\female\subject_mesh_1008.png,calvis
F_subject_mesh_1009,F,93.4,80.0,103.0,C:/Users/admin/Downloads/CALVIS/CALVIS/dataset/cmu\synthetic_images\200x200\female\subject_mesh_1009.png,calvis
F_subject_mesh_1010,F,89.6,75.0,96.6,C:/Users/admin/Downloads/CALVIS/CALVIS/dataset/cmu\synthetic_images\200x200\female\subject_mesh_1010.png,calvis
F_subject_mesh_1011,F,93.1,79.1,106.2,C:/Users/admin/Downloads/CALVIS/CALVIS/dataset/cmu\synthetic_images\200x200\female\subject_mesh_1011.png,calvis
F_subject_mesh_1012,F,110.5,98.9,113.9,C:/Users/admin/Downloads/CALVIS/CALVIS/dataset/cmu\synthetic_images\200x200\female\subject_mesh_1012.png,calvis
F_subject_mesh_1013,F,94.9,79.7,103.6,C:/Users/admin/Downloads/CALVIS/CALVIS/dataset/cmu\synthetic_images\200x200\female\subject_mesh_1013.png,calvis
F_subject_mesh_1014,F,99.5,81.5,99.6,C:/Users/admin/Downloads/CALVIS/CALVIS/dataset/cmu\synthetic_images\200x200\female\subject_mesh_1014.png,calvis
F_subject_mesh_1015,F,90.5,78.3,102.0,C:/Users/admin/Downloads/CALVIS/CALVIS/dataset/cmu\synthetic_images\200x200\female\subject_mesh_1015.png,calvis
F_subject_mesh_1016,F,118.4,102.2,111.4,C:/Users/admin/Downloads/CALVIS/CALVIS/dataset/cmu\synthetic_images\200x200\female\subject_mesh_1016.png,calvis
F_subject_mesh_1017,F,117.2,103.4,123.9,C:/Users/admin/Downloads/CALVIS/CALVIS/dataset/cmu\synthetic_images\200x200\female\subject_mesh_1017.png,calvis
F_subject_mesh_1018,F,95.2,81.4,99.5,C:/Users/admin/Downloads/CALVIS/CALVIS/dataset/cmu\synthetic_images\200x200\female\subject_mesh_1018.png,calvis
F_subject_mesh_1019,F,97.2,85.3,111.0,C:/Users/admin/Downloads/CALVIS/CALVIS/dataset/cmu\synthetic_images\200x200\female\subject_mesh_1019.png,calvis
F_subject_mesh_1020,F,102.2,87.3,105.7,C:/Users/admin/Downloads/CALVIS/CALVIS/dataset/cmu\synthetic_images\200x200\female\subject_mesh_1020.png,calvis
F_subject_mesh_1021,F,87.4,75.0,102.6,C:/Users/admin/Downloads/CALVIS/CALVIS/dataset/cmu\synthetic_images\200x200\female\subject_mesh_1021.png,calvis
F_subject_mesh_1022,F,98.6,83.5,107.8,C:/Users/admin/Downloads/CALVIS/CALVIS/dataset/cmu\synthetic_images\200x200\female\subject_mesh_1022.png,calvis
F_subject_mesh_1023,F,95.0,84.3,112.5,C:/Users/admin/Downloads/CALVIS/CALVIS/dataset/cmu\synthetic_images\200x200\female\subject_mesh_1023.png,calvis
F_subject_mesh_1024,F,97.2,81.9,97.1,C:/Users/admin/Downloads/CALVIS/CALVIS/dataset/cmu\synthetic_images\200x200\female\subject_mesh_1024.png,calvis
F_subject_mesh_1025,F,97.4,83.0,104.8,C:/Users/admin/Downloads/CALVIS/CALVIS/dataset/cmu\synthetic_images\200x200\female\subject_mesh_1025.png,calvis
F_subject_mesh_1026,F,91.8,78.7,102.7,C:/Users/admin/Downloads/CALVIS/CALVIS/dataset/cmu\synthetic_images\200x200\female\subject_mesh_1026.png,calvis
F_subject_mesh_1027,F,105.9,93.6,110.5,C:/Users/admin/Downloads/CALVIS/CALVIS/dataset/cmu\synthetic_images\200x200\female\subject_mesh_1027.png,calvis
F_subject_mesh_1028,F,117.5,104.4,120.1,C:/Users/admin/Downloads/CALVIS/CALVIS/dataset/cmu\synthetic_images\200x200\female\subject_mesh_1028.png,calvis
F_subject_mesh_1029,F,98.2,85.8,104.5,C:/Users/admin/Downloads/CALVIS/CALVIS/dataset/cmu\synthetic_images\200x200\female\subject_mesh_1029.png,calvis
F_subject_mesh_1030,F,92.8,78.6,98.8,C:/Users/admin/Downloads/CALVIS/CALVIS/dataset/cmu\synthetic_images\200x200\female\subject_mesh_1030.png,calvis
F_subject_mesh_1031,F,96.7,83.2,109.2,C:/Users/admin/Downloads/CALVIS/CALVIS/dataset/cmu\synthetic_images\200x200\female\subject_mesh_1031.png,calvis
F_subject_mesh_1032,F,108.6,97.3,113.6,C:/Users/admin/Downloads/CALVIS/CALVIS/dataset/cmu\synthetic_images\200x200\female\subject_mesh_1032.png,calvis
F_subject_mesh_1033,F,96.7,84.6,111.3,C:/Users/admin/Downloads/CALVIS/CALVIS/dataset/cmu\synthetic_images\200x200\female\subject_mesh_1033.png,calvis
F_subject_mesh_1034,F,137.3,123.2,141.8,C:/Users/admin/Downloads/CALVIS/CALVIS/dataset/cmu\synthetic_images\200x200\female\subject_mesh_1034.png,calvis
F_subject_mesh_1035,F,105.6,93.1,115.3,C:/Users/admin/Downloads/CALVIS/CALVIS/dataset/cmu\synthetic_images\200x200\female\subject_mesh_1035.png,calvis
F_subject_mesh_1036,F,108.4,94.5,113.7,C:/Users/admin/Downloads/CALVIS/CALVIS/dataset/cmu\synthetic_images\200x200\female\subject_mesh_1036.png,calvis
F_subject_mesh_1037,F,116.0,104.5,122.2,C:/Users/admin/Downloads/CALVIS/CALVIS/dataset/cmu\synthetic_images\200x200\female\subject_mesh_1037.png,calvis
F_subject_mesh_1038,F,82.8,68.1,89.6,C:/Users/admin/Downloads/CALVIS/CALVIS/dataset/cmu\synthetic_images\200x200\female\subject_mesh_1038.png,calvis
F_subject_mesh_1039,F,86.4,72.4,97.9,C:/Users/admin/Downloads/CALVIS/CALVIS/dataset/cmu\synthetic_images\200x200\female\subject_mesh_1039.png,calvis
F_subject_mesh_1040,F,94.2,83.0,110.4,C:/Users/admin/Downloads/CALVIS/CALVIS/dataset/cmu\synthetic_images\200x200\female\subject_mesh_1040.png,calvis
F_subject_mesh_1041,F,95.8,82.9,104.0,C:/Users/admin/Downloads/CALVIS/CALVIS/dataset/cmu\synthetic_images\200x200\female\subject_mesh_1041.png,calvis
F_subject_mesh_1042,F,101.6,87.1,104.6,C:/Users/admin/Downloads/CALVIS/CALVIS/dataset/cmu\synthetic_images\200x200\female\subject_mesh_1042.png,calvis
F_subject_mesh_1043,F,99.6,87.8,112.0,C:/Users/admin/Downloads/CALVIS/CALVIS/dataset/cmu\synthetic_images\200x200\female\subject_mesh_1043.png,calvis
F_subject_mesh_1044,F,138.4,127.5,145.2,C:/Users/admin/Downloads/CALVIS/CALVIS/dataset/cmu\synthetic_images\200x200\female\subject_mesh_1044.png,calvis
F_subject_mesh_1045,F,87.7,76.1,100.4,C:/Users/admin/Downloads/CALVIS/CALVIS/dataset/cmu\synthetic_images\200x200\female\subject_mesh_1045.png,calvis
F_subject_mesh_1046,F,110.5,96.2,112.1,C:/Users/admin/Downloads/CALVIS/CALVIS/dataset/cmu\synthetic_images\200x200\female\subject_mesh_1046.png,calvis
F_subject_mesh_1047,F,96.2,79.9,91.2,C:/Users/admin/Downloads/CALVIS/CALVIS/dataset/cmu\synthetic_images\200x200\female\subject_mesh_1047.png,calvis
F_subject_mesh_1048,F,91.6,74.3,94.0,C:/Users/admin/Downloads/CALVIS/CALVIS/dataset/cmu\synthetic_images\200x200\female\subject_mesh_1048.png,calvis
F_subject_mesh_1049,F,98.3,81.1,95.4,C:/Users/admin/Downloads/CALVIS/CALVIS/dataset/cmu\synthetic_images\200x200\female\subject_mesh_1049.png,calvis
F_subject_mesh_1050,F,95.3,79.8,103.6,C:/Users/admin/Downloads/CALVIS/CALVIS/dataset/cmu\synthetic_images\200x200\female\subject_mesh_1050.png,calvis
F_subject_mesh_1051,F,88.9,71.5,85.3,C:/Users/admin/Downloads/CALVIS/CALVIS/dataset/cmu\synthetic_images\200x200\female\subject_mesh_1051.png,calvis
F_subject_mesh_1052,F,87.8,72.6,96.8,C:/Users/admin/Downloads/CALVIS/CALVIS/dataset/cmu\synthetic_images\200x200\female\subject_mesh_1052.png,calvis
F_subject_mesh_1053,F,93.5,79.1,103.0,C:/Users/admin/Downloads/CALVIS/CALVIS/dataset/cmu\synthetic_images\200x200\female\subject_mesh_1053.png,calvis
F_subject_mesh_1054,F,95.4,84.1,105.8,C:/Users/admin/Downloads/CALVIS/CALVIS/dataset/cmu\synthetic_images\200x200\female\subject_mesh_1054.png,calvis
F_subject_mesh_1055,F,116.8,105.3,123.6,C:/Users/admin/Downloads/CALVIS/CALVIS/dataset/cmu\synthetic_images\200x200\female\subject_mesh_1055.png,calvis
F_subject_mesh_1056,F,108.1,96.4,118.6,C:/Users/admin/Downloads/CALVIS/CALVIS/dataset/cmu\synthetic_images\200x200\female\subject_mesh_1056.png,calvis
F_subject_mesh_1057,F,112.8,98.3,111.1,C:/Users/admin/Downloads/CALVIS/CALVIS/dataset/cmu\synthetic_images\200x200\female\subject_mesh_1057.png,calvis
F_subject_mesh_1058,F,85.2,69.1,91.2,C:/Users/admin/Downloads/CALVIS/CALVIS/dataset/cmu\synthetic_images\200x200\female\subject_mesh_1058.png,calvis
F_subject_mesh_1059,F,92.4,78.8,105.0,C:/Users/admin/Downloads/CALVIS/CALVIS/dataset/cmu\synthetic_images\200x200\female\subject_mesh_1059.png,calvis
F_subject_mesh_1060,F,90.5,76.9,97.0,C:/Users/admin/Downloads/CALVIS/CALVIS/dataset/cmu\synthetic_images\200x200\female\subject_mesh_1060.png,calvis
F_subject_mesh_1061,F,89.5,75.1,97.9,C:/Users/admin/Downloads/CALVIS/CALVIS/dataset/cmu\synthetic_images\200x200\female\subject_mesh_1061.png,calvis
F_subject_mesh_1062,F,116.6,101.9,118.7,C:/Users/admin/Downloads/CALVIS/CALVIS/dataset/cmu\synthetic_images\200x200\female\subject_mesh_1062.png,calvis
F_subject_mesh_1063,F,87.3,75.7,105.0,C:/Users/admin/Downloads/CALVIS/CALVIS/dataset/cmu\synthetic_images\200x200\female\subject_mesh_1063.png,calvis
F_subject_mesh_1064,F,98.1,88.1,102.9,C:/Users/admin/Downloads/CALVIS/CALVIS/dataset/cmu\synthetic_images\200x200\female\subject_mesh_1064.png,calvis
F_subject_mesh_1065,F,91.5,76.9,98.6,C:/Users/admin/Downloads/CALVIS/CALVIS/dataset/cmu\synthetic_images\200x200\female\subject_mesh_1065.png,calvis
F_subject_mesh_1066,F,132.3,118.3,134.1,C:/Users/admin/Downloads/CALVIS/CALVIS/dataset/cmu\synthetic_images\200x200\female\subject_mesh_1066.png,calvis
F_subject_mesh_1067,F,87.3,75.8,103.9,C:/Users/admin/Downloads/CALVIS/CALVIS/dataset/cmu\synthetic_images\200x200\female\subject_mesh_1067.png,calvis
F_subject_mesh_1068,F,108.9,94.8,110.1,C:/Users/admin/Downloads/CALVIS/CALVIS/dataset/cmu\synthetic_images\200x200\female\subject_mesh_1068.png,calvis
F_subject_mesh_1069,F,89.5,76.4,99.6,C:/Users/admin/Downloads/CALVIS/CALVIS/dataset/cmu\synthetic_images\200x200\female\subject_mesh_1069.png,calvis
F_subject_mesh_1070,F,101.7,87.2,101.6,C:/Users/admin/Downloads/CALVIS/CALVIS/dataset/cmu\synthetic_images\200x200\female\subject_mesh_1070.png,calvis
F_subject_mesh_1071,F,92.0,78.1,102.5,C:/Users/admin/Downloads/CALVIS/CALVIS/dataset/cmu\synthetic_images\200x200\female\subject_mesh_1071.png,calvis
F_subject_mesh_1072,F,99.3,85.1,105.1,C:/Users/admin/Downloads/CALVIS/CALVIS/dataset/cmu\synthetic_images\200x200\female\subject_mesh_1072.png,calvis
F_subject_mesh_1073,F,96.4,83.5,112.7,C:/Users/admin/Downloads/CALVIS/CALVIS/dataset/cmu\synthetic_images\200x200\female\subject_mesh_1073.png,calvis
F_subject_mesh_1074,F,102.4,87.4,103.2,C:/Users/admin/Downloads/CALVIS/CALVIS/dataset/cmu\synthetic_images\200x200\female\subject_mesh_1074.png,calvis
F_subject_mesh_1075,F,97.0,83.3,105.6,C:/Users/admin/Downloads/CALVIS/CALVIS/dataset/cmu\synthetic_images\200x200\female\subject_mesh_1075.png,calvis
F_subject_mesh_1076,F,107.9,95.6,110.0,C:/Users/admin/Downloads/CALVIS/CALVIS/dataset/cmu\synthetic_images\200x200\female\subject_mesh_1076.png,calvis
F_subject_mesh_1077,F,90.1,75.8,98.7,C:/Users/admin/Downloads/CALVIS/CALVIS/dataset/cmu\synthetic_images\200x200\female\subject_mesh_1077.png,calvis
F_subject_mesh_1078,F,97.6,83.3,107.0,C:/Users/admin/Downloads/CALVIS/CALVIS/dataset/cmu\synthetic_images\200x200\female\subject_mesh_1078.png,calvis
F_subject_mesh_1079,F,101.2,88.7,108.3,C:/Users/admin/Downloads/CALVIS/CALVIS/dataset/cmu\synthetic_images\200x200\female\subject_mesh_1079.png,calvis
F_subject_mesh_1080,F,109.8,96.2,110.9,C:/Users/admin/Downloads/CALVIS/CALVIS/dataset/cmu\synthetic_images\200x200\female\subject_mesh_1080.png,calvis
F_subject_mesh_1081,F,95.0,79.2,101.9,C:/Users/admin/Downloads/CALVIS/CALVIS/dataset/cmu\synthetic_images\200x200\female\subject_mesh_1081.png,calvis
F_subject_mesh_1082,F,98.9,85.3,114.1,C:/Users/admin/Downloads/CALVIS/CALVIS/dataset/cmu\synthetic_images\200x200\female\subject_mesh_1082.png,calvis
F_subject_mesh_1083,F,83.8,68.5,92.1,C:/Users/admin/Downloads/CALVIS/CALVIS/dataset/cmu\synthetic_images\200x200\female\subject_mesh_1083.png,calvis
F_subject_mesh_1084,F,109.3,97.6,123.5,C:/Users/admin/Downloads/CALVIS/CALVIS/dataset/cmu\synthetic_images\200x200\female\subject_mesh_1084.png,calvis
F_subject_mesh_1085,F,112.0,102.3,133.4,C:/Users/admin/Downloads/CALVIS/CALVIS/dataset/cmu\synthetic_images\200x200\female\subject_mesh_1085.png,calvis
F_subject_mesh_1086,F,83.8,68.8,92.1,C:/Users/admin/Downloads/CALVIS/CALVIS/dataset/cmu\synthetic_images\200x200\female\subject_mesh_1086.png,calvis
F_subject_mesh_1087,F,93.1,79.0,108.0,C:/Users/admin/Downloads/CALVIS/CALVIS/dataset/cmu\synthetic_images\200x200\female\subject_mesh_1087.png,calvis
F_subject_mesh_1088,F,103.7,91.1,111.8,C:/Users/admin/Downloads/CALVIS/CALVIS/dataset/cmu\synthetic_images\200x200\female\subject_mesh_1088.png,calvis
F_subject_mesh_1089,F,104.4,92.4,114.2,C:/Users/admin/Downloads/CALVIS/CALVIS/dataset/cmu\synthetic_images\200x200\female\subject_mesh_1089.png,calvis
F_subject_mesh_1090,F,88.3,74.0,96.4,C:/Users/admin/Downloads/CALVIS/CALVIS/dataset/cmu\synthetic_images\200x200\female\subject_mesh_1090.png,calvis
F_subject_mesh_1091,F,93.0,77.7,95.1,C:/Users/admin/Downloads/CALVIS/CALVIS/dataset/cmu\synthetic_images\200x200\female\subject_mesh_1091.png,calvis
F_subject_mesh_1092,F,96.6,80.5,94.3,C:/Users/admin/Downloads/CALVIS/CALVIS/dataset/cmu\synthetic_images\200x200\female\subject_mesh_1092.png,calvis
F_subject_mesh_1093,F,105.0,91.3,107.6,C:/Users/admin/Downloads/CALVIS/CALVIS/dataset/cmu\synthetic_images\200x200\female\subject_mesh_1093.png,calvis
F_subject_mesh_1094,F,92.9,81.6,101.2,C:/Users/admin/Downloads/CALVIS/CALVIS/dataset/cmu\synthetic_images\200x200\female\subject_mesh_1094.png,calvis
F_subject_mesh_1095,F,88.4,72.6,94.3,C:/Users/admin/Downloads/CALVIS/CALVIS/dataset/cmu\synthetic_images\200x200\female\subject_mesh_1095.png,calvis
F_subject_mesh_1096,F,108.0,92.4,108.4,C:/Users/admin/Downloads/CALVIS/CALVIS/dataset/cmu\synthetic_images\200x200\female\subject_mesh_1096.png,calvis
F_subject_mesh_1097,F,86.1,70.7,95.9,C:/Users/admin/Downloads/CALVIS/CALVIS/dataset/cmu\synthetic_images\200x200\female\subject_mesh_1097.png,calvis
F_subject_mesh_1098,F,100.7,86.5,100.5,C:/Users/admin/Downloads/CALVIS/CALVIS/dataset/cmu\synthetic_images\200x200\female\subject_mesh_1098.png,calvis
F_subject_mesh_1099,F,110.3,97.0,111.7,C:/Users/admin/Downloads/CALVIS/CALVIS/dataset/cmu\synthetic_images\200x200\female\subject_mesh_1099.png,calvis
F_subject_mesh_1100,F,92.1,76.9,95.3,C:/Users/admin/Downloads/CALVIS/CALVIS/dataset/cmu\synthetic_images\200x200\female\subject_mesh_1100.png,calvis
F_subject_mesh_1101,F,100.7,88.9,105.6,C:/Users/admin/Downloads/CALVIS/CALVIS/dataset/cmu\synthetic_images\200x200\female\subject_mesh_1101.png,calvis
F_subject_mesh_1102,F,93.9,78.6,95.9,C:/Users/admin/Downloads/CALVIS/CALVIS/dataset/cmu\synthetic_images\200x200\female\subject_mesh_1102.png,calvis
F_subject_mesh_1103,F,90.8,79.9,103.0,C:/Users/admin/Downloads/CALVIS/CALVIS/dataset/cmu\synthetic_images\200x200\female\subject_mesh_1103.png,calvis
F_subject_mesh_1104,F,95.5,79.8,99.9,C:/Users/admin/Downloads/CALVIS/CALVIS/dataset/cmu\synthetic_images\200x200\female\subject_mesh_1104.png,calvis
F_subject_mesh_1105,F,95.2,81.9,107.8,C:/Users/admin/Downloads/CALVIS/CALVIS/dataset/cmu\synthetic_images\200x200\female\subject_mesh_1105.png,calvis
F_subject_mesh_1106,F,121.2,110.4,135.6,C:/Users/admin/Downloads/CALVIS/CALVIS/dataset/cmu\synthetic_images\200x200\female\subject_mesh_1106.png,calvis
F_subject_mesh_1107,F,93.3,80.7,108.5,C:/Users/admin/Downloads/CALVIS/CALVIS/dataset/cmu\synthetic_images\200x200\female\subject_mesh_1107.png,calvis
F_subject_mesh_1108,F,98.6,85.0,103.7,C:/Users/admin/Downloads/CALVIS/CALVIS/dataset/cmu\synthetic_images\200x200\female\subject_mesh_1108.png,calvis
F_subject_mesh_1109,F,93.3,79.2,100.2,C:/Users/admin/Downloads/CALVIS/CALVIS/dataset/cmu\synthetic_images\200x200\female\subject_mesh_1109.png,calvis
F_subject_mesh_1110,F,100.2,86.8,106.3,C:/Users/admin/Downloads/CALVIS/CALVIS/dataset/cmu\synthetic_images\200x200\female\subject_mesh_1110.png,calvis
F_subject_mesh_1111,F,93.7,80.8,99.2,C:/Users/admin/Downloads/CALVIS/CALVIS/dataset/cmu\synthetic_images\200x200\female\subject_mesh_1111.png,calvis
F_subject_mesh_1112,F,88.0,76.2,100.0,C:/Users/admin/Downloads/CALVIS/CALVIS/dataset/cmu\synthetic_images\200x200\female\subject_mesh_1112.png,calvis
F_subject_mesh_1113,F,91.2,74.6,96.1,C:/Users/admin/Downloads/CALVIS/CALVIS/dataset/cmu\synthetic_images\200x200\female\subject_mesh_1113.png,calvis
F_subject_mesh_1114,F,114.0,97.8,111.3,C:/Users/admin/Downloads/CALVIS/CALVIS/dataset/cmu\synthetic_images\200x200\female\subject_mesh_1114.png,calvis
F_subject_mesh_1115,F,97.4,83.6,107.3,C:/Users/admin/Downloads/CALVIS/CALVIS/dataset/cmu\synthetic_images\200x200\female\subject_mesh_1115.png,calvis
F_subject_mesh_1116,F,91.5,76.4,97.8,C:/Users/admin/Downloads/CALVIS/CALVIS/dataset/cmu\synthetic_images\200x200\female\subject_mesh_1116.png,calvis
F_subject_mesh_1117,F,91.3,76.9,96.9,C:/Users/admin/Downloads/CALVIS/CALVIS/dataset/cmu\synthetic_images\200x200\female\subject_mesh_1117.png,calvis
F_subject_mesh_1118,F,89.7,77.7,107.7,C:/Users/admin/Downloads/CALVIS/CALVIS/dataset/cmu\synthetic_images\200x200\female\subject_mesh_1118.png,calvis
F_subject_mesh_1119,F,96.6,81.7,102.4,C:/Users/admin/Downloads/CALVIS/CALVIS/dataset/cmu\synthetic_images\200x200\female\subject_mesh_1119.png,calvis
F_subject_mesh_1120,F,99.3,84.2,98.6,C:/Users/admin/Downloads/CALVIS/CALVIS/dataset/cmu\synthetic_images\200x200\female\subject_mesh_1120.png,calvis
F_subject_mesh_1121,F,123.3,110.9,121.9,C:/Users/admin/Downloads/CALVIS/CALVIS/dataset/cmu\synthetic_images\200x200\female\subject_mesh_1121.png,calvis
F_subject_mesh_1122,F,93.6,80.4,106.0,C:/Users/admin/Downloads/CALVIS/CALVIS/dataset/cmu\synthetic_images\200x200\female\subject_mesh_1122.png,calvis
F_subject_mesh_1123,F,85.1,70.2,90.5,C:/Users/admin/Downloads/CALVIS/CALVIS/dataset/cmu\synthetic_images\200x200\female\subject_mesh_1123.png,calvis
F_subject_mesh_1124,F,86.9,72.6,96.9,C:/Users/admin/Downloads/CALVIS/CALVIS/dataset/cmu\synthetic_images\200x200\female\subject_mesh_1124.png,calvis
F_subject_mesh_1125,F,105.9,90.8,108.0,C:/Users/admin/Downloads/CALVIS/CALVIS/dataset/cmu\synthetic_images\200x200\female\subject_mesh_1125.png,calvis
F_subject_mesh_1126,F,91.7,76.1,99.0,C:/Users/admin/Downloads/CALVIS/CALVIS/dataset/cmu\synthetic_images\200x200\female\subject_mesh_1126.png,calvis
F_subject_mesh_1127,F,106.3,94.1,108.8,C:/Users/admin/Downloads/CALVIS/CALVIS/dataset/cmu\synthetic_images\200x200\female\subject_mesh_1127.png,calvis
F_subject_mesh_1128,F,115.8,100.8,114.0,C:/Users/admin/Downloads/CALVIS/CALVIS/dataset/cmu\synthetic_images\200x200\female\subject_mesh_1128.png,calvis
F_subject_mesh_1129,F,101.0,89.6,111.0,C:/Users/admin/Downloads/CALVIS/CALVIS/dataset/cmu\synthetic_images\200x200\female\subject_mesh_1129.png,calvis
F_subject_mesh_1130,F,88.2,75.6,94.7,C:/Users/admin/Downloads/CALVIS/CALVIS/dataset/cmu\synthetic_images\200x200\female\subject_mesh_1130.png,calvis
F_subject_mesh_1131,F,109.3,95.1,115.5,C:/Users/admin/Downloads/CALVIS/CALVIS/dataset/cmu\synthetic_images\200x200\female\subject_mesh_1131.png,calvis
F_subject_mesh_1132,F,103.5,91.9,117.6,C:/Users/admin/Downloads/CALVIS/CALVIS/dataset/cmu\synthetic_images\200x200\female\subject_mesh_1132.png,calvis
F_subject_mesh_1133,F,90.2,73.7,91.2,C:/Users/admin/Downloads/CALVIS/CALVIS/dataset/cmu\synthetic_images\200x200\female\subject_mesh_1133.png,calvis
F_subject_mesh_1134,F,91.7,79.0,101.8,C:/Users/admin/Downloads/CALVIS/CALVIS/dataset/cmu\synthetic_images\200x200\female\subject_mesh_1134.png,calvis
F_subject_mesh_1135,F,98.3,82.1,106.1,C:/Users/admin/Downloads/CALVIS/CALVIS/dataset/cmu\synthetic_images\200x200\female\subject_mesh_1135.png,calvis
F_subject_mesh_1136,F,118.7,107.4,123.9,C:/Users/admin/Downloads/CALVIS/CALVIS/dataset/cmu\synthetic_images\200x200\female\subject_mesh_1136.png,calvis
F_subject_mesh_1137,F,88.8,73.6,95.1,C:/Users/admin/Downloads/CALVIS/CALVIS/dataset/cmu\synthetic_images\200x200\female\subject_mesh_1137.png,calvis
F_subject_mesh_1138,F,88.8,74.3,97.5,C:/Users/admin/Downloads/CALVIS/CALVIS/dataset/cmu\synthetic_images\200x200\female\subject_mesh_1138.png,calvis
F_subject_mesh_1139,F,112.9,100.7,117.2,C:/Users/admin/Downloads/CALVIS/CALVIS/dataset/cmu\synthetic_images\200x200\female\subject_mesh_1139.png,calvis
F_subject_mesh_1140,F,90.8,77.8,104.2,C:/Users/admin/Downloads/CALVIS/CALVIS/dataset/cmu\synthetic_images\200x200\female\subject_mesh_1140.png,calvis
F_subject_mesh_1141,F,102.6,89.5,104.4,C:/Users/admin/Downloads/CALVIS/CALVIS/dataset/cmu\synthetic_images\200x200\female\subject_mesh_1141.png,calvis
F_subject_mesh_1142,F,88.6,73.5,98.3,C:/Users/admin/Downloads/CALVIS/CALVIS/dataset/cmu\synthetic_images\200x200\female\subject_mesh_1142.png,calvis
F_subject_mesh_1143,F,97.8,84.4,98.2,C:/Users/admin/Downloads/CALVIS/CALVIS/dataset/cmu\synthetic_images\200x200\female\subject_mesh_1143.png,calvis
F_subject_mesh_1144,F,90.9,77.9,98.7,C:/Users/admin/Downloads/CALVIS/CALVIS/dataset/cmu\synthetic_images\200x200\female\subject_mesh_1144.png,calvis
F_subject_mesh_1145,F,90.1,77.5,96.3,C:/Users/admin/Downloads/CALVIS/CALVIS/dataset/cmu\synthetic_images\200x200\female\subject_mesh_1145.png,calvis
F_subject_mesh_1146,F,105.2,91.8,110.7,C:/Users/admin/Downloads/CALVIS/CALVIS/dataset/cmu\synthetic_images\200x200\female\subject_mesh_1146.png,calvis
F_subject_mesh_1147,F,95.8,82.0,105.4,C:/Users/admin/Downloads/CALVIS/CALVIS/dataset/cmu\synthetic_images\200x200\female\subject_mesh_1147.png,calvis
F_subject_mesh_1148,F,84.9,70.4,95.7,C:/Users/admin/Downloads/CALVIS/CALVIS/dataset/cmu\synthetic_images\200x200\female\subject_mesh_1148.png,calvis
F_subject_mesh_1149,F,97.4,85.1,105.8,C:/Users/admin/Downloads/CALVIS/CALVIS/dataset/cmu\synthetic_images\200x200\female\subject_mesh_1149.png,calvis
F_subject_mesh_1150,F,98.9,89.2,114.9,C:/Users/admin/Downloads/CALVIS/CALVIS/dataset/cmu\synthetic_images\200x200\female\subject_mesh_1150.png,calvis
F_subject_mesh_1151,F,105.0,90.6,102.5,C:/Users/admin/Downloads/CALVIS/CALVIS/dataset/cmu\synthetic_images\200x200\female\subject_mesh_1151.png,calvis
F_subject_mesh_1152,F,86.8,73.8,95.2,C:/Users/admin/Downloads/CALVIS/CALVIS/dataset/cmu\synthetic_images\200x200\female\subject_mesh_1152.png,calvis
F_subject_mesh_1153,F,102.2,86.7,109.0,C:/Users/admin/Downloads/CALVIS/CALVIS/dataset/cmu\synthetic_images\200x200\female\subject_mesh_1153.png,calvis
F_subject_mesh_1154,F,92.0,77.1,95.8,C:/Users/admin/Downloads/CALVIS/CALVIS/dataset/cmu\synthetic_images\200x200\female\subject_mesh_1154.png,calvis
F_subject_mesh_1155,F,98.6,87.3,107.6,C:/Users/admin/Downloads/CALVIS/CALVIS/dataset/cmu\synthetic_images\200x200\female\subject_mesh_1155.png,calvis
F_subject_mesh_1156,F,90.4,78.0,102.6,C:/Users/admin/Downloads/CALVIS/CALVIS/dataset/cmu\synthetic_images\200x200\female\subject_mesh_1156.png,calvis
F_subject_mesh_1157,F,93.2,78.6,95.8,C:/Users/admin/Downloads/CALVIS/CALVIS/dataset/cmu\synthetic_images\200x200\female\subject_mesh_1157.png,calvis
F_subject_mesh_1158,F,90.1,76.9,101.5,C:/Users/admin/Downloads/CALVIS/CALVIS/dataset/cmu\synthetic_images\200x200\female\subject_mesh_1158.png,calvis
F_subject_mesh_1159,F,95.3,81.1,106.2,C:/Users/admin/Downloads/CALVIS/CALVIS/dataset/cmu\synthetic_images\200x200\female\subject_mesh_1159.png,calvis
F_subject_mesh_1160,F,133.6,113.0,120.6,C:/Users/admin/Downloads/CALVIS/CALVIS/dataset/cmu\synthetic_images\200x200\female\subject_mesh_1160.png,calvis
F_subject_mesh_1161,F,83.3,67.8,90.8,C:/Users/admin/Downloads/CALVIS/CALVIS/dataset/cmu\synthetic_images\200x200\female\subject_mesh_1161.png,calvis
F_subject_mesh_1162,F,91.6,78.8,102.1,C:/Users/admin/Downloads/CALVIS/CALVIS/dataset/cmu\synthetic_images\200x200\female\subject_mesh_1162.png,calvis
F_subject_mesh_1163,F,91.4,76.9,99.1,C:/Users/admin/Downloads/CALVIS/CALVIS/dataset/cmu\synthetic_images\200x200\female\subject_mesh_1163.png,calvis
F_subject_mesh_1164,F,89.5,76.2,100.0,C:/Users/admin/Downloads/CALVIS/CALVIS/dataset/cmu\synthetic_images\200x200\female\subject_mesh_1164.png,calvis
F_subject_mesh_1165,F,87.2,74.3,99.9,C:/Users/admin/Downloads/CALVIS/CALVIS/dataset/cmu\synthetic_images\200x200\female\subject_mesh_1165.png,calvis
F_subject_mesh_1166,F,99.2,87.4,104.4,C:/Users/admin/Downloads/CALVIS/CALVIS/dataset/cmu\synthetic_images\200x200\female\subject_mesh_1166.png,calvis
F_subject_mesh_1167,F,92.3,76.6,96.3,C:/Users/admin/Downloads/CALVIS/CALVIS/dataset/cmu\synthetic_images\200x200\female\subject_mesh_1167.png,calvis
F_subject_mesh_1168,F,89.7,73.5,95.1,C:/Users/admin/Downloads/CALVIS/CALVIS/dataset/cmu\synthetic_images\200x200\female\subject_mesh_1168.png,calvis
F_subject_mesh_1169,F,89.3,75.2,100.4,C:/Users/admin/Downloads/CALVIS/CALVIS/dataset/cmu\synthetic_images\200x200\female\subject_mesh_1169.png,calvis
F_subject_mesh_1170,F,115.6,101.3,114.5,C:/Users/admin/Downloads/CALVIS/CALVIS/dataset/cmu\synthetic_images\200x200\female\subject_mesh_1170.png,calvis
F_subject_mesh_1171,F,90.1,75.6,96.5,C:/Users/admin/Downloads/CALVIS/CALVIS/dataset/cmu\synthetic_images\200x200\female\subject_mesh_1171.png,calvis
F_subject_mesh_1172,F,103.0,93.5,117.4,C:/Users/admin/Downloads/CALVIS/CALVIS/dataset/cmu\synthetic_images\200x200\female\subject_mesh_1172.png,calvis
F_subject_mesh_1173,F,85.7,71.2,94.4,C:/Users/admin/Downloads/CALVIS/CALVIS/dataset/cmu\synthetic_images\200x200\female\subject_mesh_1173.png,calvis
F_subject_mesh_1174,F,94.7,79.8,97.2,C:/Users/admin/Downloads/CALVIS/CALVIS/dataset/cmu\synthetic_images\200x200\female\subject_mesh_1174.png,calvis
F_subject_mesh_1175,F,93.7,78.9,98.7,C:/Users/admin/Downloads/CALVIS/CALVIS/dataset/cmu\synthetic_images\200x200\female\subject_mesh_1175.png,calvis
F_subject_mesh_1176,F,93.9,79.0,99.6,C:/Users/admin/Downloads/CALVIS/CALVIS/dataset/cmu\synthetic_images\200x200\female\subject_mesh_1176.png,calvis
F_subject_mesh_1177,F,132.6,122.0,141.4,C:/Users/admin/Downloads/CALVIS/CALVIS/dataset/cmu\synthetic_images\200x200\female\subject_mesh_1177.png,calvis
F_subject_mesh_1178,F,98.6,84.1,108.3,C:/Users/admin/Downloads/CALVIS/CALVIS/dataset/cmu\synthetic_images\200x200\female\subject_mesh_1178.png,calvis
F_subject_mesh_1179,F,88.3,73.7,93.3,C:/Users/admin/Downloads/CALVIS/CALVIS/dataset/cmu\synthetic_images\200x200\female\subject_mesh_1179.png,calvis
F_subject_mesh_1180,F,97.8,83.7,107.8,C:/Users/admin/Downloads/CALVIS/CALVIS/dataset/cmu\synthetic_images\200x200\female\subject_mesh_1180.png,calvis
F_subject_mesh_1181,F,128.3,111.5,120.3,C:/Users/admin/Downloads/CALVIS/CALVIS/dataset/cmu\synthetic_images\200x200\female\subject_mesh_1181.png,calvis
F_subject_mesh_1182,F,94.4,81.2,103.8,C:/Users/admin/Downloads/CALVIS/CALVIS/dataset/cmu\synthetic_images\200x200\female\subject_mesh_1182.png,calvis
F_subject_mesh_1183,F,125.5,110.2,126.3,C:/Users/admin/Downloads/CALVIS/CALVIS/dataset/cmu\synthetic_images\200x200\female\subject_mesh_1183.png,calvis
F_subject_mesh_1184,F,98.5,83.5,101.8,C:/Users/admin/Downloads/CALVIS/CALVIS/dataset/cmu\synthetic_images\200x200\female\subject_mesh_1184.png,calvis
F_subject_mesh_1185,F,84.9,71.6,94.4,C:/Users/admin/Downloads/CALVIS/CALVIS/dataset/cmu\synthetic_images\200x200\female\subject_mesh_1185.png,calvis
F_subject_mesh_1186,F,100.6,88.8,103.8,C:/Users/admin/Downloads/CALVIS/CALVIS/dataset/cmu\synthetic_images\200x200\female\subject_mesh_1186.png,calvis
F_subject_mesh_1187,F,91.9,79.5,103.2,C:/Users/admin/Downloads/CALVIS/CALVIS/dataset/cmu\synthetic_images\200x200\female\subject_mesh_1187.png,calvis
F_subject_mesh_1188,F,90.3,73.8,93.2,C:/Users/admin/Downloads/CALVIS/CALVIS/dataset/cmu\synthetic_images\200x200\female\subject_mesh_1188.png,calvis
F_subject_mesh_1189,F,88.2,74.9,99.8,C:/Users/admin/Downloads/CALVIS/CALVIS/dataset/cmu\synthetic_images\200x200\female\subject_mesh_1189.png,calvis
F_subject_mesh_1190,F,99.3,86.3,106.2,C:/Users/admin/Downloads/CALVIS/CALVIS/dataset/cmu\synthetic_images\200x200\female\subject_mesh_1190.png,calvis
F_subject_mesh_1191,F,96.3,86.0,108.7,C:/Users/admin/Downloads/CALVIS/CALVIS/dataset/cmu\synthetic_images\200x200\female\subject_mesh_1191.png,calvis
F_subject_mesh_1192,F,93.0,80.8,99.7,C:/Users/admin/Downloads/CALVIS/CALVIS/dataset/cmu\synthetic_images\200x200\female\subject_mesh_1192.png,calvis
F_subject_mesh_1193,F,90.9,75.0,93.9,C:/Users/admin/Downloads/CALVIS/CALVIS/dataset/cmu\synthetic_images\200x200\female\subject_mesh_1193.png,calvis
F_subject_mesh_1194,F,118.1,102.3,118.0,C:/Users/admin/Downloads/CALVIS/CALVIS/dataset/cmu\synthetic_images\200x200\female\subject_mesh_1194.png,calvis
F_subject_mesh_1195,F,86.4,74.3,98.2,C:/Users/admin/Downloads/CALVIS/CALVIS/dataset/cmu\synthetic_images\200x200\female\subject_mesh_1195.png,calvis
F_subject_mesh_1196,F,106.5,97.5,125.4,C:/Users/admin/Downloads/CALVIS/CALVIS/dataset/cmu\synthetic_images\200x200\female\subject_mesh_1196.png,calvis
F_subject_mesh_1197,F,101.5,89.2,103.7,C:/Users/admin/Downloads/CALVIS/CALVIS/dataset/cmu\synthetic_images\200x200\female\subject_mesh_1197.png,calvis
F_subject_mesh_1198,F,121.8,108.5,123.9,C:/Users/admin/Downloads/CALVIS/CALVIS/dataset/cmu\synthetic_images\200x200\female\subject_mesh_1198.png,calvis
F_subject_mesh_1199,F,104.2,93.9,116.8,C:/Users/admin/Downloads/CALVIS/CALVIS/dataset/cmu\synthetic_images\200x200\female\subject_mesh_1199.png,calvis
F_subject_mesh_1200,F,104.1,89.9,106.6,C:/Users/admin/Downloads/CALVIS/CALVIS/dataset/cmu\synthetic_images\200x200\female\subject_mesh_1200.png,calvis
F_subject_mesh_1201,F,92.9,79.6,103.4,C:/Users/admin/Downloads/CALVIS/CALVIS/dataset/cmu\synthetic_images\200x200\female\subject_mesh_1201.png,calvis
F_subject_mesh_1202,F,85.9,71.2,96.3,C:/Users/admin/Downloads/CALVIS/CALVIS/dataset/cmu\synthetic_images\200x200\female\subject_mesh_1202.png,calvis
F_subject_mesh_1203,F,88.0,74.3,97.6,C:/Users/admin/Downloads/CALVIS/CALVIS/dataset/cmu\synthetic_images\200x200\female\subject_mesh_1203.png,calvis
F_subject_mesh_1204,F,90.0,75.1,97.3,C:/Users/admin/Downloads/CALVIS/CALVIS/dataset/cmu\synthetic_images\200x200\female\subject_mesh_1204.png,calvis
F_subject_mesh_1205,F,91.6,78.7,102.9,C:/Users/admin/Downloads/CALVIS/CALVIS/dataset/cmu\synthetic_images\200x200\female\subject_mesh_1205.png,calvis
F_subject_mesh_1206,F,108.2,93.3,111.4,C:/Users/admin/Downloads/CALVIS/CALVIS/dataset/cmu\synthetic_images\200x200\female\subject_mesh_1206.png,calvis
F_subject_mesh_1207,F,89.9,76.4,105.5,C:/Users/admin/Downloads/CALVIS/CALVIS/dataset/cmu\synthetic_images\200x200\female\subject_mesh_1207.png,calvis
F_subject_mesh_1208,F,94.0,80.8,107.1,C:/Users/admin/Downloads/CALVIS/CALVIS/dataset/cmu\synthetic_images\200x200\female\subject_mesh_1208.png,calvis
F_subject_mesh_1209,F,101.1,89.0,112.8,C:/Users/admin/Downloads/CALVIS/CALVIS/dataset/cmu\synthetic_images\200x200\female\subject_mesh_1209.png,calvis
F_subject_mesh_1210,F,113.2,96.1,110.4,C:/Users/admin/Downloads/CALVIS/CALVIS/dataset/cmu\synthetic_images\200x200\female\subject_mesh_1210.png,calvis
F_subject_mesh_1211,F,92.6,79.0,100.1,C:/Users/admin/Downloads/CALVIS/CALVIS/dataset/cmu\synthetic_images\200x200\female\subject_mesh_1211.png,calvis
F_subject_mesh_1212,F,112.7,98.5,114.6,C:/Users/admin/Downloads/CALVIS/CALVIS/dataset/cmu\synthetic_images\200x200\female\subject_mesh_1212.png,calvis
F_subject_mesh_1213,F,122.5,112.1,132.4,C:/Users/admin/Downloads/CALVIS/CALVIS/dataset/cmu\synthetic_images\200x200\female\subject_mesh_1213.png,calvis
F_subject_mesh_1214,F,91.2,77.6,101.1,C:/Users/admin/Downloads/CALVIS/CALVIS/dataset/cmu\synthetic_images\200x200\female\subject_mesh_1214.png,calvis
F_subject_mesh_1215,F,90.4,73.1,92.1,C:/Users/admin/Downloads/CALVIS/CALVIS/dataset/cmu\synthetic_images\200x200\female\subject_mesh_1215.png,calvis
F_subject_mesh_1216,F,116.9,103.2,121.4,C:/Users/admin/Downloads/CALVIS/CALVIS/dataset/cmu\synthetic_images\200x200\female\subject_mesh_1216.png,calvis
F_subject_mesh_1217,F,97.6,83.7,103.5,C:/Users/admin/Downloads/CALVIS/CALVIS/dataset/cmu\synthetic_images\200x200\female\subject_mesh_1217.png,calvis
F_subject_mesh_1218,F,93.6,80.2,101.3,C:/Users/admin/Downloads/CALVIS/CALVIS/dataset/cmu\synthetic_images\200x200\female\subject_mesh_1218.png,calvis
F_subject_mesh_1219,F,89.6,73.7,97.6,C:/Users/admin/Downloads/CALVIS/CALVIS/dataset/cmu\synthetic_images\200x200\female\subject_mesh_1219.png,calvis
F_subject_mesh_1220,F,101.5,89.1,111.1,C:/Users/admin/Downloads/CALVIS/CALVIS/dataset/cmu\synthetic_images\200x200\female\subject_mesh_1220.png,calvis
F_subject_mesh_1221,F,93.9,81.9,103.1,C:/Users/admin/Downloads/CALVIS/CALVIS/dataset/cmu\synthetic_images\200x200\female\subject_mesh_1221.png,calvis
F_subject_mesh_1222,F,104.7,93.0,113.6,C:/Users/admin/Downloads/CALVIS/CALVIS/dataset/cmu\synthetic_images\200x200\female\subject_mesh_1222.png,calvis
F_subject_mesh_1223,F,99.7,86.9,111.6,C:/Users/admin/Downloads/CALVIS/CALVIS/dataset/cmu\synthetic_images\200x200\female\subject_mesh_1223.png,calvis
F_subject_mesh_1224,F,90.7,76.7,100.3,C:/Users/admin/Downloads/CALVIS/CALVIS/dataset/cmu\synthetic_images\200x200\female\subject_mesh_1224.png,calvis
F_subject_mesh_1225,F,99.2,85.2,104.8,C:/Users/admin/Downloads/CALVIS/CALVIS/dataset/cmu\synthetic_images\200x200\female\subject_mesh_1225.png,calvis
F_subject_mesh_1226,F,95.4,83.8,114.3,C:/Users/admin/Downloads/CALVIS/CALVIS/dataset/cmu\synthetic_images\200x200\female\subject_mesh_1226.png,calvis
F_subject_mesh_1227,F,92.0,77.2,95.8,C:/Users/admin/Downloads/CALVIS/CALVIS/dataset/cmu\synthetic_images\200x200\female\subject_mesh_1227.png,calvis
F_subject_mesh_1228,F,80.7,62.6,88.4,C:/Users/admin/Downloads/CALVIS/CALVIS/dataset/cmu\synthetic_images\200x200\female\subject_mesh_1228.png,calvis
F_subject_mesh_1229,F,102.5,88.5,108.2,C:/Users/admin/Downloads/CALVIS/CALVIS/dataset/cmu\synthetic_images\200x200\female\subject_mesh_1229.png,calvis
F_subject_mesh_1230,F,131.3,118.3,133.7,C:/Users/admin/Downloads/CALVIS/CALVIS/dataset/cmu\synthetic_images\200x200\female\subject_mesh_1230.png,calvis
F_subject_mesh_1231,F,102.3,88.8,110.4,C:/Users/admin/Downloads/CALVIS/CALVIS/dataset/cmu\synthetic_images\200x200\female\subject_mesh_1231.png,calvis
F_subject_mesh_1232,F,102.4,90.2,110.5,C:/Users/admin/Downloads/CALVIS/CALVIS/dataset/cmu\synthetic_images\200x200\female\subject_mesh_1232.png,calvis
F_subject_mesh_1233,F,86.2,71.8,93.7,C:/Users/admin/Downloads/CALVIS/CALVIS/dataset/cmu\synthetic_images\200x200\female\subject_mesh_1233.png,calvis
F_subject_mesh_1234,F,110.2,97.6,122.5,C:/Users/admin/Downloads/CALVIS/CALVIS/dataset/cmu\synthetic_images\200x200\female\subject_mesh_1234.png,calvis
F_subject_mesh_1235,F,100.8,88.4,108.5,C:/Users/admin/Downloads/CALVIS/CALVIS/dataset/cmu\synthetic_images\200x200\female\subject_mesh_1235.png,calvis
F_subject_mesh_1236,F,95.4,80.9,103.6,C:/Users/admin/Downloads/CALVIS/CALVIS/dataset/cmu\synthetic_images\200x200\female\subject_mesh_1236.png,calvis
F_subject_mesh_1237,F,92.3,76.8,97.8,C:/Users/admin/Downloads/CALVIS/CALVIS/dataset/cmu\synthetic_images\200x200\female\subject_mesh_1237.png,calvis
F_subject_mesh_1238,F,94.3,82.8,108.7,C:/Users/admin/Downloads/CALVIS/CALVIS/dataset/cmu\synthetic_images\200x200\female\subject_mesh_1238.png,calvis
F_subject_mesh_1239,F,99.9,87.7,110.5,C:/Users/admin/Downloads/CALVIS/CALVIS/dataset/cmu\synthetic_images\200x200\female\subject_mesh_1239.png,calvis
F_subject_mesh_1240,F,96.2,81.0,100.4,C:/Users/admin/Downloads/CALVIS/CALVIS/dataset/cmu\synthetic_images\200x200\female\subject_mesh_1240.png,calvis
F_subject_mesh_1241,F,94.8,79.8,98.0,C:/Users/admin/Downloads/CALVIS/CALVIS/dataset/cmu\synthetic_images\200x200\female\subject_mesh_1241.png,calvis
F_subject_mesh_1242,F,98.9,86.9,107.8,C:/Users/admin/Downloads/CALVIS/CALVIS/dataset/cmu\synthetic_images\200x200\female\subject_mesh_1242.png,calvis
F_subject_mesh_1243,F,111.2,99.0,116.4,C:/Users/admin/Downloads/CALVIS/CALVIS/dataset/cmu\synthetic_images\200x200\female\subject_mesh_1243.png,calvis
F_subject_mesh_1244,F,109.1,94.1,108.4,C:/Users/admin/Downloads/CALVIS/CALVIS/dataset/cmu\synthetic_images\200x200\female\subject_mesh_1244.png,calvis
F_subject_mesh_1245,F,90.0,75.2,94.7,C:/Users/admin/Downloads/CALVIS/CALVIS/dataset/cmu\synthetic_images\200x200\female\subject_mesh_1245.png,calvis
F_subject_mesh_1246,F,91.6,77.6,102.6,C:/Users/admin/Downloads/CALVIS/CALVIS/dataset/cmu\synthetic_images\200x200\female\subject_mesh_1246.png,calvis
F_subject_mesh_1247,F,94.4,80.0,102.5,C:/Users/admin/Downloads/CALVIS/CALVIS/dataset/cmu\synthetic_images\200x200\female\subject_mesh_1247.png,calvis
F_subject_mesh_1248,F,111.4,99.3,119.0,C:/Users/admin/Downloads/CALVIS/CALVIS/dataset/cmu\synthetic_images\200x200\female\subject_mesh_1248.png,calvis
F_subject_mesh_1249,F,110.3,96.5,109.8,C:/Users/admin/Downloads/CALVIS/CALVIS/dataset/cmu\synthetic_images\200x200\female\subject_mesh_1249.png,calvis
F_subject_mesh_1250,F,106.0,92.4,109.4,C:/Users/admin/Downloads/CALVIS/CALVIS/dataset/cmu\synthetic_images\200x200\female\subject_mesh_1250.png,calvis
F_subject_mesh_1251,F,92.4,77.2,96.6,C:/Users/admin/Downloads/CALVIS/CALVIS/dataset/cmu\synthetic_images\200x200\female\subject_mesh_1251.png,calvis
F_subject_mesh_1252,F,85.7,73.8,100.6,C:/Users/admin/Downloads/CALVIS/CALVIS/dataset/cmu\synthetic_images\200x200\female\subject_mesh_1252.png,calvis
F_subject_mesh_1253,F,95.4,79.9,99.2,C:/Users/admin/Downloads/CALVIS/CALVIS/dataset/cmu\synthetic_images\200x200\female\subject_mesh_1253.png,calvis
F_subject_mesh_1254,F,93.9,78.5,100.3,C:/Users/admin/Downloads/CALVIS/CALVIS/dataset/cmu\synthetic_images\200x200\female\subject_mesh_1254.png,calvis
F_subject_mesh_1255,F,88.8,74.6,96.8,C:/Users/admin/Downloads/CALVIS/CALVIS/dataset/cmu\synthetic_images\200x200\female\subject_mesh_1255.png,calvis
F_subject_mesh_1256,F,84.5,68.3,92.6,C:/Users/admin/Downloads/CALVIS/CALVIS/dataset/cmu\synthetic_images\200x200\female\subject_mesh_1256.png,calvis
F_subject_mesh_1257,F,95.2,83.8,104.8,C:/Users/admin/Downloads/CALVIS/CALVIS/dataset/cmu\synthetic_images\200x200\female\subject_mesh_1257.png,calvis
F_subject_mesh_1258,F,90.4,73.7,92.1,C:/Users/admin/Downloads/CALVIS/CALVIS/dataset/cmu\synthetic_images\200x200\female\subject_mesh_1258.png,calvis
F_subject_mesh_1259,F,105.2,90.4,104.1,C:/Users/admin/Downloads/CALVIS/CALVIS/dataset/cmu\synthetic_images\200x200\female\subject_mesh_1259.png,calvis
F_subject_mesh_1260,F,96.2,84.4,106.2,C:/Users/admin/Downloads/CALVIS/CALVIS/dataset/cmu\synthetic_images\200x200\female\subject_mesh_1260.png,calvis
F_subject_mesh_1261,F,94.9,79.6,102.6,C:/Users/admin/Downloads/CALVIS/CALVIS/dataset/cmu\synthetic_images\200x200\female\subject_mesh_1261.png,calvis
F_subject_mesh_1262,F,103.1,85.8,98.0,C:/Users/admin/Downloads/CALVIS/CALVIS/dataset/cmu\synthetic_images\200x200\female\subject_mesh_1262.png,calvis
F_subject_mesh_1263,F,99.7,85.4,97.2,C:/Users/admin/Downloads/CALVIS/CALVIS/dataset/cmu\synthetic_images\200x200\female\subject_mesh_1263.png,calvis
F_subject_mesh_1264,F,89.9,74.2,96.7,C:/Users/admin/Downloads/CALVIS/CALVIS/dataset/cmu\synthetic_images\200x200\female\subject_mesh_1264.png,calvis
F_subject_mesh_1265,F,94.7,85.2,112.1,C:/Users/admin/Downloads/CALVIS/CALVIS/dataset/cmu\synthetic_images\200x200\female\subject_mesh_1265.png,calvis
F_subject_mesh_1266,F,100.3,89.4,109.3,C:/Users/admin/Downloads/CALVIS/CALVIS/dataset/cmu\synthetic_images\200x200\female\subject_mesh_1266.png,calvis
F_subject_mesh_1267,F,130.9,116.2,129.5,C:/Users/admin/Downloads/CALVIS/CALVIS/dataset/cmu\synthetic_images\200x200\female\subject_mesh_1267.png,calvis
F_subject_mesh_1268,F,114.3,100.9,116.6,C:/Users/admin/Downloads/CALVIS/CALVIS/dataset/cmu\synthetic_images\200x200\female\subject_mesh_1268.png,calvis
F_subject_mesh_1269,F,94.7,81.3,96.5,C:/Users/admin/Downloads/CALVIS/CALVIS/dataset/cmu\synthetic_images\200x200\female\subject_mesh_1269.png,calvis
F_subject_mesh_1270,F,87.5,73.7,96.3,C:/Users/admin/Downloads/CALVIS/CALVIS/dataset/cmu\synthetic_images\200x200\female\subject_mesh_1270.png,calvis
F_subject_mesh_1271,F,116.5,105.5,124.3,C:/Users/admin/Downloads/CALVIS/CALVIS/dataset/cmu\synthetic_images\200x200\female\subject_mesh_1271.png,calvis
F_subject_mesh_1272,F,112.6,99.8,113.7,C:/Users/admin/Downloads/CALVIS/CALVIS/dataset/cmu\synthetic_images\200x200\female\subject_mesh_1272.png,calvis
F_subject_mesh_1273,F,95.8,78.5,93.5,C:/Users/admin/Downloads/CALVIS/CALVIS/dataset/cmu\synthetic_images\200x200\female\subject_mesh_1273.png,calvis
F_subject_mesh_1274,F,89.7,74.2,98.8,C:/Users/admin/Downloads/CALVIS/CALVIS/dataset/cmu\synthetic_images\200x200\female\subject_mesh_1274.png,calvis
F_subject_mesh_1275,F,98.8,82.7,95.9,C:/Users/admin/Downloads/CALVIS/CALVIS/dataset/cmu\synthetic_images\200x200\female\subject_mesh_1275.png,calvis
F_subject_mesh_1276,F,122.2,112.2,134.1,C:/Users/admin/Downloads/CALVIS/CALVIS/dataset/cmu\synthetic_images\200x200\female\subject_mesh_1276.png,calvis
F_subject_mesh_1277,F,117.9,104.4,119.3,C:/Users/admin/Downloads/CALVIS/CALVIS/dataset/cmu\synthetic_images\200x200\female\subject_mesh_1277.png,calvis
F_subject_mesh_1278,F,85.5,72.5,96.2,C:/Users/admin/Downloads/CALVIS/CALVIS/dataset/cmu\synthetic_images\200x200\female\subject_mesh_1278.png,calvis
F_subject_mesh_1279,F,95.5,83.3,104.0,C:/Users/admin/Downloads/CALVIS/CALVIS/dataset/cmu\synthetic_images\200x200\female\subject_mesh_1279.png,calvis
F_subject_mesh_1280,F,103.6,91.4,116.2,C:/Users/admin/Downloads/CALVIS/CALVIS/dataset/cmu\synthetic_images\200x200\female\subject_mesh_1280.png,calvis
F_subject_mesh_1281,F,92.8,79.3,102.5,C:/Users/admin/Downloads/CALVIS/CALVIS/dataset/cmu\synthetic_images\200x200\female\subject_mesh_1281.png,calvis
F_subject_mesh_1282,F,94.1,81.5,107.9,C:/Users/admin/Downloads/CALVIS/CALVIS/dataset/cmu\synthetic_images\200x200\female\subject_mesh_1282.png,calvis
F_subject_mesh_1283,F,101.8,88.5,114.2,C:/Users/admin/Downloads/CALVIS/CALVIS/dataset/cmu\synthetic_images\200x200\female\subject_mesh_1283.png,calvis
F_subject_mesh_1284,F,86.6,73.6,94.5,C:/Users/admin/Downloads/CALVIS/CALVIS/dataset/cmu\synthetic_images\200x200\female\subject_mesh_1284.png,calvis
F_subject_mesh_1285,F,88.1,75.0,97.5,C:/Users/admin/Downloads/CALVIS/CALVIS/dataset/cmu\synthetic_images\200x200\female\subject_mesh_1285.png,calvis
F_subject_mesh_1286,F,96.6,84.5,104.2,C:/Users/admin/Downloads/CALVIS/CALVIS/dataset/cmu\synthetic_images\200x200\female\subject_mesh_1286.png,calvis
F_subject_mesh_1287,F,85.0,68.6,95.0,C:/Users/admin/Downloads/CALVIS/CALVIS/dataset/cmu\synthetic_images\200x200\female\subject_mesh_1287.png,calvis
F_subject_mesh_1288,F,91.3,79.0,97.1,C:/Users/admin/Downloads/CALVIS/CALVIS/dataset/cmu\synthetic_images\200x200\female\subject_mesh_1288.png,calvis
F_subject_mesh_1289,F,93.1,78.5,99.6,C:/Users/admin/Downloads/CALVIS/CALVIS/dataset/cmu\synthetic_images\200x200\female\subject_mesh_1289.png,calvis
F_subject_mesh_1290,F,96.3,84.0,108.4,C:/Users/admin/Downloads/CALVIS/CALVIS/dataset/cmu\synthetic_images\200x200\female\subject_mesh_1290.png,calvis
F_subject_mesh_1291,F,110.2,96.0,108.8,C:/Users/admin/Downloads/CALVIS/CALVIS/dataset/cmu\synthetic_images\200x200\female\subject_mesh_1291.png,calvis
F_subject_mesh_1292,F,96.7,84.6,110.3,C:/Users/admin/Downloads/CALVIS/CALVIS/dataset/cmu\synthetic_images\200x200\female\subject_mesh_1292.png,calvis
F_subject_mesh_1293,F,88.0,74.2,92.1,C:/Users/admin/Downloads/CALVIS/CALVIS/dataset/cmu\synthetic_images\200x200\female\subject_mesh_1293.png,calvis
F_subject_mesh_1294,F,95.3,83.0,106.2,C:/Users/admin/Downloads/CALVIS/CALVIS/dataset/cmu\synthetic_images\200x200\female\subject_mesh_1294.png,calvis
F_subject_mesh_1295,F,91.1,77.2,96.7,C:/Users/admin/Downloads/CALVIS/CALVIS/dataset/cmu\synthetic_images\200x200\female\subject_mesh_1295.png,calvis
F_subject_mesh_1296,F,90.5,77.5,105.8,C:/Users/admin/Downloads/CALVIS/CALVIS/dataset/cmu\synthetic_images\200x200\female\subject_mesh_1296.png,calvis
F_subject_mesh_1297,F,92.8,79.3,99.6,C:/Users/admin/Downloads/CALVIS/CALVIS/dataset/cmu\synthetic_images\200x200\female\subject_mesh_1297.png,calvis
F_subject_mesh_1298,F,88.7,73.3,98.0,C:/Users/admin/Downloads/CALVIS/CALVIS/dataset/cmu\synthetic_images\200x200\female\subject_mesh_1298.png,calvis
F_subject_mesh_1299,F,91.4,78.2,99.5,C:/Users/admin/Downloads/CALVIS/CALVIS/dataset/cmu\synthetic_images\200x200\female\subject_mesh_1299.png,calvis
F_subject_mesh_1300,F,86.7,73.2,95.4,C:/Users/admin/Downloads/CALVIS/CALVIS/dataset/cmu\synthetic_images\200x200\female\subject_mesh_1300.png,calvis
F_subject_mesh_1301,F,94.7,81.6,106.9,C:/Users/admin/Downloads/CALVIS/CALVIS/dataset/cmu\synthetic_images\200x200\female\subject_mesh_1301.png,calvis
F_subject_mesh_1302,F,89.0,74.9,96.9,C:/Users/admin/Downloads/CALVIS/CALVIS/dataset/cmu\synthetic_images\200x200\female\subject_mesh_1302.png,calvis
F_subject_mesh_1303,F,85.1,71.4,98.1,C:/Users/admin/Downloads/CALVIS/CALVIS/dataset/cmu\synthetic_images\200x200\female\subject_mesh_1303.png,calvis
F_subject_mesh_1304,F,84.3,70.5,94.1,C:/Users/admin/Downloads/CALVIS/CALVIS/dataset/cmu\synthetic_images\200x200\female\subject_mesh_1304.png,calvis
F_subject_mesh_1305,F,91.2,77.0,99.5,C:/Users/admin/Downloads/CALVIS/CALVIS/dataset/cmu\synthetic_images\200x200\female\subject_mesh_1305.png,calvis
F_subject_mesh_1306,F,87.2,71.0,89.7,C:/Users/admin/Downloads/CALVIS/CALVIS/dataset/cmu\synthetic_images\200x200\female\subject_mesh_1306.png,calvis
F_subject_mesh_1307,F,88.9,74.2,99.9,C:/Users/admin/Downloads/CALVIS/CALVIS/dataset/cmu\synthetic_images\200x200\female\subject_mesh_1307.png,calvis
F_subject_mesh_1308,F,87.9,72.3,97.5,C:/Users/admin/Downloads/CALVIS/CALVIS/dataset/cmu\synthetic_images\200x200\female\subject_mesh_1308.png,calvis
F_subject_mesh_1309,F,90.6,77.4,97.9,C:/Users/admin/Downloads/CALVIS/CALVIS/dataset/cmu\synthetic_images\200x200\female\subject_mesh_1309.png,calvis
F_subject_mesh_1310,F,103.9,91.3,116.5,C:/Users/admin/Downloads/CALVIS/CALVIS/dataset/cmu\synthetic_images\200x200\female\subject_mesh_1310.png,calvis
F_subject_mesh_1311,F,99.9,87.4,114.8,C:/Users/admin/Downloads/CALVIS/CALVIS/dataset/cmu\synthetic_images\200x200\female\subject_mesh_1311.png,calvis
F_subject_mesh_1312,F,89.5,76.5,102.7,C:/Users/admin/Downloads/CALVIS/CALVIS/dataset/cmu\synthetic_images\200x200\female\subject_mesh_1312.png,calvis
F_subject_mesh_1313,F,117.8,103.4,117.6,C:/Users/admin/Downloads/CALVIS/CALVIS/dataset/cmu\synthetic_images\200x200\female\subject_mesh_1313.png,calvis
F_subject_mesh_1314,F,90.9,77.7,102.5,C:/Users/admin/Downloads/CALVIS/CALVIS/dataset/cmu\synthetic_images\200x200\female\subject_mesh_1314.png,calvis
F_subject_mesh_1315,F,87.8,73.1,92.9,C:/Users/admin/Downloads/CALVIS/CALVIS/dataset/cmu\synthetic_images\200x200\female\subject_mesh_1315.png,calvis
F_subject_mesh_1316,F,96.2,80.3,96.0,C:/Users/admin/Downloads/CALVIS/CALVIS/dataset/cmu\synthetic_images\200x200\female\subject_mesh_1316.png,calvis
F_subject_mesh_1317,F,101.2,88.9,111.2,C:/Users/admin/Downloads/CALVIS/CALVIS/dataset/cmu\synthetic_images\200x200\female\subject_mesh_1317.png,calvis
F_subject_mesh_1318,F,94.7,83.8,104.5,C:/Users/admin/Downloads/CALVIS/CALVIS/dataset/cmu\synthetic_images\200x200\female\subject_mesh_1318.png,calvis
F_subject_mesh_1319,F,88.9,75.6,95.2,C:/Users/admin/Downloads/CALVIS/CALVIS/dataset/cmu\synthetic_images\200x200\female\subject_mesh_1319.png,calvis
F_subject_mesh_1320,F,90.1,81.4,111.6,C:/Users/admin/Downloads/CALVIS/CALVIS/dataset/cmu\synthetic_images\200x200\female\subject_mesh_1320.png,calvis
F_subject_mesh_1321,F,83.7,69.2,91.2,C:/Users/admin/Downloads/CALVIS/CALVIS/dataset/cmu\synthetic_images\200x200\female\subject_mesh_1321.png,calvis
F_subject_mesh_1322,F,105.1,91.6,110.0,C:/Users/admin/Downloads/CALVIS/CALVIS/dataset/cmu\synthetic_images\200x200\female\subject_mesh_1322.png,calvis
F_subject_mesh_1323,F,98.3,84.7,102.5,C:/Users/admin/Downloads/CALVIS/CALVIS/dataset/cmu\synthetic_images\200x200\female\subject_mesh_1323.png,calvis
F_subject_mesh_1324,F,88.0,73.3,98.2,C:/Users/admin/Downloads/CALVIS/CALVIS/dataset/cmu\synthetic_images\200x200\female\subject_mesh_1324.png,calvis
F_subject_mesh_1325,F,91.9,78.9,102.5,C:/Users/admin/Downloads/CALVIS/CALVIS/dataset/cmu\synthetic_images\200x200\female\subject_mesh_1325.png,calvis
F_subject_mesh_1326,F,94.4,77.7,99.3,C:/Users/admin/Downloads/CALVIS/CALVIS/dataset/cmu\synthetic_images\200x200\female\subject_mesh_1326.png,calvis
F_subject_mesh_1327,F,89.3,75.5,96.3,C:/Users/admin/Downloads/CALVIS/CALVIS/dataset/cmu\synthetic_images\200x200\female\subject_mesh_1327.png,calvis
F_subject_mesh_1328,F,107.6,93.9,106.1,C:/Users/admin/Downloads/CALVIS/CALVIS/dataset/cmu\synthetic_images\200x200\female\subject_mesh_1328.png,calvis
F_subject_mesh_1329,F,91.6,79.8,100.3,C:/Users/admin/Downloads/CALVIS/CALVIS/dataset/cmu\synthetic_images\200x200\female\subject_mesh_1329.png,calvis
F_subject_mesh_1330,F,97.8,82.2,99.3,C:/Users/admin/Downloads/CALVIS/CALVIS/dataset/cmu\synthetic_images\200x200\female\subject_mesh_1330.png,calvis
F_subject_mesh_1331,F,125.1,108.7,119.8,C:/Users/admin/Downloads/CALVIS/CALVIS/dataset/cmu\synthetic_images\200x200\female\subject_mesh_1331.png,calvis
F_subject_mesh_1332,F,90.9,78.2,103.3,C:/Users/admin/Downloads/CALVIS/CALVIS/dataset/cmu\synthetic_images\200x200\female\subject_mesh_1332.png,calvis
F_subject_mesh_1333,F,94.0,80.3,101.6,C:/Users/admin/Downloads/CALVIS/CALVIS/dataset/cmu\synthetic_images\200x200\female\subject_mesh_1333.png,calvis
F_subject_mesh_1334,F,84.5,71.8,99.8,C:/Users/admin/Downloads/CALVIS/CALVIS/dataset/cmu\synthetic_images\200x200\female\subject_mesh_1334.png,calvis
F_subject_mesh_1335,F,94.6,79.9,100.8,C:/Users/admin/Downloads/CALVIS/CALVIS/dataset/cmu\synthetic_images\200x200\female\subject_mesh_1335.png,calvis
F_subject_mesh_1336,F,93.6,81.3,104.7,C:/Users/admin/Downloads/CALVIS/CALVIS/dataset/cmu\synthetic_images\200x200\female\subject_mesh_1336.png,calvis
F_subject_mesh_1337,F,92.9,77.6,103.5,C:/Users/admin/Downloads/CALVIS/CALVIS/dataset/cmu\synthetic_images\200x200\female\subject_mesh_1337.png,calvis
F_subject_mesh_1338,F,98.6,84.9,98.4,C:/Users/admin/Downloads/CALVIS/CALVIS/dataset/cmu\synthetic_images\200x200\female\subject_mesh_1338.png,calvis
F_subject_mesh_1339,F,102.2,88.7,106.9,C:/Users/admin/Downloads/CALVIS/CALVIS/dataset/cmu\synthetic_images\200x200\female\subject_mesh_1339.png,calvis
F_subject_mesh_1340,F,93.5,77.1,100.1,C:/Users/admin/Downloads/CALVIS/CALVIS/dataset/cmu\synthetic_images\200x200\female\subject_mesh_1340.png,calvis
F_subject_mesh_1341,F,90.1,72.6,101.6,C:/Users/admin/Downloads/CALVIS/CALVIS/dataset/cmu\synthetic_images\200x200\female\subject_mesh_1341.png,calvis
F_subject_mesh_1342,F,88.8,74.3,97.9,C:/Users/admin/Downloads/CALVIS/CALVIS/dataset/cmu\synthetic_images\200x200\female\subject_mesh_1342.png,calvis
F_subject_mesh_1343,F,95.6,81.8,101.7,C:/Users/admin/Downloads/CALVIS/CALVIS/dataset/cmu\synthetic_images\200x200\female\subject_mesh_1343.png,calvis
F_subject_mesh_1344,F,93.0,81.3,105.2,C:/Users/admin/Downloads/CALVIS/CALVIS/dataset/cmu\synthetic_images\200x200\female\subject_mesh_1344.png,calvis
F_subject_mesh_1345,F,94.8,80.3,103.7,C:/Users/admin/Downloads/CALVIS/CALVIS/dataset/cmu\synthetic_images\200x200\female\subject_mesh_1345.png,calvis
F_subject_mesh_1346,F,108.7,96.5,111.0,C:/Users/admin/Downloads/CALVIS/CALVIS/dataset/cmu\synthetic_images\200x200\female\subject_mesh_1346.png,calvis
F_subject_mesh_1347,F,95.3,82.2,101.6,C:/Users/admin/Downloads/CALVIS/CALVIS/dataset/cmu\synthetic_images\200x200\female\subject_mesh_1347.png,calvis
F_subject_mesh_1348,F,88.9,73.9,92.5,C:/Users/admin/Downloads/CALVIS/CALVIS/dataset/cmu\synthetic_images\200x200\female\subject_mesh_1348.png,calvis
F_subject_mesh_1349,F,88.0,74.3,94.8,C:/Users/admin/Downloads/CALVIS/CALVIS/dataset/cmu\synthetic_images\200x200\female\subject_mesh_1349.png,calvis
F_subject_mesh_1350,F,94.5,80.9,106.0,C:/Users/admin/Downloads/CALVIS/CALVIS/dataset/cmu\synthetic_images\200x200\female\subject_mesh_1350.png,calvis
F_subject_mesh_1351,F,87.8,75.1,99.2,C:/Users/admin/Downloads/CALVIS/CALVIS/dataset/cmu\synthetic_images\200x200\female\subject_mesh_1351.png,calvis
F_subject_mesh_1352,F,117.8,109.1,131.0,C:/Users/admin/Downloads/CALVIS/CALVIS/dataset/cmu\synthetic_images\200x200\female\subject_mesh_1352.png,calvis
F_subject_mesh_1353,F,96.1,81.7,100.5,C:/Users/admin/Downloads/CALVIS/CALVIS/dataset/cmu\synthetic_images\200x200\female\subject_mesh_1353.png,calvis
F_subject_mesh_1354,F,86.5,71.6,94.6,C:/Users/admin/Downloads/CALVIS/CALVIS/dataset/cmu\synthetic_images\200x200\female\subject_mesh_1354.png,calvis
F_subject_mesh_1355,F,91.2,77.7,105.7,C:/Users/admin/Downloads/CALVIS/CALVIS/dataset/cmu\synthetic_images\200x200\female\subject_mesh_1355.png,calvis
F_subject_mesh_1356,F,89.3,74.0,97.1,C:/Users/admin/Downloads/CALVIS/CALVIS/dataset/cmu\synthetic_images\200x200\female\subject_mesh_1356.png,calvis
F_subject_mesh_1357,F,96.3,83.0,106.0,C:/Users/admin/Downloads/CALVIS/CALVIS/dataset/cmu\synthetic_images\200x200\female\subject_mesh_1357.png,calvis
F_subject_mesh_1358,F,82.5,68.8,90.0,C:/Users/admin/Downloads/CALVIS/CALVIS/dataset/cmu\synthetic_images\200x200\female\subject_mesh_1358.png,calvis
F_subject_mesh_1359,F,90.7,78.7,106.4,C:/Users/admin/Downloads/CALVIS/CALVIS/dataset/cmu\synthetic_images\200x200\female\subject_mesh_1359.png,calvis
F_subject_mesh_1360,F,106.3,97.3,113.9,C:/Users/admin/Downloads/CALVIS/CALVIS/dataset/cmu\synthetic_images\200x200\female\subject_mesh_1360.png,calvis
F_subject_mesh_1361,F,111.0,95.7,107.2,C:/Users/admin/Downloads/CALVIS/CALVIS/dataset/cmu\synthetic_images\200x200\female\subject_mesh_1361.png,calvis
F_subject_mesh_1362,F,94.6,83.9,106.4,C:/Users/admin/Downloads/CALVIS/CALVIS/dataset/cmu\synthetic_images\200x200\female\subject_mesh_1362.png,calvis
F_subject_mesh_1363,F,101.7,85.8,98.1,C:/Users/admin/Downloads/CALVIS/CALVIS/dataset/cmu\synthetic_images\200x200\female\subject_mesh_1363.png,calvis
F_subject_mesh_1364,F,88.8,76.7,99.2,C:/Users/admin/Downloads/CALVIS/CALVIS/dataset/cmu\synthetic_images\200x200\female\subject_mesh_1364.png,calvis
F_subject_mesh_1365,F,108.4,92.9,106.0,C:/Users/admin/Downloads/CALVIS/CALVIS/dataset/cmu\synthetic_images\200x200\female\subject_mesh_1365.png,calvis
F_subject_mesh_1366,F,89.1,76.8,101.1,C:/Users/admin/Downloads/CALVIS/CALVIS/dataset/cmu\synthetic_images\200x200\female\subject_mesh_1366.png,calvis
F_subject_mesh_1367,F,97.9,86.2,116.7,C:/Users/admin/Downloads/CALVIS/CALVIS/dataset/cmu\synthetic_images\200x200\female\subject_mesh_1367.png,calvis
F_subject_mesh_1368,F,109.3,93.0,103.8,C:/Users/admin/Downloads/CALVIS/CALVIS/dataset/cmu\synthetic_images\200x200\female\subject_mesh_1368.png,calvis
F_subject_mesh_1369,F,93.6,78.2,96.3,C:/Users/admin/Downloads/CALVIS/CALVIS/dataset/cmu\synthetic_images\200x200\female\subject_mesh_1369.png,calvis
F_subject_mesh_1370,F,113.5,100.6,116.1,C:/Users/admin/Downloads/CALVIS/CALVIS/dataset/cmu\synthetic_images\200x200\female\subject_mesh_1370.png,calvis
F_subject_mesh_1371,F,96.9,83.8,108.4,C:/Users/admin/Downloads/CALVIS/CALVIS/dataset/cmu\synthetic_images\200x200\female\subject_mesh_1371.png,calvis
F_subject_mesh_1372,F,89.5,74.7,95.4,C:/Users/admin/Downloads/CALVIS/CALVIS/dataset/cmu\synthetic_images\200x200\female\subject_mesh_1372.png,calvis
F_subject_mesh_1373,F,126.3,113.1,128.5,C:/Users/admin/Downloads/CALVIS/CALVIS/dataset/cmu\synthetic_images\200x200\female\subject_mesh_1373.png,calvis
F_subject_mesh_1374,F,98.3,83.8,104.8,C:/Users/admin/Downloads/CALVIS/CALVIS/dataset/cmu\synthetic_images\200x200\female\subject_mesh_1374.png,calvis
F_subject_mesh_1375,F,84.0,66.4,92.4,C:/Users/admin/Downloads/CALVIS/CALVIS/dataset/cmu\synthetic_images\200x200\female\subject_mesh_1375.png,calvis
F_subject_mesh_1376,F,98.0,80.9,99.8,C:/Users/admin/Downloads/CALVIS/CALVIS/dataset/cmu\synthetic_images\200x200\female\subject_mesh_1376.png,calvis
F_subject_mesh_1377,F,112.7,104.3,126.3,C:/Users/admin/Downloads/CALVIS/CALVIS/dataset/cmu\synthetic_images\200x200\female\subject_mesh_1377.png,calvis
F_subject_mesh_1378,F,106.7,95.4,115.4,C:/Users/admin/Downloads/CALVIS/CALVIS/dataset/cmu\synthetic_images\200x200\female\subject_mesh_1378.png,calvis
F_subject_mesh_1379,F,121.7,107.9,122.7,C:/Users/admin/Downloads/CALVIS/CALVIS/dataset/cmu\synthetic_images\200x200\female\subject_mesh_1379.png,calvis
F_subject_mesh_1380,F,96.1,84.3,108.2,C:/Users/admin/Downloads/CALVIS/CALVIS/dataset/cmu\synthetic_images\200x200\female\subject_mesh_1380.png,calvis
F_subject_mesh_1381,F,93.3,77.7,97.7,C:/Users/admin/Downloads/CALVIS/CALVIS/dataset/cmu\synthetic_images\200x200\female\subject_mesh_1381.png,calvis
F_subject_mesh_1382,F,114.2,99.2,115.0,C:/Users/admin/Downloads/CALVIS/CALVIS/dataset/cmu\synthetic_images\200x200\female\subject_mesh_1382.png,calvis
F_subject_mesh_1383,F,85.4,71.6,96.3,C:/Users/admin/Downloads/CALVIS/CALVIS/dataset/cmu\synthetic_images\200x200\female\subject_mesh_1383.png,calvis
F_subject_mesh_1384,F,96.8,81.9,99.1,C:/Users/admin/Downloads/CALVIS/CALVIS/dataset/cmu\synthetic_images\200x200\female\subject_mesh_1384.png,calvis
F_subject_mesh_1385,F,88.7,74.3,99.1,C:/Users/admin/Downloads/CALVIS/CALVIS/dataset/cmu\synthetic_images\200x200\female\subject_mesh_1385.png,calvis
F_subject_mesh_1386,F,111.3,97.3,116.6,C:/Users/admin/Downloads/CALVIS/CALVIS/dataset/cmu\synthetic_images\200x200\female\subject_mesh_1386.png,calvis
F_subject_mesh_1387,F,87.3,71.5,97.0,C:/Users/admin/Downloads/CALVIS/CALVIS/dataset/cmu\synthetic_images\200x200\female\subject_mesh_1387.png,calvis
F_subject_mesh_1388,F,87.8,73.3,97.4,C:/Users/admin/Downloads/CALVIS/CALVIS/dataset/cmu\synthetic_images\200x200\female\subject_mesh_1388.png,calvis
F_subject_mesh_1389,F,103.0,88.3,107.0,C:/Users/admin/Downloads/CALVIS/CALVIS/dataset/cmu\synthetic_images\200x200\female\subject_mesh_1389.png,calvis
F_subject_mesh_1390,F,110.3,98.4,115.3,C:/Users/admin/Downloads/CALVIS/CALVIS/dataset/cmu\synthetic_images\200x200\female\subject_mesh_1390.png,calvis
F_subject_mesh_1391,F,100.4,85.9,110.7,C:/Users/admin/Downloads/CALVIS/CALVIS/dataset/cmu\synthetic_images\200x200\female\subject_mesh_1391.png,calvis
F_subject_mesh_1392,F,123.6,110.0,126.6,C:/Users/admin/Downloads/CALVIS/CALVIS/dataset/cmu\synthetic_images\200x200\female\subject_mesh_1392.png,calvis
F_subject_mesh_1393,F,97.9,84.3,106.0,C:/Users/admin/Downloads/CALVIS/CALVIS/dataset/cmu\synthetic_images\200x200\female\subject_mesh_1393.png,calvis
F_subject_mesh_1394,F,90.4,80.5,102.5,C:/Users/admin/Downloads/CALVIS/CALVIS/dataset/cmu\synthetic_images\200x200\female\subject_mesh_1394.png,calvis
F_subject_mesh_1395,F,94.2,80.1,100.8,C:/Users/admin/Downloads/CALVIS/CALVIS/dataset/cmu\synthetic_images\200x200\female\subject_mesh_1395.png,calvis
F_subject_mesh_1396,F,94.7,81.0,104.4,C:/Users/admin/Downloads/CALVIS/CALVIS/dataset/cmu\synthetic_images\200x200\female\subject_mesh_1396.png,calvis
F_subject_mesh_1397,F,95.8,83.3,102.5,C:/Users/admin/Downloads/CALVIS/CALVIS/dataset/cmu\synthetic_images\200x200\female\subject_mesh_1397.png,calvis
F_subject_mesh_1398,F,86.0,73.6,97.7,C:/Users/admin/Downloads/CALVIS/CALVIS/dataset/cmu\synthetic_images\200x200\female\subject_mesh_1398.png,calvis
F_subject_mesh_1399,F,117.2,106.5,130.3,C:/Users/admin/Downloads/CALVIS/CALVIS/dataset/cmu\synthetic_images\200x200\female\subject_mesh_1399.png,calvis
F_subject_mesh_1400,F,101.8,87.9,106.2,C:/Users/admin/Downloads/CALVIS/CALVIS/dataset/cmu\synthetic_images\200x200\female\subject_mesh_1400.png,calvis
F_subject_mesh_1401,F,122.1,110.7,127.6,C:/Users/admin/Downloads/CALVIS/CALVIS/dataset/cmu\synthetic_images\200x200\female\subject_mesh_1401.png,calvis
F_subject_mesh_1402,F,96.6,83.4,103.7,C:/Users/admin/Downloads/CALVIS/CALVIS/dataset/cmu\synthetic_images\200x200\female\subject_mesh_1402.png,calvis
F_subject_mesh_1403,F,102.2,86.2,113.6,C:/Users/admin/Downloads/CALVIS/CALVIS/dataset/cmu\synthetic_images\200x200\female\subject_mesh_1403.png,calvis
F_subject_mesh_1404,F,104.6,88.7,103.2,C:/Users/admin/Downloads/CALVIS/CALVIS/dataset/cmu\synthetic_images\200x200\female\subject_mesh_1404.png,calvis
F_subject_mesh_1405,F,114.3,100.0,116.5,C:/Users/admin/Downloads/CALVIS/CALVIS/dataset/cmu\synthetic_images\200x200\female\subject_mesh_1405.png,calvis
F_subject_mesh_1406,F,103.1,88.4,103.0,C:/Users/admin/Downloads/CALVIS/CALVIS/dataset/cmu\synthetic_images\200x200\female\subject_mesh_1406.png,calvis
F_subject_mesh_1407,F,93.1,79.2,102.2,C:/Users/admin/Downloads/CALVIS/CALVIS/dataset/cmu\synthetic_images\200x200\female\subject_mesh_1407.png,calvis
F_subject_mesh_1408,F,89.0,73.8,97.7,C:/Users/admin/Downloads/CALVIS/CALVIS/dataset/cmu\synthetic_images\200x200\female\subject_mesh_1408.png,calvis
F_subject_mesh_1409,F,116.9,100.1,110.8,C:/Users/admin/Downloads/CALVIS/CALVIS/dataset/cmu\synthetic_images\200x200\female\subject_mesh_1409.png,calvis
F_subject_mesh_1410,F,98.5,84.5,103.7,C:/Users/admin/Downloads/CALVIS/CALVIS/dataset/cmu\synthetic_images\200x200\female\subject_mesh_1410.png,calvis
F_subject_mesh_1411,F,87.7,72.3,95.6,C:/Users/admin/Downloads/CALVIS/CALVIS/dataset/cmu\synthetic_images\200x200\female\subject_mesh_1411.png,calvis
F_subject_mesh_1412,F,109.7,99.7,115.9,C:/Users/admin/Downloads/CALVIS/CALVIS/dataset/cmu\synthetic_images\200x200\female\subject_mesh_1412.png,calvis
F_subject_mesh_1413,F,96.4,83.4,111.5,C:/Users/admin/Downloads/CALVIS/CALVIS/dataset/cmu\synthetic_images\200x200\female\subject_mesh_1413.png,calvis
F_subject_mesh_1414,F,96.1,84.8,109.0,C:/Users/admin/Downloads/CALVIS/CALVIS/dataset/cmu\synthetic_images\200x200\female\subject_mesh_1414.png,calvis
F_subject_mesh_1415,F,91.8,76.6,96.8,C:/Users/admin/Downloads/CALVIS/CALVIS/dataset/cmu\synthetic_images\200x200\female\subject_mesh_1415.png,calvis
F_subject_mesh_1416,F,85.9,71.2,93.2,C:/Users/admin/Downloads/CALVIS/CALVIS/dataset/cmu\synthetic_images\200x200\female\subject_mesh_1416.png,calvis
F_subject_mesh_1417,F,101.5,88.8,109.0,C:/Users/admin/Downloads/CALVIS/CALVIS/dataset/cmu\synthetic_images\200x200\female\subject_mesh_1417.png,calvis
F_subject_mesh_1418,F,108.6,93.8,111.0,C:/Users/admin/Downloads/CALVIS/CALVIS/dataset/cmu\synthetic_images\200x200\female\subject_mesh_1418.png,calvis
F_subject_mesh_1419,F,107.1,93.5,114.9,C:/Users/admin/Downloads/CALVIS/CALVIS/dataset/cmu\synthetic_images\200x200\female\subject_mesh_1419.png,calvis
F_subject_mesh_1420,F,91.6,75.6,101.8,C:/Users/admin/Downloads/CALVIS/CALVIS/dataset/cmu\synthetic_images\200x200\female\subject_mesh_1420.png,calvis
F_subject_mesh_1421,F,92.3,82.2,110.3,C:/Users/admin/Downloads/CALVIS/CALVIS/dataset/cmu\synthetic_images\200x200\female\subject_mesh_1421.png,calvis
F_subject_mesh_1422,F,99.2,87.8,116.0,C:/Users/admin/Downloads/CALVIS/CALVIS/dataset/cmu\synthetic_images\200x200\female\subject_mesh_1422.png,calvis
F_subject_mesh_1423,F,132.5,126.2,152.8,C:/Users/admin/Downloads/CALVIS/CALVIS/dataset/cmu\synthetic_images\200x200\female\subject_mesh_1423.png,calvis
F_subject_mesh_1424,F,104.8,89.8,104.1,C:/Users/admin/Downloads/CALVIS/CALVIS/dataset/cmu\synthetic_images\200x200\female\subject_mesh_1424.png,calvis
F_subject_mesh_1425,F,116.3,97.9,106.8,C:/Users/admin/Downloads/CALVIS/CALVIS/dataset/cmu\synthetic_images\200x200\female\subject_mesh_1425.png,calvis
F_subject_mesh_1426,F,92.3,78.1,97.5,C:/Users/admin/Downloads/CALVIS/CALVIS/dataset/cmu\synthetic_images\200x200\female\subject_mesh_1426.png,calvis
F_subject_mesh_1427,F,95.2,80.4,103.8,C:/Users/admin/Downloads/CALVIS/CALVIS/dataset/cmu\synthetic_images\200x200\female\subject_mesh_1427.png,calvis
F_subject_mesh_1428,F,106.4,93.1,108.0,C:/Users/admin/Downloads/CALVIS/CALVIS/dataset/cmu\synthetic_images\200x200\female\subject_mesh_1428.png,calvis
F_subject_mesh_1429,F,89.7,73.4,97.0,C:/Users/admin/Downloads/CALVIS/CALVIS/dataset/cmu\synthetic_images\200x200\female\subject_mesh_1429.png,calvis
F_subject_mesh_1430,F,95.2,80.9,103.1,C:/Users/admin/Downloads/CALVIS/CALVIS/dataset/cmu\synthetic_images\200x200\female\subject_mesh_1430.png,calvis
F_subject_mesh_1431,F,122.1,104.5,115.0,C:/Users/admin/Downloads/CALVIS/CALVIS/dataset/cmu\synthetic_images\200x200\female\subject_mesh_1431.png,calvis
F_subject_mesh_1432,F,93.1,79.6,99.1,C:/Users/admin/Downloads/CALVIS/CALVIS/dataset/cmu\synthetic_images\200x200\female\subject_mesh_1432.png,calvis
F_subject_mesh_1433,F,97.9,86.8,108.4,C:/Users/admin/Downloads/CALVIS/CALVIS/dataset/cmu\synthetic_images\200x200\female\subject_mesh_1433.png,calvis
F_subject_mesh_1434,F,91.7,78.8,98.8,C:/Users/admin/Downloads/CALVIS/CALVIS/dataset/cmu\synthetic_images\200x200\female\subject_mesh_1434.png,calvis
F_subject_mesh_1435,F,90.5,74.9,103.4,C:/Users/admin/Downloads/CALVIS/CALVIS/dataset/cmu\synthetic_images\200x200\female\subject_mesh_1435.png,calvis
F_subject_mesh_1436,F,90.5,76.7,99.5,C:/Users/admin/Downloads/CALVIS/CALVIS/dataset/cmu\synthetic_images\200x200\female\subject_mesh_1436.png,calvis
F_subject_mesh_1437,F,112.7,100.1,117.9,C:/Users/admin/Downloads/CALVIS/CALVIS/dataset/cmu\synthetic_images\200x200\female\subject_mesh_1437.png,calvis
F_subject_mesh_1438,F,89.9,74.9,97.8,C:/Users/admin/Downloads/CALVIS/CALVIS/dataset/cmu\synthetic_images\200x200\female\subject_mesh_1438.png,calvis
F_subject_mesh_1439,F,88.7,75.3,96.6,C:/Users/admin/Downloads/CALVIS/CALVIS/dataset/cmu\synthetic_images\200x200\female\subject_mesh_1439.png,calvis
F_subject_mesh_1440,F,97.3,81.5,98.3,C:/Users/admin/Downloads/CALVIS/CALVIS/dataset/cmu\synthetic_images\200x200\female\subject_mesh_1440.png,calvis
F_subject_mesh_1441,F,102.4,87.4,109.0,C:/Users/admin/Downloads/CALVIS/CALVIS/dataset/cmu\synthetic_images\200x200\female\subject_mesh_1441.png,calvis
F_subject_mesh_1442,F,117.0,103.1,118.0,C:/Users/admin/Downloads/CALVIS/CALVIS/dataset/cmu\synthetic_images\200x200\female\subject_mesh_1442.png,calvis
F_subject_mesh_1443,F,94.8,79.7,99.6,C:/Users/admin/Downloads/CALVIS/CALVIS/dataset/cmu\synthetic_images\200x200\female\subject_mesh_1443.png,calvis
F_subject_mesh_1444,F,124.4,106.9,119.5,C:/Users/admin/Downloads/CALVIS/CALVIS/dataset/cmu\synthetic_images\200x200\female\subject_mesh_1444.png,calvis
F_subject_mesh_1445,F,128.9,115.3,129.7,C:/Users/admin/Downloads/CALVIS/CALVIS/dataset/cmu\synthetic_images\200x200\female\subject_mesh_1445.png,calvis
F_subject_mesh_1446,F,108.4,92.8,105.9,C:/Users/admin/Downloads/CALVIS/CALVIS/dataset/cmu\synthetic_images\200x200\female\subject_mesh_1446.png,calvis
F_subject_mesh_1447,F,98.1,86.5,105.8,C:/Users/admin/Downloads/CALVIS/CALVIS/dataset/cmu\synthetic_images\200x200\female\subject_mesh_1447.png,calvis
F_subject_mesh_1448,F,94.6,80.7,102.3,C:/Users/admin/Downloads/CALVIS/CALVIS/dataset/cmu\synthetic_images\200x200\female\subject_mesh_1448.png,calvis
F_subject_mesh_1449,F,97.5,84.9,108.2,C:/Users/admin/Downloads/CALVIS/CALVIS/dataset/cmu\synthetic_images\200x200\female\subject_mesh_1449.png,calvis
F_subject_mesh_1450,F,101.4,86.1,102.0,C:/Users/admin/Downloads/CALVIS/CALVIS/dataset/cmu\synthetic_images\200x200\female\subject_mesh_1450.png,calvis
F_subject_mesh_1451,F,95.1,81.8,97.5,C:/Users/admin/Downloads/CALVIS/CALVIS/dataset/cmu\synthetic_images\200x200\female\subject_mesh_1451.png,calvis
F_subject_mesh_1452,F,94.8,77.8,94.2,C:/Users/admin/Downloads/CALVIS/CALVIS/dataset/cmu\synthetic_images\200x200\female\subject_mesh_1452.png,calvis
F_subject_mesh_1453,F,90.5,76.3,98.2,C:/Users/admin/Downloads/CALVIS/CALVIS/dataset/cmu\synthetic_images\200x200\female\subject_mesh_1453.png,calvis
F_subject_mesh_1454,F,102.8,92.7,124.5,C:/Users/admin/Downloads/CALVIS/CALVIS/dataset/cmu\synthetic_images\200x200\female\subject_mesh_1454.png,calvis
F_subject_mesh_1455,F,94.3,79.0,105.0,C:/Users/admin/Downloads/CALVIS/CALVIS/dataset/cmu\synthetic_images\200x200\female\subject_mesh_1455.png,calvis
F_subject_mesh_1456,F,86.5,74.7,100.0,C:/Users/admin/Downloads/CALVIS/CALVIS/dataset/cmu\synthetic_images\200x200\female\subject_mesh_1456.png,calvis
F_subject_mesh_1457,F,103.3,87.1,100.2,C:/Users/admin/Downloads/CALVIS/CALVIS/dataset/cmu\synthetic_images\200x200\female\subject_mesh_1457.png,calvis
F_subject_mesh_1458,F,97.7,84.5,100.4,C:/Users/admin/Downloads/CALVIS/CALVIS/dataset/cmu\synthetic_images\200x200\female\subject_mesh_1458.png,calvis
F_subject_mesh_1459,F,99.3,87.3,107.7,C:/Users/admin/Downloads/CALVIS/CALVIS/dataset/cmu\synthetic_images\200x200\female\subject_mesh_1459.png,calvis
F_subject_mesh_1460,F,83.0,67.1,93.4,C:/Users/admin/Downloads/CALVIS/CALVIS/dataset/cmu\synthetic_images\200x200\female\subject_mesh_1460.png,calvis
F_subject_mesh_1461,F,108.3,92.5,107.8,C:/Users/admin/Downloads/CALVIS/CALVIS/dataset/cmu\synthetic_images\200x200\female\subject_mesh_1461.png,calvis
F_subject_mesh_1462,F,102.3,90.6,104.9,C:/Users/admin/Downloads/CALVIS/CALVIS/dataset/cmu\synthetic_images\200x200\female\subject_mesh_1462.png,calvis
F_subject_mesh_1463,F,94.1,80.8,103.7,C:/Users/admin/Downloads/CALVIS/CALVIS/dataset/cmu\synthetic_images\200x200\female\subject_mesh_1463.png,calvis
F_subject_mesh_1464,F,99.4,84.5,102.4,C:/Users/admin/Downloads/CALVIS/CALVIS/dataset/cmu\synthetic_images\200x200\female\subject_mesh_1464.png,calvis
F_subject_mesh_1465,F,88.1,73.9,100.6,C:/Users/admin/Downloads/CALVIS/CALVIS/dataset/cmu\synthetic_images\200x200\female\subject_mesh_1465.png,calvis
F_subject_mesh_1466,F,112.7,101.9,129.3,C:/Users/admin/Downloads/CALVIS/CALVIS/dataset/cmu\synthetic_images\200x200\female\subject_mesh_1466.png,calvis
F_subject_mesh_1467,F,91.1,74.8,95.4,C:/Users/admin/Downloads/CALVIS/CALVIS/dataset/cmu\synthetic_images\200x200\female\subject_mesh_1467.png,calvis
F_subject_mesh_1468,F,112.1,100.3,119.3,C:/Users/admin/Downloads/CALVIS/CALVIS/dataset/cmu\synthetic_images\200x200\female\subject_mesh_1468.png,calvis
F_subject_mesh_1469,F,87.6,74.7,97.0,C:/Users/admin/Downloads/CALVIS/CALVIS/dataset/cmu\synthetic_images\200x200\female\subject_mesh_1469.png,calvis
F_subject_mesh_1470,F,86.6,72.9,95.7,C:/Users/admin/Downloads/CALVIS/CALVIS/dataset/cmu\synthetic_images\200x200\female\subject_mesh_1470.png,calvis
F_subject_mesh_1471,F,98.3,84.7,109.6,C:/Users/admin/Downloads/CALVIS/CALVIS/dataset/cmu\synthetic_images\200x200\female\subject_mesh_1471.png,calvis
F_subject_mesh_1472,F,83.1,71.4,96.8,C:/Users/admin/Downloads/CALVIS/CALVIS/dataset/cmu\synthetic_images\200x200\female\subject_mesh_1472.png,calvis
F_subject_mesh_1473,F,90.5,78.1,102.4,C:/Users/admin/Downloads/CALVIS/CALVIS/dataset/cmu\synthetic_images\200x200\female\subject_mesh_1473.png,calvis
F_subject_mesh_1474,F,87.4,73.2,95.3,C:/Users/admin/Downloads/CALVIS/CALVIS/dataset/cmu\synthetic_images\200x200\female\subject_mesh_1474.png,calvis
F_subject_mesh_1475,F,98.4,84.8,108.3,C:/Users/admin/Downloads/CALVIS/CALVIS/dataset/cmu\synthetic_images\200x200\female\subject_mesh_1475.png,calvis
F_subject_mesh_1476,F,127.9,112.2,123.0,C:/Users/admin/Downloads/CALVIS/CALVIS/dataset/cmu\synthetic_images\200x200\female\subject_mesh_1476.png,calvis
F_subject_mesh_1477,F,92.8,81.4,109.5,C:/Users/admin/Downloads/CALVIS/CALVIS/dataset/cmu\synthetic_images\200x200\female\subject_mesh_1477.png,calvis
F_subject_mesh_1478,F,89.2,77.8,100.9,C:/Users/admin/Downloads/CALVIS/CALVIS/dataset/cmu\synthetic_images\200x200\female\subject_mesh_1478.png,calvis
F_subject_mesh_1479,F,101.7,87.8,109.3,C:/Users/admin/Downloads/CALVIS/CALVIS/dataset/cmu\synthetic_images\200x200\female\subject_mesh_1479.png,calvis
F_subject_mesh_1480,F,116.5,100.6,112.7,C:/Users/admin/Downloads/CALVIS/CALVIS/dataset/cmu\synthetic_images\200x200\female\subject_mesh_1480.png,calvis
F_subject_mesh_1481,F,121.1,108.8,123.1,C:/Users/admin/Downloads/CALVIS/CALVIS/dataset/cmu\synthetic_images\200x200\female\subject_mesh_1481.png,calvis
F_subject_mesh_1482,F,95.4,81.2,102.6,C:/Users/admin/Downloads/CALVIS/CALVIS/dataset/cmu\synthetic_images\200x200\female\subject_mesh_1482.png,calvis
F_subject_mesh_1483,F,94.9,81.5,105.7,C:/Users/admin/Downloads/CALVIS/CALVIS/dataset/cmu\synthetic_images\200x200\female\subject_mesh_1483.png,calvis
F_subject_mesh_1484,F,91.8,77.3,97.4,C:/Users/admin/Downloads/CALVIS/CALVIS/dataset/cmu\synthetic_images\200x200\female\subject_mesh_1484.png,calvis
F_subject_mesh_1485,F,96.7,84.4,111.7,C:/Users/admin/Downloads/CALVIS/CALVIS/dataset/cmu\synthetic_images\200x200\female\subject_mesh_1485.png,calvis
F_subject_mesh_1486,F,117.8,106.8,126.4,C:/Users/admin/Downloads/CALVIS/CALVIS/dataset/cmu\synthetic_images\200x200\female\subject_mesh_1486.png,calvis
F_subject_mesh_1487,F,95.3,82.4,105.4,C:/Users/admin/Downloads/CALVIS/CALVIS/dataset/cmu\synthetic_images\200x200\female\subject_mesh_1487.png,calvis
F_subject_mesh_1488,F,134.5,117.1,126.7,C:/Users/admin/Downloads/CALVIS/CALVIS/dataset/cmu\synthetic_images\200x200\female\subject_mesh_1488.png,calvis
F_subject_mesh_1489,F,90.8,79.3,107.3,C:/Users/admin/Downloads/CALVIS/CALVIS/dataset/cmu\synthetic_images\200x200\female\subject_mesh_1489.png,calvis
F_subject_mesh_1490,F,113.3,99.7,118.5,C:/Users/admin/Downloads/CALVIS/CALVIS/dataset/cmu\synthetic_images\200x200\female\subject_mesh_1490.png,calvis
F_subject_mesh_1491,F,113.9,96.8,114.6,C:/Users/admin/Downloads/CALVIS/CALVIS/dataset/cmu\synthetic_images\200x200\female\subject_mesh_1491.png,calvis
F_subject_mesh_1492,F,93.6,80.6,105.2,C:/Users/admin/Downloads/CALVIS/CALVIS/dataset/cmu\synthetic_images\200x200\female\subject_mesh_1492.png,calvis
F_subject_mesh_1493,F,101.0,87.9,109.4,C:/Users/admin/Downloads/CALVIS/CALVIS/dataset/cmu\synthetic_images\200x200\female\subject_mesh_1493.png,calvis
F_subject_mesh_1494,F,132.5,117.4,135.0,C:/Users/admin/Downloads/CALVIS/CALVIS/dataset/cmu\synthetic_images\200x200\female\subject_mesh_1494.png,calvis
F_subject_mesh_1495,F,94.8,80.7,99.7,C:/Users/admin/Downloads/CALVIS/CALVIS/dataset/cmu\synthetic_images\200x200\female\subject_mesh_1495.png,calvis
F_subject_mesh_1496,F,120.7,107.2,124.5,C:/Users/admin/Downloads/CALVIS/CALVIS/dataset/cmu\synthetic_images\200x200\female\subject_mesh_1496.png,calvis
F_subject_mesh_1497,F,119.6,106.3,125.5,C:/Users/admin/Downloads/CALVIS/CALVIS/dataset/cmu\synthetic_images\200x200\female\subject_mesh_1497.png,calvis
F_subject_mesh_1498,F,94.4,79.0,99.2,C:/Users/admin/Downloads/CALVIS/CALVIS/dataset/cmu\synthetic_images\200x200\female\subject_mesh_1498.png,calvis
F_subject_mesh_1499,F,111.2,96.1,110.8,C:/Users/admin/Downloads/CALVIS/CALVIS/dataset/cmu\synthetic_images\200x200\female\subject_mesh_1499.png,calvis
F_subject_mesh_1500,F,90.3,76.8,98.5,C:/Users/admin/Downloads/CALVIS/CALVIS/dataset/cmu\synthetic_images\200x200\female\subject_mesh_1500.png,calvis
F_subject_mesh_1501,F,96.1,79.6,99.4,C:/Users/admin/Downloads/CALVIS/CALVIS/dataset/cmu\synthetic_images\200x200\female\subject_mesh_1501.png,calvis
F_subject_mesh_1502,F,93.8,79.9,104.6,C:/Users/admin/Downloads/CALVIS/CALVIS/dataset/cmu\synthetic_images\200x200\female\subject_mesh_1502.png,calvis
F_subject_mesh_1503,F,110.8,96.8,117.5,C:/Users/admin/Downloads/CALVIS/CALVIS/dataset/cmu\synthetic_images\200x200\female\subject_mesh_1503.png,calvis
F_subject_mesh_1504,F,99.0,84.2,104.1,C:/Users/admin/Downloads/CALVIS/CALVIS/dataset/cmu\synthetic_images\200x200\female\subject_mesh_1504.png,calvis
F_subject_mesh_1505,F,102.9,91.2,112.3,C:/Users/admin/Downloads/CALVIS/CALVIS/dataset/cmu\synthetic_images\200x200\female\subject_mesh_1505.png,calvis
F_subject_mesh_1506,F,85.1,69.3,86.7,C:/Users/admin/Downloads/CALVIS/CALVIS/dataset/cmu\synthetic_images\200x200\female\subject_mesh_1506.png,calvis
F_subject_mesh_1507,F,85.9,73.0,99.7,C:/Users/admin/Downloads/CALVIS/CALVIS/dataset/cmu\synthetic_images\200x200\female\subject_mesh_1507.png,calvis
F_subject_mesh_1508,F,114.3,99.2,116.4,C:/Users/admin/Downloads/CALVIS/CALVIS/dataset/cmu\synthetic_images\200x200\female\subject_mesh_1508.png,calvis
F_subject_mesh_1509,F,87.5,72.7,91.7,C:/Users/admin/Downloads/CALVIS/CALVIS/dataset/cmu\synthetic_images\200x200\female\subject_mesh_1509.png,calvis
F_subject_mesh_1510,F,119.9,104.5,115.6,C:/Users/admin/Downloads/CALVIS/CALVIS/dataset/cmu\synthetic_images\200x200\female\subject_mesh_1510.png,calvis
F_subject_mesh_1511,F,89.0,77.1,107.2,C:/Users/admin/Downloads/CALVIS/CALVIS/dataset/cmu\synthetic_images\200x200\female\subject_mesh_1511.png,calvis
F_subject_mesh_1512,F,93.9,81.6,106.8,C:/Users/admin/Downloads/CALVIS/CALVIS/dataset/cmu\synthetic_images\200x200\female\subject_mesh_1512.png,calvis
F_subject_mesh_1513,F,112.7,98.5,117.5,C:/Users/admin/Downloads/CALVIS/CALVIS/dataset/cmu\synthetic_images\200x200\female\subject_mesh_1513.png,calvis
F_subject_mesh_1514,F,86.4,71.6,93.4,C:/Users/admin/Downloads/CALVIS/CALVIS/dataset/cmu\synthetic_images\200x200\female\subject_mesh_1514.png,calvis
F_subject_mesh_1515,F,90.3,76.2,99.9,C:/Users/admin/Downloads/CALVIS/CALVIS/dataset/cmu\synthetic_images\200x200\female\subject_mesh_1515.png,calvis
F_subject_mesh_1516,F,146.8,139.7,165.9,C:/Users/admin/Downloads/CALVIS/CALVIS/dataset/cmu\synthetic_images\200x200\female\subject_mesh_1516.png,calvis
F_subject_mesh_1517,F,93.5,79.4,99.3,C:/Users/admin/Downloads/CALVIS/CALVIS/dataset/cmu\synthetic_images\200x200\female\subject_mesh_1517.png,calvis
F_subject_mesh_1518,F,105.5,89.4,108.5,C:/Users/admin/Downloads/CALVIS/CALVIS/dataset/cmu\synthetic_images\200x200\female\subject_mesh_1518.png,calvis
F_subject_mesh_1519,F,97.1,82.1,97.2,C:/Users/admin/Downloads/CALVIS/CALVIS/dataset/cmu\synthetic_images\200x200\female\subject_mesh_1519.png,calvis
F_subject_mesh_1520,F,116.0,101.6,118.1,C:/Users/admin/Downloads/CALVIS/CALVIS/dataset/cmu\synthetic_images\200x200\female\subject_mesh_1520.png,calvis
F_subject_mesh_1521,F,94.4,84.3,105.5,C:/Users/admin/Downloads/CALVIS/CALVIS/dataset/cmu\synthetic_images\200x200\female\subject_mesh_1521.png,calvis
F_subject_mesh_1522,F,124.9,117.5,139.3,C:/Users/admin/Downloads/CALVIS/CALVIS/dataset/cmu\synthetic_images\200x200\female\subject_mesh_1522.png,calvis
F_subject_mesh_1523,F,98.1,84.6,103.3,C:/Users/admin/Downloads/CALVIS/CALVIS/dataset/cmu\synthetic_images\200x200\female\subject_mesh_1523.png,calvis
F_subject_mesh_1524,F,94.5,79.5,100.7,C:/Users/admin/Downloads/CALVIS/CALVIS/dataset/cmu\synthetic_images\200x200\female\subject_mesh_1524.png,calvis
F_subject_mesh_1525,F,86.7,71.7,94.5,C:/Users/admin/Downloads/CALVIS/CALVIS/dataset/cmu\synthetic_images\200x200\female\subject_mesh_1525.png,calvis
F_subject_mesh_1526,F,93.6,79.7,102.7,C:/Users/admin/Downloads/CALVIS/CALVIS/dataset/cmu\synthetic_images\200x200\female\subject_mesh_1526.png,calvis
F_subject_mesh_1527,F,98.8,85.4,107.9,C:/Users/admin/Downloads/CALVIS/CALVIS/dataset/cmu\synthetic_images\200x200\female\subject_mesh_1527.png,calvis
F_subject_mesh_1528,F,104.0,93.2,108.2,C:/Users/admin/Downloads/CALVIS/CALVIS/dataset/cmu\synthetic_images\200x200\female\subject_mesh_1528.png,calvis
F_subject_mesh_1529,F,125.6,111.4,125.9,C:/Users/admin/Downloads/CALVIS/CALVIS/dataset/cmu\synthetic_images\200x200\female\subject_mesh_1529.png,calvis
F_subject_mesh_1530,F,112.6,99.0,113.8,C:/Users/admin/Downloads/CALVIS/CALVIS/dataset/cmu\synthetic_images\200x200\female\subject_mesh_1530.png,calvis
F_subject_mesh_1531,F,90.6,76.1,97.4,C:/Users/admin/Downloads/CALVIS/CALVIS/dataset/cmu\synthetic_images\200x200\female\subject_mesh_1531.png,calvis
F_subject_mesh_1532,F,89.2,77.1,103.6,C:/Users/admin/Downloads/CALVIS/CALVIS/dataset/cmu\synthetic_images\200x200\female\subject_mesh_1532.png,calvis
F_subject_mesh_1533,F,93.5,78.2,105.9,C:/Users/admin/Downloads/CALVIS/CALVIS/dataset/cmu\synthetic_images\200x200\female\subject_mesh_1533.png,calvis
F_subject_mesh_1534,F,93.6,79.7,98.6,C:/Users/admin/Downloads/CALVIS/CALVIS/dataset/cmu\synthetic_images\200x200\female\subject_mesh_1534.png,calvis
F_subject_mesh_1535,F,94.9,78.6,97.7,C:/Users/admin/Downloads/CALVIS/CALVIS/dataset/cmu\synthetic_images\200x200\female\subject_mesh_1535.png,calvis
F_subject_mesh_1536,F,90.4,80.0,104.7,C:/Users/admin/Downloads/CALVIS/CALVIS/dataset/cmu\synthetic_images\200x200\female\subject_mesh_1536.png,calvis
F_subject_mesh_1537,F,110.3,99.0,118.0,C:/Users/admin/Downloads/CALVIS/CALVIS/dataset/cmu\synthetic_images\200x200\female\subject_mesh_1537.png,calvis
F_subject_mesh_1538,F,97.5,86.7,112.1,C:/Users/admin/Downloads/CALVIS/CALVIS/dataset/cmu\synthetic_images\200x200\female\subject_mesh_1538.png,calvis
F_subject_mesh_1539,F,94.9,80.7,99.2,C:/Users/admin/Downloads/CALVIS/CALVIS/dataset/cmu\synthetic_images\200x200\female\subject_mesh_1539.png,calvis
F_subject_mesh_1540,F,106.4,91.9,113.6,C:/Users/admin/Downloads/CALVIS/CALVIS/dataset/cmu\synthetic_images\200x200\female\subject_mesh_1540.png,calvis
F_subject_mesh_1541,F,91.5,78.1,99.8,C:/Users/admin/Downloads/CALVIS/CALVIS/dataset/cmu\synthetic_images\200x200\female\subject_mesh_1541.png,calvis
F_subject_mesh_1542,F,92.7,80.3,101.4,C:/Users/admin/Downloads/CALVIS/CALVIS/dataset/cmu\synthetic_images\200x200\female\subject_mesh_1542.png,calvis
F_subject_mesh_1543,F,97.2,79.6,102.7,C:/Users/admin/Downloads/CALVIS/CALVIS/dataset/cmu\synthetic_images\200x200\female\subject_mesh_1543.png,calvis
F_subject_mesh_1544,F,105.4,88.2,99.7,C:/Users/admin/Downloads/CALVIS/CALVIS/dataset/cmu\synthetic_images\200x200\female\subject_mesh_1544.png,calvis
F_subject_mesh_1545,F,91.5,76.7,98.5,C:/Users/admin/Downloads/CALVIS/CALVIS/dataset/cmu\synthetic_images\200x200\female\subject_mesh_1545.png,calvis
F_subject_mesh_1546,F,89.0,76.5,100.0,C:/Users/admin/Downloads/CALVIS/CALVIS/dataset/cmu\synthetic_images\200x200\female\subject_mesh_1546.png,calvis
F_subject_mesh_1547,F,99.6,84.6,100.9,C:/Users/admin/Downloads/CALVIS/CALVIS/dataset/cmu\synthetic_images\200x200\female\subject_mesh_1547.png,calvis
F_subject_mesh_1548,F,103.7,92.0,107.8,C:/Users/admin/Downloads/CALVIS/CALVIS/dataset/cmu\synthetic_images\200x200\female\subject_mesh_1548.png,calvis
F_subject_mesh_1549,F,91.9,77.4,98.3,C:/Users/admin/Downloads/CALVIS/CALVIS/dataset/cmu\synthetic_images\200x200\female\subject_mesh_1549.png,calvis
F_subject_mesh_1550,F,89.7,72.6,98.5,C:/Users/admin/Downloads/CALVIS/CALVIS/dataset/cmu\synthetic_images\200x200\female\subject_mesh_1550.png,calvis
F_subject_mesh_1551,F,131.8,119.6,137.6,C:/Users/admin/Downloads/CALVIS/CALVIS/dataset/cmu\synthetic_images\200x200\female\subject_mesh_1551.png,calvis
F_subject_mesh_1552,F,98.0,81.2,97.9,C:/Users/admin/Downloads/CALVIS/CALVIS/dataset/cmu\synthetic_images\200x200\female\subject_mesh_1552.png,calvis
F_subject_mesh_1553,F,93.5,78.9,99.1,C:/Users/admin/Downloads/CALVIS/CALVIS/dataset/cmu\synthetic_images\200x200\female\subject_mesh_1553.png,calvis
F_subject_mesh_1554,F,104.1,90.4,114.6,C:/Users/admin/Downloads/CALVIS/CALVIS/dataset/cmu\synthetic_images\200x200\female\subject_mesh_1554.png,calvis
F_subject_mesh_1555,F,94.5,80.3,98.6,C:/Users/admin/Downloads/CALVIS/CALVIS/dataset/cmu\synthetic_images\200x200\female\subject_mesh_1555.png,calvis
F_subject_mesh_1556,F,103.5,88.7,102.6,C:/Users/admin/Downloads/CALVIS/CALVIS/dataset/cmu\synthetic_images\200x200\female\subject_mesh_1556.png,calvis
F_subject_mesh_1557,F,95.5,82.3,103.3,C:/Users/admin/Downloads/CALVIS/CALVIS/dataset/cmu\synthetic_images\200x200\female\subject_mesh_1557.png,calvis
F_subject_mesh_1558,F,94.2,80.7,101.6,C:/Users/admin/Downloads/CALVIS/CALVIS/dataset/cmu\synthetic_images\200x200\female\subject_mesh_1558.png,calvis
F_subject_mesh_1559,F,95.9,81.9,103.0,C:/Users/admin/Downloads/CALVIS/CALVIS/dataset/cmu\synthetic_images\200x200\female\subject_mesh_1559.png,calvis
F_subject_mesh_1560,F,97.6,84.5,104.5,C:/Users/admin/Downloads/CALVIS/CALVIS/dataset/cmu\synthetic_images\200x200\female\subject_mesh_1560.png,calvis
F_subject_mesh_1561,F,89.3,78.3,110.4,C:/Users/admin/Downloads/CALVIS/CALVIS/dataset/cmu\synthetic_images\200x200\female\subject_mesh_1561.png,calvis
F_subject_mesh_1562,F,94.1,80.3,99.3,C:/Users/admin/Downloads/CALVIS/CALVIS/dataset/cmu\synthetic_images\200x200\female\subject_mesh_1562.png,calvis
F_subject_mesh_1563,F,92.1,77.8,101.2,C:/Users/admin/Downloads/CALVIS/CALVIS/dataset/cmu\synthetic_images\200x200\female\subject_mesh_1563.png,calvis
F_subject_mesh_1564,F,91.8,77.3,97.6,C:/Users/admin/Downloads/CALVIS/CALVIS/dataset/cmu\synthetic_images\200x200\female\subject_mesh_1564.png,calvis
F_subject_mesh_1565,F,84.3,71.7,95.8,C:/Users/admin/Downloads/CALVIS/CALVIS/dataset/cmu\synthetic_images\200x200\female\subject_mesh_1565.png,calvis
F_subject_mesh_1566,F,95.3,79.8,91.7,C:/Users/admin/Downloads/CALVIS/CALVIS/dataset/cmu\synthetic_images\200x200\female\subject_mesh_1566.png,calvis
F_subject_mesh_1567,F,117.5,106.3,124.1,C:/Users/admin/Downloads/CALVIS/CALVIS/dataset/cmu\synthetic_images\200x200\female\subject_mesh_1567.png,calvis
F_subject_mesh_1568,F,92.0,79.7,99.9,C:/Users/admin/Downloads/CALVIS/CALVIS/dataset/cmu\synthetic_images\200x200\female\subject_mesh_1568.png,calvis
F_subject_mesh_1569,F,100.8,90.7,102.3,C:/Users/admin/Downloads/CALVIS/CALVIS/dataset/cmu\synthetic_images\200x200\female\subject_mesh_1569.png,calvis
F_subject_mesh_1570,F,88.5,77.4,104.7,C:/Users/admin/Downloads/CALVIS/CALVIS/dataset/cmu\synthetic_images\200x200\female\subject_mesh_1570.png,calvis
F_subject_mesh_1571,F,87.3,73.7,93.6,C:/Users/admin/Downloads/CALVIS/CALVIS/dataset/cmu\synthetic_images\200x200\female\subject_mesh_1571.png,calvis
F_subject_mesh_1572,F,88.1,74.3,94.5,C:/Users/admin/Downloads/CALVIS/CALVIS/dataset/cmu\synthetic_images\200x200\female\subject_mesh_1572.png,calvis
F_subject_mesh_1573,F,105.3,90.3,105.2,C:/Users/admin/Downloads/CALVIS/CALVIS/dataset/cmu\synthetic_images\200x200\female\subject_mesh_1573.png,calvis
F_subject_mesh_1574,F,88.2,74.3,99.4,C:/Users/admin/Downloads/CALVIS/CALVIS/dataset/cmu\synthetic_images\200x200\female\subject_mesh_1574.png,calvis
F_subject_mesh_1575,F,109.0,93.2,105.0,C:/Users/admin/Downloads/CALVIS/CALVIS/dataset/cmu\synthetic_images\200x200\female\subject_mesh_1575.png,calvis
F_subject_mesh_1576,F,89.9,75.0,100.4,C:/Users/admin/Downloads/CALVIS/CALVIS/dataset/cmu\synthetic_images\200x200\female\subject_mesh_1576.png,calvis
F_subject_mesh_1577,F,110.6,96.3,113.9,C:/Users/admin/Downloads/CALVIS/CALVIS/dataset/cmu\synthetic_images\200x200\female\subject_mesh_1577.png,calvis
F_subject_mesh_1578,F,99.3,85.2,101.1,C:/Users/admin/Downloads/CALVIS/CALVIS/dataset/cmu\synthetic_images\200x200\female\subject_mesh_1578.png,calvis
F_subject_mesh_1579,F,93.2,76.7,98.2,C:/Users/admin/Downloads/CALVIS/CALVIS/dataset/cmu\synthetic_images\200x200\female\subject_mesh_1579.png,calvis
F_subject_mesh_1580,F,99.6,81.5,99.7,C:/Users/admin/Downloads/CALVIS/CALVIS/dataset/cmu\synthetic_images\200x200\female\subject_mesh_1580.png,calvis
F_subject_mesh_1581,F,93.7,78.7,100.6,C:/Users/admin/Downloads/CALVIS/CALVIS/dataset/cmu\synthetic_images\200x200\female\subject_mesh_1581.png,calvis
F_subject_mesh_1582,F,118.6,101.9,112.9,C:/Users/admin/Downloads/CALVIS/CALVIS/dataset/cmu\synthetic_images\200x200\female\subject_mesh_1582.png,calvis
F_subject_mesh_1583,F,88.5,77.0,100.5,C:/Users/admin/Downloads/CALVIS/CALVIS/dataset/cmu\synthetic_images\200x200\female\subject_mesh_1583.png,calvis
F_subject_mesh_1584,F,89.1,76.5,105.5,C:/Users/admin/Downloads/CALVIS/CALVIS/dataset/cmu\synthetic_images\200x200\female\subject_mesh_1584.png,calvis
F_subject_mesh_1585,F,101.5,88.9,110.8,C:/Users/admin/Downloads/CALVIS/CALVIS/dataset/cmu\synthetic_images\200x200\female\subject_mesh_1585.png,calvis
F_subject_mesh_1586,F,112.4,96.9,111.0,C:/Users/admin/Downloads/CALVIS/CALVIS/dataset/cmu\synthetic_images\200x200\female\subject_mesh_1586.png,calvis
F_subject_mesh_1587,F,92.4,77.0,100.1,C:/Users/admin/Downloads/CALVIS/CALVIS/dataset/cmu\synthetic_images\200x200\female\subject_mesh_1587.png,calvis
F_subject_mesh_1588,F,100.9,86.8,101.0,C:/Users/admin/Downloads/CALVIS/CALVIS/dataset/cmu\synthetic_images\200x200\female\subject_mesh_1588.png,calvis
F_subject_mesh_1589,F,84.1,69.2,90.6,C:/Users/admin/Downloads/CALVIS/CALVIS/dataset/cmu\synthetic_images\200x200\female\subject_mesh_1589.png,calvis
F_subject_mesh_1590,F,95.6,81.8,106.0,C:/Users/admin/Downloads/CALVIS/CALVIS/dataset/cmu\synthetic_images\200x200\female\subject_mesh_1590.png,calvis
F_subject_mesh_1591,F,93.1,79.4,93.0,C:/Users/admin/Downloads/CALVIS/CALVIS/dataset/cmu\synthetic_images\200x200\female\subject_mesh_1591.png,calvis
F_subject_mesh_1592,F,112.1,102.3,124.0,C:/Users/admin/Downloads/CALVIS/CALVIS/dataset/cmu\synthetic_images\200x200\female\subject_mesh_1592.png,calvis
F_subject_mesh_1593,F,102.9,89.9,117.0,C:/Users/admin/Downloads/CALVIS/CALVIS/dataset/cmu\synthetic_images\200x200\female\subject_mesh_1593.png,calvis
F_subject_mesh_1594,F,120.1,102.5,112.5,C:/Users/admin/Downloads/CALVIS/CALVIS/dataset/cmu\synthetic_images\200x200\female\subject_mesh_1594.png,calvis
F_subject_mesh_1595,F,85.4,71.6,94.5,C:/Users/admin/Downloads/CALVIS/CALVIS/dataset/cmu\synthetic_images\200x200\female\subject_mesh_1595.png,calvis
F_subject_mesh_1596,F,91.3,79.2,98.6,C:/Users/admin/Downloads/CALVIS/CALVIS/dataset/cmu\synthetic_images\200x200\female\subject_mesh_1596.png,calvis
F_subject_mesh_1597,F,100.9,86.5,103.7,C:/Users/admin/Downloads/CALVIS/CALVIS/dataset/cmu\synthetic_images\200x200\female\subject_mesh_1597.png,calvis
F_subject_mesh_1598,F,91.1,78.3,104.7,C:/Users/admin/Downloads/CALVIS/CALVIS/dataset/cmu\synthetic_images\200x200\female\subject_mesh_1598.png,calvis
F_subject_mesh_1599,F,94.1,79.7,100.7,C:/Users/admin/Downloads/CALVIS/CALVIS/dataset/cmu\synthetic_images\200x200\female\subject_mesh_1599.png,calvis
F_subject_mesh_1600,F,82.9,66.8,88.4,C:/Users/admin/Downloads/CALVIS/CALVIS/dataset/cmu\synthetic_images\200x200\female\subject_mesh_1600.png,calvis
F_subject_mesh_1601,F,109.9,99.1,114.1,C:/Users/admin/Downloads/CALVIS/CALVIS/dataset/cmu\synthetic_images\200x200\female\subject_mesh_1601.png,calvis
F_subject_mesh_1602,F,87.3,73.5,98.4,C:/Users/admin/Downloads/CALVIS/CALVIS/dataset/cmu\synthetic_images\200x200\female\subject_mesh_1602.png,calvis
F_subject_mesh_1603,F,92.4,79.6,104.5,C:/Users/admin/Downloads/CALVIS/CALVIS/dataset/cmu\synthetic_images\200x200\female\subject_mesh_1603.png,calvis
F_subject_mesh_1604,F,95.7,83.5,106.6,C:/Users/admin/Downloads/CALVIS/CALVIS/dataset/cmu\synthetic_images\200x200\female\subject_mesh_1604.png,calvis
F_subject_mesh_1605,F,96.4,79.9,95.9,C:/Users/admin/Downloads/CALVIS/CALVIS/dataset/cmu\synthetic_images\200x200\female\subject_mesh_1605.png,calvis
F_subject_mesh_1606,F,93.3,78.3,101.2,C:/Users/admin/Downloads/CALVIS/CALVIS/dataset/cmu\synthetic_images\200x200\female\subject_mesh_1606.png,calvis
F_subject_mesh_1607,F,90.6,80.3,103.5,C:/Users/admin/Downloads/CALVIS/CALVIS/dataset/cmu\synthetic_images\200x200\female\subject_mesh_1607.png,calvis
F_subject_mesh_1608,F,112.5,101.8,118.6,C:/Users/admin/Downloads/CALVIS/CALVIS/dataset/cmu\synthetic_images\200x200\female\subject_mesh_1608.png,calvis
F_subject_mesh_1609,F,94.0,83.1,110.3,C:/Users/admin/Downloads/CALVIS/CALVIS/dataset/cmu\synthetic_images\200x200\female\subject_mesh_1609.png,calvis
F_subject_mesh_1610,F,93.4,83.2,105.3,C:/Users/admin/Downloads/CALVIS/CALVIS/dataset/cmu\synthetic_images\200x200\female\subject_mesh_1610.png,calvis
F_subject_mesh_1611,F,96.4,82.1,105.6,C:/Users/admin/Downloads/CALVIS/CALVIS/dataset/cmu\synthetic_images\200x200\female\subject_mesh_1611.png,calvis
F_subject_mesh_1612,F,91.2,76.0,100.6,C:/Users/admin/Downloads/CALVIS/CALVIS/dataset/cmu\synthetic_images\200x200\female\subject_mesh_1612.png,calvis
F_subject_mesh_1613,F,130.3,117.0,131.3,C:/Users/admin/Downloads/CALVIS/CALVIS/dataset/cmu\synthetic_images\200x200\female\subject_mesh_1613.png,calvis
F_subject_mesh_1614,F,116.6,105.6,128.0,C:/Users/admin/Downloads/CALVIS/CALVIS/dataset/cmu\synthetic_images\200x200\female\subject_mesh_1614.png,calvis
F_subject_mesh_1615,F,93.8,82.8,109.0,C:/Users/admin/Downloads/CALVIS/CALVIS/dataset/cmu\synthetic_images\200x200\female\subject_mesh_1615.png,calvis
F_subject_mesh_1616,F,91.8,78.9,104.4,C:/Users/admin/Downloads/CALVIS/CALVIS/dataset/cmu\synthetic_images\200x200\female\subject_mesh_1616.png,calvis
F_subject_mesh_1617,F,94.4,82.7,102.8,C:/Users/admin/Downloads/CALVIS/CALVIS/dataset/cmu\synthetic_images\200x200\female\subject_mesh_1617.png,calvis
F_subject_mesh_1618,F,122.4,114.0,131.0,C:/Users/admin/Downloads/CALVIS/CALVIS/dataset/cmu\synthetic_images\200x200\female\subject_mesh_1618.png,calvis
F_subject_mesh_1619,F,92.0,80.3,103.2,C:/Users/admin/Downloads/CALVIS/CALVIS/dataset/cmu\synthetic_images\200x200\female\subject_mesh_1619.png,calvis
F_subject_mesh_1620,F,103.9,90.9,111.7,C:/Users/admin/Downloads/CALVIS/CALVIS/dataset/cmu\synthetic_images\200x200\female\subject_mesh_1620.png,calvis
F_subject_mesh_1621,F,89.6,76.3,104.4,C:/Users/admin/Downloads/CALVIS/CALVIS/dataset/cmu\synthetic_images\200x200\female\subject_mesh_1621.png,calvis
F_subject_mesh_1622,F,99.5,85.0,101.4,C:/Users/admin/Downloads/CALVIS/CALVIS/dataset/cmu\synthetic_images\200x200\female\subject_mesh_1622.png,calvis
F_subject_mesh_1623,F,96.2,85.7,104.9,C:/Users/admin/Downloads/CALVIS/CALVIS/dataset/cmu\synthetic_images\200x200\female\subject_mesh_1623.png,calvis
F_subject_mesh_1624,F,106.6,89.3,102.8,C:/Users/admin/Downloads/CALVIS/CALVIS/dataset/cmu\synthetic_images\200x200\female\subject_mesh_1624.png,calvis
F_subject_mesh_1625,F,90.2,75.2,92.6,C:/Users/admin/Downloads/CALVIS/CALVIS/dataset/cmu\synthetic_images\200x200\female\subject_mesh_1625.png,calvis
F_subject_mesh_1626,F,88.6,76.7,98.5,C:/Users/admin/Downloads/CALVIS/CALVIS/dataset/cmu\synthetic_images\200x200\female\subject_mesh_1626.png,calvis
F_subject_mesh_1627,F,100.9,88.7,115.3,C:/Users/admin/Downloads/CALVIS/CALVIS/dataset/cmu\synthetic_images\200x200\female\subject_mesh_1627.png,calvis
F_subject_mesh_1628,F,94.7,82.2,105.9,C:/Users/admin/Downloads/CALVIS/CALVIS/dataset/cmu\synthetic_images\200x200\female\subject_mesh_1628.png,calvis
F_subject_mesh_1629,F,93.3,80.8,105.9,C:/Users/admin/Downloads/CALVIS/CALVIS/dataset/cmu\synthetic_images\200x200\female\subject_mesh_1629.png,calvis
F_subject_mesh_1630,F,102.7,89.9,118.6,C:/Users/admin/Downloads/CALVIS/CALVIS/dataset/cmu\synthetic_images\200x200\female\subject_mesh_1630.png,calvis
F_subject_mesh_1631,F,113.7,104.7,126.0,C:/Users/admin/Downloads/CALVIS/CALVIS/dataset/cmu\synthetic_images\200x200\female\subject_mesh_1631.png,calvis
F_subject_mesh_1632,F,89.3,72.9,92.6,C:/Users/admin/Downloads/CALVIS/CALVIS/dataset/cmu\synthetic_images\200x200\female\subject_mesh_1632.png,calvis
F_subject_mesh_1633,F,90.7,75.6,100.9,C:/Users/admin/Downloads/CALVIS/CALVIS/dataset/cmu\synthetic_images\200x200\female\subject_mesh_1633.png,calvis
F_subject_mesh_1634,F,90.3,75.6,97.8,C:/Users/admin/Downloads/CALVIS/CALVIS/dataset/cmu\synthetic_images\200x200\female\subject_mesh_1634.png,calvis
F_subject_mesh_1635,F,91.6,78.3,102.4,C:/Users/admin/Downloads/CALVIS/CALVIS/dataset/cmu\synthetic_images\200x200\female\subject_mesh_1635.png,calvis
F_subject_mesh_1636,F,119.1,107.5,125.3,C:/Users/admin/Downloads/CALVIS/CALVIS/dataset/cmu\synthetic_images\200x200\female\subject_mesh_1636.png,calvis
F_subject_mesh_1637,F,101.9,87.4,106.9,C:/Users/admin/Downloads/CALVIS/CALVIS/dataset/cmu\synthetic_images\200x200\female\subject_mesh_1637.png,calvis
F_subject_mesh_1638,F,114.4,99.2,110.2,C:/Users/admin/Downloads/CALVIS/CALVIS/dataset/cmu\synthetic_images\200x200\female\subject_mesh_1638.png,calvis
F_subject_mesh_1639,F,100.7,89.9,118.5,C:/Users/admin/Downloads/CALVIS/CALVIS/dataset/cmu\synthetic_images\200x200\female\subject_mesh_1639.png,calvis
F_subject_mesh_1640,F,82.4,68.9,90.6,C:/Users/admin/Downloads/CALVIS/CALVIS/dataset/cmu\synthetic_images\200x200\female\subject_mesh_1640.png,calvis
F_subject_mesh_1641,F,113.1,96.9,110.1,C:/Users/admin/Downloads/CALVIS/CALVIS/dataset/cmu\synthetic_images\200x200\female\subject_mesh_1641.png,calvis
F_subject_mesh_1642,F,102.8,89.3,103.5,C:/Users/admin/Downloads/CALVIS/CALVIS/dataset/cmu\synthetic_images\200x200\female\subject_mesh_1642.png,calvis
F_subject_mesh_1643,F,84.3,73.5,101.5,C:/Users/admin/Downloads/CALVIS/CALVIS/dataset/cmu\synthetic_images\200x200\female\subject_mesh_1643.png,calvis
F_subject_mesh_1644,F,115.7,101.4,113.8,C:/Users/admin/Downloads/CALVIS/CALVIS/dataset/cmu\synthetic_images\200x200\female\subject_mesh_1644.png,calvis
F_subject_mesh_1645,F,89.9,74.8,92.6,C:/Users/admin/Downloads/CALVIS/CALVIS/dataset/cmu\synthetic_images\200x200\female\subject_mesh_1645.png,calvis
F_subject_mesh_1646,F,116.1,101.9,120.8,C:/Users/admin/Downloads/CALVIS/CALVIS/dataset/cmu\synthetic_images\200x200\female\subject_mesh_1646.png,calvis
F_subject_mesh_1647,F,144.8,134.2,156.1,C:/Users/admin/Downloads/CALVIS/CALVIS/dataset/cmu\synthetic_images\200x200\female\subject_mesh_1647.png,calvis
F_subject_mesh_1648,F,93.6,78.1,101.7,C:/Users/admin/Downloads/CALVIS/CALVIS/dataset/cmu\synthetic_images\200x200\female\subject_mesh_1648.png,calvis
F_subject_mesh_1649,F,100.6,86.1,107.5,C:/Users/admin/Downloads/CALVIS/CALVIS/dataset/cmu\synthetic_images\200x200\female\subject_mesh_1649.png,calvis
F_subject_mesh_1650,F,94.6,78.2,97.3,C:/Users/admin/Downloads/CALVIS/CALVIS/dataset/cmu\synthetic_images\200x200\female\subject_mesh_1650.png,calvis
F_subject_mesh_1651,F,89.6,75.1,101.4,C:/Users/admin/Downloads/CALVIS/CALVIS/dataset/cmu\synthetic_images\200x200\female\subject_mesh_1651.png,calvis
F_subject_mesh_1652,F,84.7,69.2,90.4,C:/Users/admin/Downloads/CALVIS/CALVIS/dataset/cmu\synthetic_images\200x200\female\subject_mesh_1652.png,calvis
F_subject_mesh_1653,F,89.8,73.2,95.6,C:/Users/admin/Downloads/CALVIS/CALVIS/dataset/cmu\synthetic_images\200x200\female\subject_mesh_1653.png,calvis
F_subject_mesh_1654,F,98.3,84.5,103.8,C:/Users/admin/Downloads/CALVIS/CALVIS/dataset/cmu\synthetic_images\200x200\female\subject_mesh_1654.png,calvis
F_subject_mesh_1655,F,92.3,78.6,104.5,C:/Users/admin/Downloads/CALVIS/CALVIS/dataset/cmu\synthetic_images\200x200\female\subject_mesh_1655.png,calvis
F_subject_mesh_1656,F,93.0,81.5,112.1,C:/Users/admin/Downloads/CALVIS/CALVIS/dataset/cmu\synthetic_images\200x200\female\subject_mesh_1656.png,calvis
F_subject_mesh_1657,F,93.5,77.0,99.9,C:/Users/admin/Downloads/CALVIS/CALVIS/dataset/cmu\synthetic_images\200x200\female\subject_mesh_1657.png,calvis
F_subject_mesh_1658,F,91.2,75.7,99.7,C:/Users/admin/Downloads/CALVIS/CALVIS/dataset/cmu\synthetic_images\200x200\female\subject_mesh_1658.png,calvis
F_subject_mesh_1659,F,104.9,90.4,104.9,C:/Users/admin/Downloads/CALVIS/CALVIS/dataset/cmu\synthetic_images\200x200\female\subject_mesh_1659.png,calvis
F_subject_mesh_1660,F,86.6,72.9,95.6,C:/Users/admin/Downloads/CALVIS/CALVIS/dataset/cmu\synthetic_images\200x200\female\subject_mesh_1660.png,calvis
F_subject_mesh_1661,F,112.2,100.5,118.2,C:/Users/admin/Downloads/CALVIS/CALVIS/dataset/cmu\synthetic_images\200x200\female\subject_mesh_1661.png,calvis
F_subject_mesh_1662,F,122.0,107.0,119.8,C:/Users/admin/Downloads/CALVIS/CALVIS/dataset/cmu\synthetic_images\200x200\female\subject_mesh_1662.png,calvis
F_subject_mesh_1663,F,92.8,79.5,104.2,C:/Users/admin/Downloads/CALVIS/CALVIS/dataset/cmu\synthetic_images\200x200\female\subject_mesh_1663.png,calvis
F_subject_mesh_1664,F,101.3,86.0,99.4,C:/Users/admin/Downloads/CALVIS/CALVIS/dataset/cmu\synthetic_images\200x200\female\subject_mesh_1664.png,calvis
F_subject_mesh_1665,F,116.2,102.5,119.8,C:/Users/admin/Downloads/CALVIS/CALVIS/dataset/cmu\synthetic_images\200x200\female\subject_mesh_1665.png,calvis
F_subject_mesh_1666,F,89.1,75.4,101.6,C:/Users/admin/Downloads/CALVIS/CALVIS/dataset/cmu\synthetic_images\200x200\female\subject_mesh_1666.png,calvis
F_subject_mesh_1667,F,123.6,107.7,122.7,C:/Users/admin/Downloads/CALVIS/CALVIS/dataset/cmu\synthetic_images\200x200\female\subject_mesh_1667.png,calvis
F_subject_mesh_1668,F,94.8,81.5,104.6,C:/Users/admin/Downloads/CALVIS/CALVIS/dataset/cmu\synthetic_images\200x200\female\subject_mesh_1668.png,calvis
F_subject_mesh_1669,F,92.9,78.1,102.4,C:/Users/admin/Downloads/CALVIS/CALVIS/dataset/cmu\synthetic_images\200x200\female\subject_mesh_1669.png,calvis
F_subject_mesh_1670,F,109.4,94.3,105.7,C:/Users/admin/Downloads/CALVIS/CALVIS/dataset/cmu\synthetic_images\200x200\female\subject_mesh_1670.png,calvis
F_subject_mesh_1671,F,101.0,90.0,111.6,C:/Users/admin/Downloads/CALVIS/CALVIS/dataset/cmu\synthetic_images\200x200\female\subject_mesh_1671.png,calvis
F_subject_mesh_1672,F,90.6,74.7,95.6,C:/Users/admin/Downloads/CALVIS/CALVIS/dataset/cmu\synthetic_images\200x200\female\subject_mesh_1672.png,calvis
F_subject_mesh_1673,F,94.6,80.9,103.6,C:/Users/admin/Downloads/CALVIS/CALVIS/dataset/cmu\synthetic_images\200x200\female\subject_mesh_1673.png,calvis
F_subject_mesh_1674,F,89.9,74.1,92.4,C:/Users/admin/Downloads/CALVIS/CALVIS/dataset/cmu\synthetic_images\200x200\female\subject_mesh_1674.png,calvis
F_subject_mesh_1675,F,91.4,79.3,103.1,C:/Users/admin/Downloads/CALVIS/CALVIS/dataset/cmu\synthetic_images\200x200\female\subject_mesh_1675.png,calvis
F_subject_mesh_1676,F,93.6,77.5,102.2,C:/Users/admin/Downloads/CALVIS/CALVIS/dataset/cmu\synthetic_images\200x200\female\subject_mesh_1676.png,calvis
F_subject_mesh_1677,F,92.8,79.8,107.6,C:/Users/admin/Downloads/CALVIS/CALVIS/dataset/cmu\synthetic_images\200x200\female\subject_mesh_1677.png,calvis
F_subject_mesh_1678,F,101.6,85.5,100.7,C:/Users/admin/Downloads/CALVIS/CALVIS/dataset/cmu\synthetic_images\200x200\female\subject_mesh_1678.png,calvis
F_subject_mesh_1679,F,97.8,84.0,105.0,C:/Users/admin/Downloads/CALVIS/CALVIS/dataset/cmu\synthetic_images\200x200\female\subject_mesh_1679.png,calvis
F_subject_mesh_1680,F,91.2,75.9,102.5,C:/Users/admin/Downloads/CALVIS/CALVIS/dataset/cmu\synthetic_images\200x200\female\subject_mesh_1680.png,calvis
F_subject_mesh_1681,F,104.9,93.1,115.9,C:/Users/admin/Downloads/CALVIS/CALVIS/dataset/cmu\synthetic_images\200x200\female\subject_mesh_1681.png,calvis
F_subject_mesh_1682,F,121.6,102.2,110.5,C:/Users/admin/Downloads/CALVIS/CALVIS/dataset/cmu\synthetic_images\200x200\female\subject_mesh_1682.png,calvis
F_subject_mesh_1683,F,92.0,75.7,96.3,C:/Users/admin/Downloads/CALVIS/CALVIS/dataset/cmu\synthetic_images\200x200\female\subject_mesh_1683.png,calvis
F_subject_mesh_1684,F,83.8,68.4,89.6,C:/Users/admin/Downloads/CALVIS/CALVIS/dataset/cmu\synthetic_images\200x200\female\subject_mesh_1684.png,calvis
F_subject_mesh_1685,F,95.2,78.2,100.0,C:/Users/admin/Downloads/CALVIS/CALVIS/dataset/cmu\synthetic_images\200x200\female\subject_mesh_1685.png,calvis
F_subject_mesh_1686,F,90.8,75.7,97.4,C:/Users/admin/Downloads/CALVIS/CALVIS/dataset/cmu\synthetic_images\200x200\female\subject_mesh_1686.png,calvis
F_subject_mesh_1687,F,104.8,92.2,108.9,C:/Users/admin/Downloads/CALVIS/CALVIS/dataset/cmu\synthetic_images\200x200\female\subject_mesh_1687.png,calvis
F_subject_mesh_1688,F,105.5,91.4,104.2,C:/Users/admin/Downloads/CALVIS/CALVIS/dataset/cmu\synthetic_images\200x200\female\subject_mesh_1688.png,calvis
F_subject_mesh_1689,F,97.2,83.4,97.7,C:/Users/admin/Downloads/CALVIS/CALVIS/dataset/cmu\synthetic_images\200x200\female\subject_mesh_1689.png,calvis
F_subject_mesh_1690,F,91.3,77.8,98.8,C:/Users/admin/Downloads/CALVIS/CALVIS/dataset/cmu\synthetic_images\200x200\female\subject_mesh_1690.png,calvis
F_subject_mesh_1691,F,105.9,90.6,99.0,C:/Users/admin/Downloads/CALVIS/CALVIS/dataset/cmu\synthetic_images\200x200\female\subject_mesh_1691.png,calvis
F_subject_mesh_1692,F,89.6,74.1,95.2,C:/Users/admin/Downloads/CALVIS/CALVIS/dataset/cmu\synthetic_images\200x200\female\subject_mesh_1692.png,calvis
F_subject_mesh_1693,F,95.2,82.6,107.2,C:/Users/admin/Downloads/CALVIS/CALVIS/dataset/cmu\synthetic_images\200x200\female\subject_mesh_1693.png,calvis
F_subject_mesh_1694,F,98.6,86.9,108.6,C:/Users/admin/Downloads/CALVIS/CALVIS/dataset/cmu\synthetic_images\200x200\female\subject_mesh_1694.png,calvis
F_subject_mesh_1695,F,96.8,84.7,104.4,C:/Users/admin/Downloads/CALVIS/CALVIS/dataset/cmu\synthetic_images\200x200\female\subject_mesh_1695.png,calvis
F_subject_mesh_1696,F,92.4,81.5,101.1,C:/Users/admin/Downloads/CALVIS/CALVIS/dataset/cmu\synthetic_images\200x200\female\subject_mesh_1696.png,calvis
F_subject_mesh_1697,F,125.0,114.9,134.1,C:/Users/admin/Downloads/CALVIS/CALVIS/dataset/cmu\synthetic_images\200x200\female\subject_mesh_1697.png,calvis
F_subject_mesh_1698,F,90.6,77.6,102.0,C:/Users/admin/Downloads/CALVIS/CALVIS/dataset/cmu\synthetic_images\200x200\female\subject_mesh_1698.png,calvis
F_subject_mesh_1699,F,97.2,85.6,109.6,C:/Users/admin/Downloads/CALVIS/CALVIS/dataset/cmu\synthetic_images\200x200\female\subject_mesh_1699.png,calvis
F_subject_mesh_1700,F,93.6,81.4,102.3,C:/Users/admin/Downloads/CALVIS/CALVIS/dataset/cmu\synthetic_images\200x200\female\subject_mesh_1700.png,calvis
F_subject_mesh_1701,F,145.6,137.4,161.7,C:/Users/admin/Downloads/CALVIS/CALVIS/dataset/cmu\synthetic_images\200x200\female\subject_mesh_1701.png,calvis
F_subject_mesh_1702,F,90.2,74.4,94.0,C:/Users/admin/Downloads/CALVIS/CALVIS/dataset/cmu\synthetic_images\200x200\female\subject_mesh_1702.png,calvis
F_subject_mesh_1703,F,105.5,93.1,108.0,C:/Users/admin/Downloads/CALVIS/CALVIS/dataset/cmu\synthetic_images\200x200\female\subject_mesh_1703.png,calvis
F_subject_mesh_1704,F,153.4,144.6,157.9,C:/Users/admin/Downloads/CALVIS/CALVIS/dataset/cmu\synthetic_images\200x200\female\subject_mesh_1704.png,calvis
F_subject_mesh_1705,F,97.0,84.8,108.4,C:/Users/admin/Downloads/CALVIS/CALVIS/dataset/cmu\synthetic_images\200x200\female\subject_mesh_1705.png,calvis
F_subject_mesh_1706,F,104.9,90.4,107.6,C:/Users/admin/Downloads/CALVIS/CALVIS/dataset/cmu\synthetic_images\200x200\female\subject_mesh_1706.png,calvis
F_subject_mesh_1707,F,100.6,85.3,103.8,C:/Users/admin/Downloads/CALVIS/CALVIS/dataset/cmu\synthetic_images\200x200\female\subject_mesh_1707.png,calvis
F_subject_mesh_1708,F,92.1,79.3,105.8,C:/Users/admin/Downloads/CALVIS/CALVIS/dataset/cmu\synthetic_images\200x200\female\subject_mesh_1708.png,calvis
F_subject_mesh_1709,F,91.2,76.9,102.3,C:/Users/admin/Downloads/CALVIS/CALVIS/dataset/cmu\synthetic_images\200x200\female\subject_mesh_1709.png,calvis
F_subject_mesh_1710,F,89.7,78.8,99.5,C:/Users/admin/Downloads/CALVIS/CALVIS/dataset/cmu\synthetic_images\200x200\female\subject_mesh_1710.png,calvis
F_subject_mesh_1711,F,120.6,110.6,125.0,C:/Users/admin/Downloads/CALVIS/CALVIS/dataset/cmu\synthetic_images\200x200\female\subject_mesh_1711.png,calvis
F_subject_mesh_1712,F,100.3,84.0,94.3,C:/Users/admin/Downloads/CALVIS/CALVIS/dataset/cmu\synthetic_images\200x200\female\subject_mesh_1712.png,calvis
F_subject_mesh_1713,F,115.2,106.1,131.9,C:/Users/admin/Downloads/CALVIS/CALVIS/dataset/cmu\synthetic_images\200x200\female\subject_mesh_1713.png,calvis
F_subject_mesh_1714,F,112.0,97.3,113.0,C:/Users/admin/Downloads/CALVIS/CALVIS/dataset/cmu\synthetic_images\200x200\female\subject_mesh_1714.png,calvis
F_subject_mesh_1715,F,90.0,74.5,94.1,C:/Users/admin/Downloads/CALVIS/CALVIS/dataset/cmu\synthetic_images\200x200\female\subject_mesh_1715.png,calvis
F_subject_mesh_1716,F,93.0,78.2,97.8,C:/Users/admin/Downloads/CALVIS/CALVIS/dataset/cmu\synthetic_images\200x200\female\subject_mesh_1716.png,calvis
F_subject_mesh_1717,F,87.2,72.5,95.9,C:/Users/admin/Downloads/CALVIS/CALVIS/dataset/cmu\synthetic_images\200x200\female\subject_mesh_1717.png,calvis
F_subject_mesh_1718,F,111.3,99.7,120.5,C:/Users/admin/Downloads/CALVIS/CALVIS/dataset/cmu\synthetic_images\200x200\female\subject_mesh_1718.png,calvis
F_subject_mesh_1719,F,91.3,77.1,101.2,C:/Users/admin/Downloads/CALVIS/CALVIS/dataset/cmu\synthetic_images\200x200\female\subject_mesh_1719.png,calvis
F_subject_mesh_1720,F,98.5,82.6,104.0,C:/Users/admin/Downloads/CALVIS/CALVIS/dataset/cmu\synthetic_images\200x200\female\subject_mesh_1720.png,calvis
F_subject_mesh_1721,F,93.6,76.9,89.1,C:/Users/admin/Downloads/CALVIS/CALVIS/dataset/cmu\synthetic_images\200x200\female\subject_mesh_1721.png,calvis
F_subject_mesh_1722,F,130.0,121.0,135.0,C:/Users/admin/Downloads/CALVIS/CALVIS/dataset/cmu\synthetic_images\200x200\female\subject_mesh_1722.png,calvis
F_subject_mesh_1723,F,114.5,104.4,121.9,C:/Users/admin/Downloads/CALVIS/CALVIS/dataset/cmu\synthetic_images\200x200\female\subject_mesh_1723.png,calvis
F_subject_mesh_1724,F,106.0,93.6,110.8,C:/Users/admin/Downloads/CALVIS/CALVIS/dataset/cmu\synthetic_images\200x200\female\subject_mesh_1724.png,calvis
F_subject_mesh_1725,F,95.9,83.5,97.2,C:/Users/admin/Downloads/CALVIS/CALVIS/dataset/cmu\synthetic_images\200x200\female\subject_mesh_1725.png,calvis
F_subject_mesh_1726,F,98.3,83.5,107.2,C:/Users/admin/Downloads/CALVIS/CALVIS/dataset/cmu\synthetic_images\200x200\female\subject_mesh_1726.png,calvis
F_subject_mesh_1727,F,100.5,87.3,106.7,C:/Users/admin/Downloads/CALVIS/CALVIS/dataset/cmu\synthetic_images\200x200\female\subject_mesh_1727.png,calvis
F_subject_mesh_1728,F,85.0,70.1,87.1,C:/Users/admin/Downloads/CALVIS/CALVIS/dataset/cmu\synthetic_images\200x200\female\subject_mesh_1728.png,calvis
F_subject_mesh_1729,F,106.8,91.9,111.8,C:/Users/admin/Downloads/CALVIS/CALVIS/dataset/cmu\synthetic_images\200x200\female\subject_mesh_1729.png,calvis
F_subject_mesh_1730,F,100.4,86.4,108.3,C:/Users/admin/Downloads/CALVIS/CALVIS/dataset/cmu\synthetic_images\200x200\female\subject_mesh_1730.png,calvis
F_subject_mesh_1731,F,89.6,76.0,101.5,C:/Users/admin/Downloads/CALVIS/CALVIS/dataset/cmu\synthetic_images\200x200\female\subject_mesh_1731.png,calvis
F_subject_mesh_1732,F,94.6,79.2,96.6,C:/Users/admin/Downloads/CALVIS/CALVIS/dataset/cmu\synthetic_images\200x200\female\subject_mesh_1732.png,calvis
F_subject_mesh_1733,F,114.7,101.1,115.1,C:/Users/admin/Downloads/CALVIS/CALVIS/dataset/cmu\synthetic_images\200x200\female\subject_mesh_1733.png,calvis
F_subject_mesh_1734,F,95.0,81.6,102.6,C:/Users/admin/Downloads/CALVIS/CALVIS/dataset/cmu\synthetic_images\200x200\female\subject_mesh_1734.png,calvis
F_subject_mesh_1735,F,101.7,89.2,109.5,C:/Users/admin/Downloads/CALVIS/CALVIS/dataset/cmu\synthetic_images\200x200\female\subject_mesh_1735.png,calvis
F_subject_mesh_1736,F,91.8,78.0,103.0,C:/Users/admin/Downloads/CALVIS/CALVIS/dataset/cmu\synthetic_images\200x200\female\subject_mesh_1736.png,calvis
F_subject_mesh_1737,F,95.1,80.6,103.0,C:/Users/admin/Downloads/CALVIS/CALVIS/dataset/cmu\synthetic_images\200x200\female\subject_mesh_1737.png,calvis
F_subject_mesh_1738,F,93.3,82.2,104.6,C:/Users/admin/Downloads/CALVIS/CALVIS/dataset/cmu\synthetic_images\200x200\female\subject_mesh_1738.png,calvis
F_subject_mesh_1739,F,88.5,78.1,101.2,C:/Users/admin/Downloads/CALVIS/CALVIS/dataset/cmu\synthetic_images\200x200\female\subject_mesh_1739.png,calvis
F_subject_mesh_1740,F,97.5,81.0,97.6,C:/Users/admin/Downloads/CALVIS/CALVIS/dataset/cmu\synthetic_images\200x200\female\subject_mesh_1740.png,calvis
F_subject_mesh_1741,F,104.3,90.0,104.2,C:/Users/admin/Downloads/CALVIS/CALVIS/dataset/cmu\synthetic_images\200x200\female\subject_mesh_1741.png,calvis
F_subject_mesh_1742,F,95.3,81.4,99.6,C:/Users/admin/Downloads/CALVIS/CALVIS/dataset/cmu\synthetic_images\200x200\female\subject_mesh_1742.png,calvis
F_subject_mesh_1743,F,87.1,71.7,93.7,C:/Users/admin/Downloads/CALVIS/CALVIS/dataset/cmu\synthetic_images\200x200\female\subject_mesh_1743.png,calvis
F_subject_mesh_1744,F,89.4,74.8,98.9,C:/Users/admin/Downloads/CALVIS/CALVIS/dataset/cmu\synthetic_images\200x200\female\subject_mesh_1744.png,calvis
F_subject_mesh_1745,F,95.7,82.0,98.6,C:/Users/admin/Downloads/CALVIS/CALVIS/dataset/cmu\synthetic_images\200x200\female\subject_mesh_1745.png,calvis
F_subject_mesh_1746,F,101.8,92.1,111.9,C:/Users/admin/Downloads/CALVIS/CALVIS/dataset/cmu\synthetic_images\200x200\female\subject_mesh_1746.png,calvis
F_subject_mesh_1747,F,89.6,72.1,100.5,C:/Users/admin/Downloads/CALVIS/CALVIS/dataset/cmu\synthetic_images\200x200\female\subject_mesh_1747.png,calvis
F_subject_mesh_1748,F,94.8,82.9,98.7,C:/Users/admin/Downloads/CALVIS/CALVIS/dataset/cmu\synthetic_images\200x200\female\subject_mesh_1748.png,calvis
F_subject_mesh_1749,F,88.1,72.7,97.2,C:/Users/admin/Downloads/CALVIS/CALVIS/dataset/cmu\synthetic_images\200x200\female\subject_mesh_1749.png,calvis
F_subject_mesh_1750,F,93.6,80.3,105.9,C:/Users/admin/Downloads/CALVIS/CALVIS/dataset/cmu\synthetic_images\200x200\female\subject_mesh_1750.png,calvis
F_subject_mesh_1751,F,97.0,80.4,98.2,C:/Users/admin/Downloads/CALVIS/CALVIS/dataset/cmu\synthetic_images\200x200\female\subject_mesh_1751.png,calvis
F_subject_mesh_1752,F,104.4,90.2,110.7,C:/Users/admin/Downloads/CALVIS/CALVIS/dataset/cmu\synthetic_images\200x200\female\subject_mesh_1752.png,calvis
F_subject_mesh_1753,F,101.6,88.9,103.8,C:/Users/admin/Downloads/CALVIS/CALVIS/dataset/cmu\synthetic_images\200x200\female\subject_mesh_1753.png,calvis
F_subject_mesh_1754,F,86.9,77.2,101.0,C:/Users/admin/Downloads/CALVIS/CALVIS/dataset/cmu\synthetic_images\200x200\female\subject_mesh_1754.png,calvis
F_subject_mesh_1755,F,127.7,115.0,127.0,C:/Users/admin/Downloads/CALVIS/CALVIS/dataset/cmu\synthetic_images\200x200\female\subject_mesh_1755.png,calvis
F_subject_mesh_1756,F,97.9,85.8,104.8,C:/Users/admin/Downloads/CALVIS/CALVIS/dataset/cmu\synthetic_images\200x200\female\subject_mesh_1756.png,calvis
F_subject_mesh_1757,F,90.4,74.4,97.3,C:/Users/admin/Downloads/CALVIS/CALVIS/dataset/cmu\synthetic_images\200x200\female\subject_mesh_1757.png,calvis
F_subject_mesh_1758,F,110.2,96.7,112.5,C:/Users/admin/Downloads/CALVIS/CALVIS/dataset/cmu\synthetic_images\200x200\female\subject_mesh_1758.png,calvis
F_subject_mesh_1759,F,90.5,77.8,100.8,C:/Users/admin/Downloads/CALVIS/CALVIS/dataset/cmu\synthetic_images\200x200\female\subject_mesh_1759.png,calvis
F_subject_mesh_1760,F,98.1,84.3,105.1,C:/Users/admin/Downloads/CALVIS/CALVIS/dataset/cmu\synthetic_images\200x200\female\subject_mesh_1760.png,calvis
F_subject_mesh_1761,F,98.6,84.4,103.1,C:/Users/admin/Downloads/CALVIS/CALVIS/dataset/cmu\synthetic_images\200x200\female\subject_mesh_1761.png,calvis
F_subject_mesh_1762,F,87.9,73.0,94.1,C:/Users/admin/Downloads/CALVIS/CALVIS/dataset/cmu\synthetic_images\200x200\female\subject_mesh_1762.png,calvis
F_subject_mesh_1763,F,87.5,72.4,94.7,C:/Users/admin/Downloads/CALVIS/CALVIS/dataset/cmu\synthetic_images\200x200\female\subject_mesh_1763.png,calvis
F_subject_mesh_1764,F,91.6,77.7,101.9,C:/Users/admin/Downloads/CALVIS/CALVIS/dataset/cmu\synthetic_images\200x200\female\subject_mesh_1764.png,calvis
F_subject_mesh_1765,F,96.7,84.6,107.1,C:/Users/admin/Downloads/CALVIS/CALVIS/dataset/cmu\synthetic_images\200x200\female\subject_mesh_1765.png,calvis
F_subject_mesh_1766,F,104.4,89.7,105.9,C:/Users/admin/Downloads/CALVIS/CALVIS/dataset/cmu\synthetic_images\200x200\female\subject_mesh_1766.png,calvis
F_subject_mesh_1767,F,90.3,74.1,92.4,C:/Users/admin/Downloads/CALVIS/CALVIS/dataset/cmu\synthetic_images\200x200\female\subject_mesh_1767.png,calvis
F_subject_mesh_1768,F,91.7,79.0,100.9,C:/Users/admin/Downloads/CALVIS/CALVIS/dataset/cmu\synthetic_images\200x200\female\subject_mesh_1768.png,calvis
F_subject_mesh_1769,F,94.4,80.1,100.2,C:/Users/admin/Downloads/CALVIS/CALVIS/dataset/cmu\synthetic_images\200x200\female\subject_mesh_1769.png,calvis
F_subject_mesh_1770,F,97.3,84.6,104.4,C:/Users/admin/Downloads/CALVIS/CALVIS/dataset/cmu\synthetic_images\200x200\female\subject_mesh_1770.png,calvis
F_subject_mesh_1771,F,92.1,77.4,105.3,C:/Users/admin/Downloads/CALVIS/CALVIS/dataset/cmu\synthetic_images\200x200\female\subject_mesh_1771.png,calvis
F_subject_mesh_1772,F,112.7,100.0,116.9,C:/Users/admin/Downloads/CALVIS/CALVIS/dataset/cmu\synthetic_images\200x200\female\subject_mesh_1772.png,calvis
F_subject_mesh_1773,F,102.1,89.6,104.9,C:/Users/admin/Downloads/CALVIS/CALVIS/dataset/cmu\synthetic_images\200x200\female\subject_mesh_1773.png,calvis
F_subject_mesh_1774,F,94.7,80.4,99.7,C:/Users/admin/Downloads/CALVIS/CALVIS/dataset/cmu\synthetic_images\200x200\female\subject_mesh_1774.png,calvis
F_subject_mesh_1775,F,98.3,86.6,117.0,C:/Users/admin/Downloads/CALVIS/CALVIS/dataset/cmu\synthetic_images\200x200\female\subject_mesh_1775.png,calvis
F_subject_mesh_1776,F,90.2,75.1,100.3,C:/Users/admin/Downloads/CALVIS/CALVIS/dataset/cmu\synthetic_images\200x200\female\subject_mesh_1776.png,calvis
F_subject_mesh_1777,F,101.3,84.8,97.0,C:/Users/admin/Downloads/CALVIS/CALVIS/dataset/cmu\synthetic_images\200x200\female\subject_mesh_1777.png,calvis
F_subject_mesh_1778,F,97.1,89.0,123.9,C:/Users/admin/Downloads/CALVIS/CALVIS/dataset/cmu\synthetic_images\200x200\female\subject_mesh_1778.png,calvis
F_subject_mesh_1779,F,83.8,69.5,92.5,C:/Users/admin/Downloads/CALVIS/CALVIS/dataset/cmu\synthetic_images\200x200\female\subject_mesh_1779.png,calvis
F_subject_mesh_1780,F,115.5,106.4,120.8,C:/Users/admin/Downloads/CALVIS/CALVIS/dataset/cmu\synthetic_images\200x200\female\subject_mesh_1780.png,calvis
F_subject_mesh_1781,F,96.3,83.9,105.8,C:/Users/admin/Downloads/CALVIS/CALVIS/dataset/cmu\synthetic_images\200x200\female\subject_mesh_1781.png,calvis
F_subject_mesh_1782,F,112.0,98.0,110.9,C:/Users/admin/Downloads/CALVIS/CALVIS/dataset/cmu\synthetic_images\200x200\female\subject_mesh_1782.png,calvis
F_subject_mesh_1783,F,95.7,81.0,102.1,C:/Users/admin/Downloads/CALVIS/CALVIS/dataset/cmu\synthetic_images\200x200\female\subject_mesh_1783.png,calvis
F_subject_mesh_1784,F,96.3,82.2,107.3,C:/Users/admin/Downloads/CALVIS/CALVIS/dataset/cmu\synthetic_images\200x200\female\subject_mesh_1784.png,calvis
F_subject_mesh_1785,F,90.8,74.5,98.3,C:/Users/admin/Downloads/CALVIS/CALVIS/dataset/cmu\synthetic_images\200x200\female\subject_mesh_1785.png,calvis
F_subject_mesh_1786,F,98.4,86.7,108.3,C:/Users/admin/Downloads/CALVIS/CALVIS/dataset/cmu\synthetic_images\200x200\female\subject_mesh_1786.png,calvis
F_subject_mesh_1787,F,91.0,74.6,93.1,C:/Users/admin/Downloads/CALVIS/CALVIS/dataset/cmu\synthetic_images\200x200\female\subject_mesh_1787.png,calvis
F_subject_mesh_1788,F,107.4,97.6,118.7,C:/Users/admin/Downloads/CALVIS/CALVIS/dataset/cmu\synthetic_images\200x200\female\subject_mesh_1788.png,calvis
F_subject_mesh_1789,F,120.3,104.5,119.0,C:/Users/admin/Downloads/CALVIS/CALVIS/dataset/cmu\synthetic_images\200x200\female\subject_mesh_1789.png,calvis
F_subject_mesh_1790,F,119.0,102.5,116.0,C:/Users/admin/Downloads/CALVIS/CALVIS/dataset/cmu\synthetic_images\200x200\female\subject_mesh_1790.png,calvis
F_subject_mesh_1791,F,108.5,92.9,105.3,C:/Users/admin/Downloads/CALVIS/CALVIS/dataset/cmu\synthetic_images\200x200\female\subject_mesh_1791.png,calvis
F_subject_mesh_1792,F,100.8,87.5,106.4,C:/Users/admin/Downloads/CALVIS/CALVIS/dataset/cmu\synthetic_images\200x200\female\subject_mesh_1792.png,calvis
F_subject_mesh_1793,F,92.6,79.1,105.9,C:/Users/admin/Downloads/CALVIS/CALVIS/dataset/cmu\synthetic_images\200x200\female\subject_mesh_1793.png,calvis
F_subject_mesh_1794,F,94.4,82.4,105.4,C:/Users/admin/Downloads/CALVIS/CALVIS/dataset/cmu\synthetic_images\200x200\female\subject_mesh_1794.png,calvis
F_subject_mesh_1795,F,91.7,76.3,95.1,C:/Users/admin/Downloads/CALVIS/CALVIS/dataset/cmu\synthetic_images\200x200\female\subject_mesh_1795.png,calvis
F_subject_mesh_1796,F,117.7,107.9,130.5,C:/Users/admin/Downloads/CALVIS/CALVIS/dataset/cmu\synthetic_images\200x200\female\subject_mesh_1796.png,calvis
F_subject_mesh_1797,F,115.7,102.7,124.4,C:/Users/admin/Downloads/CALVIS/CALVIS/dataset/cmu\synthetic_images\200x200\female\subject_mesh_1797.png,calvis
F_subject_mesh_1798,F,85.1,68.5,91.2,C:/Users/admin/Downloads/CALVIS/CALVIS/dataset/cmu\synthetic_images\200x200\female\subject_mesh_1798.png,calvis
F_subject_mesh_1799,F,86.7,71.8,97.4,C:/Users/admin/Downloads/CALVIS/CALVIS/dataset/cmu\synthetic_images\200x200\female\subject_mesh_1799.png,calvis
F_subject_mesh_1800,F,105.0,93.0,115.3,C:/Users/admin/Downloads/CALVIS/CALVIS/dataset/cmu\synthetic_images\200x200\female\subject_mesh_1800.png,calvis
F_subject_mesh_1801,F,109.9,94.4,108.1,C:/Users/admin/Downloads/CALVIS/CALVIS/dataset/cmu\synthetic_images\200x200\female\subject_mesh_1801.png,calvis
F_subject_mesh_1802,F,104.7,91.4,111.4,C:/Users/admin/Downloads/CALVIS/CALVIS/dataset/cmu\synthetic_images\200x200\female\subject_mesh_1802.png,calvis
F_subject_mesh_1803,F,92.9,76.5,92.7,C:/Users/admin/Downloads/CALVIS/CALVIS/dataset/cmu\synthetic_images\200x200\female\subject_mesh_1803.png,calvis
F_subject_mesh_1804,F,90.8,79.3,105.9,C:/Users/admin/Downloads/CALVIS/CALVIS/dataset/cmu\synthetic_images\200x200\female\subject_mesh_1804.png,calvis
F_subject_mesh_1805,F,120.0,104.1,117.6,C:/Users/admin/Downloads/CALVIS/CALVIS/dataset/cmu\synthetic_images\200x200\female\subject_mesh_1805.png,calvis
F_subject_mesh_1806,F,92.3,77.0,103.4,C:/Users/admin/Downloads/CALVIS/CALVIS/dataset/cmu\synthetic_images\200x200\female\subject_mesh_1806.png,calvis
F_subject_mesh_1807,F,93.4,81.8,103.5,C:/Users/admin/Downloads/CALVIS/CALVIS/dataset/cmu\synthetic_images\200x200\female\subject_mesh_1807.png,calvis
F_subject_mesh_1808,F,96.1,80.4,97.3,C:/Users/admin/Downloads/CALVIS/CALVIS/dataset/cmu\synthetic_images\200x200\female\subject_mesh_1808.png,calvis
F_subject_mesh_1809,F,87.2,69.6,87.6,C:/Users/admin/Downloads/CALVIS/CALVIS/dataset/cmu\synthetic_images\200x200\female\subject_mesh_1809.png,calvis
F_subject_mesh_1810,F,90.5,77.2,104.1,C:/Users/admin/Downloads/CALVIS/CALVIS/dataset/cmu\synthetic_images\200x200\female\subject_mesh_1810.png,calvis
F_subject_mesh_1811,F,116.8,104.2,122.4,C:/Users/admin/Downloads/CALVIS/CALVIS/dataset/cmu\synthetic_images\200x200\female\subject_mesh_1811.png,calvis
F_subject_mesh_1812,F,102.5,88.1,110.9,C:/Users/admin/Downloads/CALVIS/CALVIS/dataset/cmu\synthetic_images\200x200\female\subject_mesh_1812.png,calvis
F_subject_mesh_1813,F,89.9,75.6,99.8,C:/Users/admin/Downloads/CALVIS/CALVIS/dataset/cmu\synthetic_images\200x200\female\subject_mesh_1813.png,calvis
F_subject_mesh_1814,F,89.3,73.9,98.9,C:/Users/admin/Downloads/CALVIS/CALVIS/dataset/cmu\synthetic_images\200x200\female\subject_mesh_1814.png,calvis
F_subject_mesh_1815,F,125.2,112.2,127.7,C:/Users/admin/Downloads/CALVIS/CALVIS/dataset/cmu\synthetic_images\200x200\female\subject_mesh_1815.png,calvis
F_subject_mesh_1816,F,102.3,89.4,105.4,C:/Users/admin/Downloads/CALVIS/CALVIS/dataset/cmu\synthetic_images\200x200\female\subject_mesh_1816.png,calvis
F_subject_mesh_1817,F,89.4,74.3,95.2,C:/Users/admin/Downloads/CALVIS/CALVIS/dataset/cmu\synthetic_images\200x200\female\subject_mesh_1817.png,calvis
F_subject_mesh_1818,F,101.4,89.2,111.2,C:/Users/admin/Downloads/CALVIS/CALVIS/dataset/cmu\synthetic_images\200x200\female\subject_mesh_1818.png,calvis
F_subject_mesh_1819,F,116.8,103.9,121.5,C:/Users/admin/Downloads/CALVIS/CALVIS/dataset/cmu\synthetic_images\200x200\female\subject_mesh_1819.png,calvis
F_subject_mesh_1820,F,93.9,81.0,99.2,C:/Users/admin/Downloads/CALVIS/CALVIS/dataset/cmu\synthetic_images\200x200\female\subject_mesh_1820.png,calvis
F_subject_mesh_1821,F,97.0,82.4,99.4,C:/Users/admin/Downloads/CALVIS/CALVIS/dataset/cmu\synthetic_images\200x200\female\subject_mesh_1821.png,calvis
F_subject_mesh_1822,F,88.5,75.9,96.0,C:/Users/admin/Downloads/CALVIS/CALVIS/dataset/cmu\synthetic_images\200x200\female\subject_mesh_1822.png,calvis
F_subject_mesh_1823,F,89.5,75.4,98.6,C:/Users/admin/Downloads/CALVIS/CALVIS/dataset/cmu\synthetic_images\200x200\female\subject_mesh_1823.png,calvis
F_subject_mesh_1824,F,91.4,77.5,102.2,C:/Users/admin/Downloads/CALVIS/CALVIS/dataset/cmu\synthetic_images\200x200\female\subject_mesh_1824.png,calvis
F_subject_mesh_1825,F,96.8,81.7,106.7,C:/Users/admin/Downloads/CALVIS/CALVIS/dataset/cmu\synthetic_images\200x200\female\subject_mesh_1825.png,calvis
F_subject_mesh_1826,F,94.3,81.1,101.7,C:/Users/admin/Downloads/CALVIS/CALVIS/dataset/cmu\synthetic_images\200x200\female\subject_mesh_1826.png,calvis
F_subject_mesh_1827,F,119.6,107.9,126.8,C:/Users/admin/Downloads/CALVIS/CALVIS/dataset/cmu\synthetic_images\200x200\female\subject_mesh_1827.png,calvis
F_subject_mesh_1828,F,109.6,96.7,116.4,C:/Users/admin/Downloads/CALVIS/CALVIS/dataset/cmu\synthetic_images\200x200\female\subject_mesh_1828.png,calvis
F_subject_mesh_1829,F,144.9,137.8,161.8,C:/Users/admin/Downloads/CALVIS/CALVIS/dataset/cmu\synthetic_images\200x200\female\subject_mesh_1829.png,calvis
F_subject_mesh_1830,F,84.4,70.0,94.7,C:/Users/admin/Downloads/CALVIS/CALVIS/dataset/cmu\synthetic_images\200x200\female\subject_mesh_1830.png,calvis
F_subject_mesh_1831,F,112.3,96.2,110.6,C:/Users/admin/Downloads/CALVIS/CALVIS/dataset/cmu\synthetic_images\200x200\female\subject_mesh_1831.png,calvis
F_subject_mesh_1832,F,93.8,80.2,101.8,C:/Users/admin/Downloads/CALVIS/CALVIS/dataset/cmu\synthetic_images\200x200\female\subject_mesh_1832.png,calvis
F_subject_mesh_1833,F,96.4,83.0,111.9,C:/Users/admin/Downloads/CALVIS/CALVIS/dataset/cmu\synthetic_images\200x200\female\subject_mesh_1833.png,calvis
F_subject_mesh_1834,F,90.6,76.3,96.6,C:/Users/admin/Downloads/CALVIS/CALVIS/dataset/cmu\synthetic_images\200x200\female\subject_mesh_1834.png,calvis
F_subject_mesh_1835,F,111.8,99.0,113.2,C:/Users/admin/Downloads/CALVIS/CALVIS/dataset/cmu\synthetic_images\200x200\female\subject_mesh_1835.png,calvis
F_subject_mesh_1836,F,108.3,94.8,115.5,C:/Users/admin/Downloads/CALVIS/CALVIS/dataset/cmu\synthetic_images\200x200\female\subject_mesh_1836.png,calvis
F_subject_mesh_1837,F,91.7,75.8,95.2,C:/Users/admin/Downloads/CALVIS/CALVIS/dataset/cmu\synthetic_images\200x200\female\subject_mesh_1837.png,calvis
F_subject_mesh_1838,F,89.6,75.0,101.6,C:/Users/admin/Downloads/CALVIS/CALVIS/dataset/cmu\synthetic_images\200x200\female\subject_mesh_1838.png,calvis
F_subject_mesh_1839,F,86.5,71.2,98.1,C:/Users/admin/Downloads/CALVIS/CALVIS/dataset/cmu\synthetic_images\200x200\female\subject_mesh_1839.png,calvis
F_subject_mesh_1840,F,111.4,99.7,124.7,C:/Users/admin/Downloads/CALVIS/CALVIS/dataset/cmu\synthetic_images\200x200\female\subject_mesh_1840.png,calvis
F_subject_mesh_1841,F,87.8,73.9,100.1,C:/Users/admin/Downloads/CALVIS/CALVIS/dataset/cmu\synthetic_images\200x200\female\subject_mesh_1841.png,calvis
F_subject_mesh_1842,F,90.4,76.8,95.1,C:/Users/admin/Downloads/CALVIS/CALVIS/dataset/cmu\synthetic_images\200x200\female\subject_mesh_1842.png,calvis
F_subject_mesh_1843,F,102.1,89.2,105.5,C:/Users/admin/Downloads/CALVIS/CALVIS/dataset/cmu\synthetic_images\200x200\female\subject_mesh_1843.png,calvis
F_subject_mesh_1844,F,92.8,78.9,100.5,C:/Users/admin/Downloads/CALVIS/CALVIS/dataset/cmu\synthetic_images\200x200\female\subject_mesh_1844.png,calvis
F_subject_mesh_1845,F,99.9,85.2,102.3,C:/Users/admin/Downloads/CALVIS/CALVIS/dataset/cmu\synthetic_images\200x200\female\subject_mesh_1845.png,calvis
F_subject_mesh_1846,F,110.0,95.6,108.3,C:/Users/admin/Downloads/CALVIS/CALVIS/dataset/cmu\synthetic_images\200x200\female\subject_mesh_1846.png,calvis
F_subject_mesh_1847,F,96.5,81.9,101.3,C:/Users/admin/Downloads/CALVIS/CALVIS/dataset/cmu\synthetic_images\200x200\female\subject_mesh_1847.png,calvis
F_subject_mesh_1848,F,98.3,81.5,98.7,C:/Users/admin/Downloads/CALVIS/CALVIS/dataset/cmu\synthetic_images\200x200\female\subject_mesh_1848.png,calvis
F_subject_mesh_1849,F,128.5,116.1,131.2,C:/Users/admin/Downloads/CALVIS/CALVIS/dataset/cmu\synthetic_images\200x200\female\subject_mesh_1849.png,calvis
F_subject_mesh_1850,F,85.3,69.5,95.4,C:/Users/admin/Downloads/CALVIS/CALVIS/dataset/cmu\synthetic_images\200x200\female\subject_mesh_1850.png,calvis
F_subject_mesh_1851,F,92.7,79.1,99.7,C:/Users/admin/Downloads/CALVIS/CALVIS/dataset/cmu\synthetic_images\200x200\female\subject_mesh_1851.png,calvis
F_subject_mesh_1852,F,114.7,101.1,117.5,C:/Users/admin/Downloads/CALVIS/CALVIS/dataset/cmu\synthetic_images\200x200\female\subject_mesh_1852.png,calvis
F_subject_mesh_1853,F,100.4,87.2,111.0,C:/Users/admin/Downloads/CALVIS/CALVIS/dataset/cmu\synthetic_images\200x200\female\subject_mesh_1853.png,calvis
F_subject_mesh_1854,F,104.1,89.8,111.3,C:/Users/admin/Downloads/CALVIS/CALVIS/dataset/cmu\synthetic_images\200x200\female\subject_mesh_1854.png,calvis
F_subject_mesh_1855,F,106.1,95.6,112.9,C:/Users/admin/Downloads/CALVIS/CALVIS/dataset/cmu\synthetic_images\200x200\female\subject_mesh_1855.png,calvis
F_subject_mesh_1856,F,92.7,77.4,102.3,C:/Users/admin/Downloads/CALVIS/CALVIS/dataset/cmu\synthetic_images\200x200\female\subject_mesh_1856.png,calvis
F_subject_mesh_1857,F,89.7,76.9,97.4,C:/Users/admin/Downloads/CALVIS/CALVIS/dataset/cmu\synthetic_images\200x200\female\subject_mesh_1857.png,calvis
F_subject_mesh_1858,F,91.2,78.4,100.9,C:/Users/admin/Downloads/CALVIS/CALVIS/dataset/cmu\synthetic_images\200x200\female\subject_mesh_1858.png,calvis
F_subject_mesh_1859,F,91.3,76.2,97.5,C:/Users/admin/Downloads/CALVIS/CALVIS/dataset/cmu\synthetic_images\200x200\female\subject_mesh_1859.png,calvis
F_subject_mesh_1860,F,94.2,80.6,104.2,C:/Users/admin/Downloads/CALVIS/CALVIS/dataset/cmu\synthetic_images\200x200\female\subject_mesh_1860.png,calvis
F_subject_mesh_1861,F,121.8,106.5,116.6,C:/Users/admin/Downloads/CALVIS/CALVIS/dataset/cmu\synthetic_images\200x200\female\subject_mesh_1861.png,calvis
F_subject_mesh_1862,F,96.3,81.4,103.3,C:/Users/admin/Downloads/CALVIS/CALVIS/dataset/cmu\synthetic_images\200x200\female\subject_mesh_1862.png,calvis
F_subject_mesh_1863,F,95.3,81.8,104.3,C:/Users/admin/Downloads/CALVIS/CALVIS/dataset/cmu\synthetic_images\200x200\female\subject_mesh_1863.png,calvis
F_subject_mesh_1864,F,87.5,72.3,97.0,C:/Users/admin/Downloads/CALVIS/CALVIS/dataset/cmu\synthetic_images\200x200\female\subject_mesh_1864.png,calvis
F_subject_mesh_1865,F,125.2,109.9,126.1,C:/Users/admin/Downloads/CALVIS/CALVIS/dataset/cmu\synthetic_images\200x200\female\subject_mesh_1865.png,calvis
F_subject_mesh_1866,F,90.2,75.8,103.5,C:/Users/admin/Downloads/CALVIS/CALVIS/dataset/cmu\synthetic_images\200x200\female\subject_mesh_1866.png,calvis
F_subject_mesh_1867,F,88.7,74.7,100.4,C:/Users/admin/Downloads/CALVIS/CALVIS/dataset/cmu\synthetic_images\200x200\female\subject_mesh_1867.png,calvis
F_subject_mesh_1868,F,102.4,89.2,102.4,C:/Users/admin/Downloads/CALVIS/CALVIS/dataset/cmu\synthetic_images\200x200\female\subject_mesh_1868.png,calvis
F_subject_mesh_1869,F,98.6,87.4,113.4,C:/Users/admin/Downloads/CALVIS/CALVIS/dataset/cmu\synthetic_images\200x200\female\subject_mesh_1869.png,calvis
F_subject_mesh_1870,F,96.1,82.8,108.6,C:/Users/admin/Downloads/CALVIS/CALVIS/dataset/cmu\synthetic_images\200x200\female\subject_mesh_1870.png,calvis
F_subject_mesh_1871,F,93.8,79.5,101.1,C:/Users/admin/Downloads/CALVIS/CALVIS/dataset/cmu\synthetic_images\200x200\female\subject_mesh_1871.png,calvis
F_subject_mesh_1872,F,101.7,84.8,98.6,C:/Users/admin/Downloads/CALVIS/CALVIS/dataset/cmu\synthetic_images\200x200\female\subject_mesh_1872.png,calvis
F_subject_mesh_1873,F,92.8,79.4,101.3,C:/Users/admin/Downloads/CALVIS/CALVIS/dataset/cmu\synthetic_images\200x200\female\subject_mesh_1873.png,calvis
F_subject_mesh_1874,F,92.7,79.3,101.4,C:/Users/admin/Downloads/CALVIS/CALVIS/dataset/cmu\synthetic_images\200x200\female\subject_mesh_1874.png,calvis
F_subject_mesh_1875,F,99.0,84.4,104.2,C:/Users/admin/Downloads/CALVIS/CALVIS/dataset/cmu\synthetic_images\200x200\female\subject_mesh_1875.png,calvis
F_subject_mesh_1876,F,83.8,69.6,93.9,C:/Users/admin/Downloads/CALVIS/CALVIS/dataset/cmu\synthetic_images\200x200\female\subject_mesh_1876.png,calvis
F_subject_mesh_1877,F,99.3,88.6,111.7,C:/Users/admin/Downloads/CALVIS/CALVIS/dataset/cmu\synthetic_images\200x200\female\subject_mesh_1877.png,calvis
F_subject_mesh_1878,F,96.6,82.3,101.4,C:/Users/admin/Downloads/CALVIS/CALVIS/dataset/cmu\synthetic_images\200x200\female\subject_mesh_1878.png,calvis
F_subject_mesh_1879,F,89.6,75.1,95.4,C:/Users/admin/Downloads/CALVIS/CALVIS/dataset/cmu\synthetic_images\200x200\female\subject_mesh_1879.png,calvis
F_subject_mesh_1880,F,90.8,74.0,97.9,C:/Users/admin/Downloads/CALVIS/CALVIS/dataset/cmu\synthetic_images\200x200\female\subject_mesh_1880.png,calvis
F_subject_mesh_1881,F,88.8,73.6,97.4,C:/Users/admin/Downloads/CALVIS/CALVIS/dataset/cmu\synthetic_images\200x200\female\subject_mesh_1881.png,calvis
F_subject_mesh_1882,F,101.5,88.7,110.7,C:/Users/admin/Downloads/CALVIS/CALVIS/dataset/cmu\synthetic_images\200x200\female\subject_mesh_1882.png,calvis
F_subject_mesh_1883,F,118.3,101.8,112.9,C:/Users/admin/Downloads/CALVIS/CALVIS/dataset/cmu\synthetic_images\200x200\female\subject_mesh_1883.png,calvis
F_subject_mesh_1884,F,88.9,77.2,104.0,C:/Users/admin/Downloads/CALVIS/CALVIS/dataset/cmu\synthetic_images\200x200\female\subject_mesh_1884.png,calvis
F_subject_mesh_1885,F,104.0,91.7,106.3,C:/Users/admin/Downloads/CALVIS/CALVIS/dataset/cmu\synthetic_images\200x200\female\subject_mesh_1885.png,calvis
F_subject_mesh_1886,F,105.1,94.0,116.0,C:/Users/admin/Downloads/CALVIS/CALVIS/dataset/cmu\synthetic_images\200x200\female\subject_mesh_1886.png,calvis
F_subject_mesh_1887,F,96.5,84.0,111.8,C:/Users/admin/Downloads/CALVIS/CALVIS/dataset/cmu\synthetic_images\200x200\female\subject_mesh_1887.png,calvis
F_subject_mesh_1888,F,99.3,84.8,101.5,C:/Users/admin/Downloads/CALVIS/CALVIS/dataset/cmu\synthetic_images\200x200\female\subject_mesh_1888.png,calvis
F_subject_mesh_1889,F,118.0,103.9,117.0,C:/Users/admin/Downloads/CALVIS/CALVIS/dataset/cmu\synthetic_images\200x200\female\subject_mesh_1889.png,calvis
F_subject_mesh_1890,F,90.6,76.0,97.6,C:/Users/admin/Downloads/CALVIS/CALVIS/dataset/cmu\synthetic_images\200x200\female\subject_mesh_1890.png,calvis
F_subject_mesh_1891,F,116.2,105.0,128.2,C:/Users/admin/Downloads/CALVIS/CALVIS/dataset/cmu\synthetic_images\200x200\female\subject_mesh_1891.png,calvis
F_subject_mesh_1892,F,99.0,86.8,104.0,C:/Users/admin/Downloads/CALVIS/CALVIS/dataset/cmu\synthetic_images\200x200\female\subject_mesh_1892.png,calvis
F_subject_mesh_1893,F,91.6,76.2,102.7,C:/Users/admin/Downloads/CALVIS/CALVIS/dataset/cmu\synthetic_images\200x200\female\subject_mesh_1893.png,calvis
F_subject_mesh_1894,F,85.4,69.3,94.0,C:/Users/admin/Downloads/CALVIS/CALVIS/dataset/cmu\synthetic_images\200x200\female\subject_mesh_1894.png,calvis
F_subject_mesh_1895,F,87.8,74.8,103.6,C:/Users/admin/Downloads/CALVIS/CALVIS/dataset/cmu\synthetic_images\200x200\female\subject_mesh_1895.png,calvis
F_subject_mesh_1896,F,102.1,90.1,103.4,C:/Users/admin/Downloads/CALVIS/CALVIS/dataset/cmu\synthetic_images\200x200\female\subject_mesh_1896.png,calvis
F_subject_mesh_1897,F,93.1,77.6,92.5,C:/Users/admin/Downloads/CALVIS/CALVIS/dataset/cmu\synthetic_images\200x200\female\subject_mesh_1897.png,calvis
F_subject_mesh_1898,F,96.6,84.9,102.0,C:/Users/admin/Downloads/CALVIS/CALVIS/dataset/cmu\synthetic_images\200x200\female\subject_mesh_1898.png,calvis
F_subject_mesh_1899,F,97.8,84.7,102.9,C:/Users/admin/Downloads/CALVIS/CALVIS/dataset/cmu\synthetic_images\200x200\female\subject_mesh_1899.png,calvis
F_subject_mesh_1900,F,90.2,74.3,96.3,C:/Users/admin/Downloads/CALVIS/CALVIS/dataset/cmu\synthetic_images\200x200\female\subject_mesh_1900.png,calvis
F_subject_mesh_1901,F,93.4,81.1,100.6,C:/Users/admin/Downloads/CALVIS/CALVIS/dataset/cmu\synthetic_images\200x200\female\subject_mesh_1901.png,calvis
F_subject_mesh_1902,F,103.0,90.0,108.8,C:/Users/admin/Downloads/CALVIS/CALVIS/dataset/cmu\synthetic_images\200x200\female\subject_mesh_1902.png,calvis
F_subject_mesh_1903,F,98.1,86.3,108.1,C:/Users/admin/Downloads/CALVIS/CALVIS/dataset/cmu\synthetic_images\200x200\female\subject_mesh_1903.png,calvis
F_subject_mesh_1904,F,108.1,95.6,112.6,C:/Users/admin/Downloads/CALVIS/CALVIS/dataset/cmu\synthetic_images\200x200\female\subject_mesh_1904.png,calvis
F_subject_mesh_1905,F,88.4,71.5,98.3,C:/Users/admin/Downloads/CALVIS/CALVIS/dataset/cmu\synthetic_images\200x200\female\subject_mesh_1905.png,calvis
F_subject_mesh_1906,F,85.9,71.7,95.8,C:/Users/admin/Downloads/CALVIS/CALVIS/dataset/cmu\synthetic_images\200x200\female\subject_mesh_1906.png,calvis
F_subject_mesh_1907,F,87.6,75.2,97.9,C:/Users/admin/Downloads/CALVIS/CALVIS/dataset/cmu\synthetic_images\200x200\female\subject_mesh_1907.png,calvis
F_subject_mesh_1908,F,105.9,91.0,107.4,C:/Users/admin/Downloads/CALVIS/CALVIS/dataset/cmu\synthetic_images\200x200\female\subject_mesh_1908.png,calvis
F_subject_mesh_1909,F,98.2,83.4,100.8,C:/Users/admin/Downloads/CALVIS/CALVIS/dataset/cmu\synthetic_images\200x200\female\subject_mesh_1909.png,calvis
F_subject_mesh_1910,F,111.7,99.8,118.6,C:/Users/admin/Downloads/CALVIS/CALVIS/dataset/cmu\synthetic_images\200x200\female\subject_mesh_1910.png,calvis
F_subject_mesh_1911,F,106.4,89.8,100.3,C:/Users/admin/Downloads/CALVIS/CALVIS/dataset/cmu\synthetic_images\200x200\female\subject_mesh_1911.png,calvis
F_subject_mesh_1912,F,115.1,104.5,119.9,C:/Users/admin/Downloads/CALVIS/CALVIS/dataset/cmu\synthetic_images\200x200\female\subject_mesh_1912.png,calvis
F_subject_mesh_1913,F,105.0,90.4,106.6,C:/Users/admin/Downloads/CALVIS/CALVIS/dataset/cmu\synthetic_images\200x200\female\subject_mesh_1913.png,calvis
F_subject_mesh_1914,F,95.5,83.7,101.4,C:/Users/admin/Downloads/CALVIS/CALVIS/dataset/cmu\synthetic_images\200x200\female\subject_mesh_1914.png,calvis
F_subject_mesh_1915,F,101.5,85.3,96.8,C:/Users/admin/Downloads/CALVIS/CALVIS/dataset/cmu\synthetic_images\200x200\female\subject_mesh_1915.png,calvis
F_subject_mesh_1916,F,101.3,84.9,105.3,C:/Users/admin/Downloads/CALVIS/CALVIS/dataset/cmu\synthetic_images\200x200\female\subject_mesh_1916.png,calvis
F_subject_mesh_1917,F,115.2,107.2,126.3,C:/Users/admin/Downloads/CALVIS/CALVIS/dataset/cmu\synthetic_images\200x200\female\subject_mesh_1917.png,calvis
F_subject_mesh_1918,F,85.0,70.8,93.8,C:/Users/admin/Downloads/CALVIS/CALVIS/dataset/cmu\synthetic_images\200x200\female\subject_mesh_1918.png,calvis
F_subject_mesh_1919,F,93.6,77.5,99.3,C:/Users/admin/Downloads/CALVIS/CALVIS/dataset/cmu\synthetic_images\200x200\female\subject_mesh_1919.png,calvis
F_subject_mesh_1920,F,98.2,85.1,109.1,C:/Users/admin/Downloads/CALVIS/CALVIS/dataset/cmu\synthetic_images\200x200\female\subject_mesh_1920.png,calvis
F_subject_mesh_1921,F,103.6,91.8,113.6,C:/Users/admin/Downloads/CALVIS/CALVIS/dataset/cmu\synthetic_images\200x200\female\subject_mesh_1921.png,calvis
F_subject_mesh_1922,F,97.5,84.4,101.6,C:/Users/admin/Downloads/CALVIS/CALVIS/dataset/cmu\synthetic_images\200x200\female\subject_mesh_1922.png,calvis
F_subject_mesh_1923,F,102.0,85.1,101.0,C:/Users/admin/Downloads/CALVIS/CALVIS/dataset/cmu\synthetic_images\200x200\female\subject_mesh_1923.png,calvis
F_subject_mesh_1924,F,95.1,79.2,101.2,C:/Users/admin/Downloads/CALVIS/CALVIS/dataset/cmu\synthetic_images\200x200\female\subject_mesh_1924.png,calvis
F_subject_mesh_1925,F,110.4,98.2,116.5,C:/Users/admin/Downloads/CALVIS/CALVIS/dataset/cmu\synthetic_images\200x200\female\subject_mesh_1925.png,calvis
F_subject_mesh_1926,F,87.1,73.9,102.0,C:/Users/admin/Downloads/CALVIS/CALVIS/dataset/cmu\synthetic_images\200x200\female\subject_mesh_1926.png,calvis
F_subject_mesh_1927,F,95.0,83.0,102.5,C:/Users/admin/Downloads/CALVIS/CALVIS/dataset/cmu\synthetic_images\200x200\female\subject_mesh_1927.png,calvis
F_subject_mesh_1928,F,100.1,88.3,111.0,C:/Users/admin/Downloads/CALVIS/CALVIS/dataset/cmu\synthetic_images\200x200\female\subject_mesh_1928.png,calvis
F_subject_mesh_1929,F,88.1,74.5,98.2,C:/Users/admin/Downloads/CALVIS/CALVIS/dataset/cmu\synthetic_images\200x200\female\subject_mesh_1929.png,calvis
F_subject_mesh_1930,F,87.4,72.8,94.3,C:/Users/admin/Downloads/CALVIS/CALVIS/dataset/cmu\synthetic_images\200x200\female\subject_mesh_1930.png,calvis
F_subject_mesh_1931,F,96.4,80.1,102.2,C:/Users/admin/Downloads/CALVIS/CALVIS/dataset/cmu\synthetic_images\200x200\female\subject_mesh_1931.png,calvis
F_subject_mesh_1932,F,96.5,84.1,106.9,C:/Users/admin/Downloads/CALVIS/CALVIS/dataset/cmu\synthetic_images\200x200\female\subject_mesh_1932.png,calvis
F_subject_mesh_1933,F,99.0,88.8,113.0,C:/Users/admin/Downloads/CALVIS/CALVIS/dataset/cmu\synthetic_images\200x200\female\subject_mesh_1933.png,calvis
F_subject_mesh_1934,F,89.6,74.6,97.2,C:/Users/admin/Downloads/CALVIS/CALVIS/dataset/cmu\synthetic_images\200x200\female\subject_mesh_1934.png,calvis
F_subject_mesh_1935,F,103.2,88.3,103.8,C:/Users/admin/Downloads/CALVIS/CALVIS/dataset/cmu\synthetic_images\200x200\female\subject_mesh_1935.png,calvis
F_subject_mesh_1936,F,101.1,88.4,114.0,C:/Users/admin/Downloads/CALVIS/CALVIS/dataset/cmu\synthetic_images\200x200\female\subject_mesh_1936.png,calvis
F_subject_mesh_1937,F,107.6,92.9,105.9,C:/Users/admin/Downloads/CALVIS/CALVIS/dataset/cmu\synthetic_images\200x200\female\subject_mesh_1937.png,calvis
F_subject_mesh_1938,F,96.4,81.5,105.9,C:/Users/admin/Downloads/CALVIS/CALVIS/dataset/cmu\synthetic_images\200x200\female\subject_mesh_1938.png,calvis
F_subject_mesh_1939,F,90.4,78.3,98.2,C:/Users/admin/Downloads/CALVIS/CALVIS/dataset/cmu\synthetic_images\200x200\female\subject_mesh_1939.png,calvis
F_subject_mesh_1940,F,90.4,78.3,100.9,C:/Users/admin/Downloads/CALVIS/CALVIS/dataset/cmu\synthetic_images\200x200\female\subject_mesh_1940.png,calvis
F_subject_mesh_1941,F,87.9,73.0,94.0,C:/Users/admin/Downloads/CALVIS/CALVIS/dataset/cmu\synthetic_images\200x200\female\subject_mesh_1941.png,calvis
F_subject_mesh_1942,F,93.7,80.0,100.4,C:/Users/admin/Downloads/CALVIS/CALVIS/dataset/cmu\synthetic_images\200x200\female\subject_mesh_1942.png,calvis
F_subject_mesh_1943,F,97.6,85.8,107.9,C:/Users/admin/Downloads/CALVIS/CALVIS/dataset/cmu\synthetic_images\200x200\female\subject_mesh_1943.png,calvis
F_subject_mesh_1944,F,98.5,84.1,107.1,C:/Users/admin/Downloads/CALVIS/CALVIS/dataset/cmu\synthetic_images\200x200\female\subject_mesh_1944.png,calvis
F_subject_mesh_1945,F,94.9,83.4,106.5,C:/Users/admin/Downloads/CALVIS/CALVIS/dataset/cmu\synthetic_images\200x200\female\subject_mesh_1945.png,calvis
F_subject_mesh_1946,F,93.4,79.6,102.5,C:/Users/admin/Downloads/CALVIS/CALVIS/dataset/cmu\synthetic_images\200x200\female\subject_mesh_1946.png,calvis
F_subject_mesh_1947,F,86.8,77.7,108.1,C:/Users/admin/Downloads/CALVIS/CALVIS/dataset/cmu\synthetic_images\200x200\female\subject_mesh_1947.png,calvis
F_subject_mesh_1948,F,117.3,103.3,113.8,C:/Users/admin/Downloads/CALVIS/CALVIS/dataset/cmu\synthetic_images\200x200\female\subject_mesh_1948.png,calvis
F_subject_mesh_1949,F,90.0,73.9,94.3,C:/Users/admin/Downloads/CALVIS/CALVIS/dataset/cmu\synthetic_images\200x200\female\subject_mesh_1949.png,calvis
F_subject_mesh_1950,F,96.7,84.4,107.0,C:/Users/admin/Downloads/CALVIS/CALVIS/dataset/cmu\synthetic_images\200x200\female\subject_mesh_1950.png,calvis
F_subject_mesh_1951,F,106.8,91.4,103.6,C:/Users/admin/Downloads/CALVIS/CALVIS/dataset/cmu\synthetic_images\200x200\female\subject_mesh_1951.png,calvis
F_subject_mesh_1952,F,125.6,110.5,125.4,C:/Users/admin/Downloads/CALVIS/CALVIS/dataset/cmu\synthetic_images\200x200\female\subject_mesh_1952.png,calvis
F_subject_mesh_1953,F,87.9,73.1,97.8,C:/Users/admin/Downloads/CALVIS/CALVIS/dataset/cmu\synthetic_images\200x200\female\subject_mesh_1953.png,calvis
F_subject_mesh_1954,F,110.1,96.1,111.2,C:/Users/admin/Downloads/CALVIS/CALVIS/dataset/cmu\synthetic_images\200x200\female\subject_mesh_1954.png,calvis
F_subject_mesh_1955,F,113.3,100.5,113.1,C:/Users/admin/Downloads/CALVIS/CALVIS/dataset/cmu\synthetic_images\200x200\female\subject_mesh_1955.png,calvis
F_subject_mesh_1956,F,93.8,79.4,101.3,C:/Users/admin/Downloads/CALVIS/CALVIS/dataset/cmu\synthetic_images\200x200\female\subject_mesh_1956.png,calvis
F_subject_mesh_1957,F,98.5,84.2,110.6,C:/Users/admin/Downloads/CALVIS/CALVIS/dataset/cmu\synthetic_images\200x200\female\subject_mesh_1957.png,calvis
F_subject_mesh_1958,F,100.6,86.7,105.4,C:/Users/admin/Downloads/CALVIS/CALVIS/dataset/cmu\synthetic_images\200x200\female\subject_mesh_1958.png,calvis
F_subject_mesh_1959,F,90.0,77.2,102.0,C:/Users/admin/Downloads/CALVIS/CALVIS/dataset/cmu\synthetic_images\200x200\female\subject_mesh_1959.png,calvis
F_subject_mesh_1960,F,127.7,118.3,130.7,C:/Users/admin/Downloads/CALVIS/CALVIS/dataset/cmu\synthetic_images\200x200\female\subject_mesh_1960.png,calvis
F_subject_mesh_1961,F,79.4,68.6,92.9,C:/Users/admin/Downloads/CALVIS/CALVIS/dataset/cmu\synthetic_images\200x200\female\subject_mesh_1961.png,calvis
F_subject_mesh_1962,F,87.7,73.2,100.2,C:/Users/admin/Downloads/CALVIS/CALVIS/dataset/cmu\synthetic_images\200x200\female\subject_mesh_1962.png,calvis
F_subject_mesh_1963,F,94.3,79.5,97.0,C:/Users/admin/Downloads/CALVIS/CALVIS/dataset/cmu\synthetic_images\200x200\female\subject_mesh_1963.png,calvis
F_subject_mesh_1964,F,112.1,92.9,103.9,C:/Users/admin/Downloads/CALVIS/CALVIS/dataset/cmu\synthetic_images\200x200\female\subject_mesh_1964.png,calvis
F_subject_mesh_1965,F,104.8,91.9,105.7,C:/Users/admin/Downloads/CALVIS/CALVIS/dataset/cmu\synthetic_images\200x200\female\subject_mesh_1965.png,calvis
F_subject_mesh_1966,F,96.4,83.3,101.5,C:/Users/admin/Downloads/CALVIS/CALVIS/dataset/cmu\synthetic_images\200x200\female\subject_mesh_1966.png,calvis
F_subject_mesh_1967,F,112.1,98.8,112.7,C:/Users/admin/Downloads/CALVIS/CALVIS/dataset/cmu\synthetic_images\200x200\female\subject_mesh_1967.png,calvis
F_subject_mesh_1968,F,95.9,79.7,92.4,C:/Users/admin/Downloads/CALVIS/CALVIS/dataset/cmu\synthetic_images\200x200\female\subject_mesh_1968.png,calvis
F_subject_mesh_1969,F,92.8,80.2,108.9,C:/Users/admin/Downloads/CALVIS/CALVIS/dataset/cmu\synthetic_images\200x200\female\subject_mesh_1969.png,calvis
F_subject_mesh_1970,F,99.9,87.1,106.9,C:/Users/admin/Downloads/CALVIS/CALVIS/dataset/cmu\synthetic_images\200x200\female\subject_mesh_1970.png,calvis
F_subject_mesh_1971,F,96.3,84.2,106.5,C:/Users/admin/Downloads/CALVIS/CALVIS/dataset/cmu\synthetic_images\200x200\female\subject_mesh_1971.png,calvis
F_subject_mesh_1972,F,94.8,82.1,105.6,C:/Users/admin/Downloads/CALVIS/CALVIS/dataset/cmu\synthetic_images\200x200\female\subject_mesh_1972.png,calvis
F_subject_mesh_1973,F,97.6,82.3,105.4,C:/Users/admin/Downloads/CALVIS/CALVIS/dataset/cmu\synthetic_images\200x200\female\subject_mesh_1973.png,calvis
F_subject_mesh_1974,F,109.7,95.7,114.6,C:/Users/admin/Downloads/CALVIS/CALVIS/dataset/cmu\synthetic_images\200x200\female\subject_mesh_1974.png,calvis
F_subject_mesh_1975,F,102.7,92.1,108.3,C:/Users/admin/Downloads/CALVIS/CALVIS/dataset/cmu\synthetic_images\200x200\female\subject_mesh_1975.png,calvis
F_subject_mesh_1976,F,87.9,71.6,94.7,C:/Users/admin/Downloads/CALVIS/CALVIS/dataset/cmu\synthetic_images\200x200\female\subject_mesh_1976.png,calvis
F_subject_mesh_1977,F,95.3,79.1,100.6,C:/Users/admin/Downloads/CALVIS/CALVIS/dataset/cmu\synthetic_images\200x200\female\subject_mesh_1977.png,calvis
F_subject_mesh_1978,F,96.7,83.8,108.0,C:/Users/admin/Downloads/CALVIS/CALVIS/dataset/cmu\synthetic_images\200x200\female\subject_mesh_1978.png,calvis
F_subject_mesh_1979,F,87.6,74.8,95.9,C:/Users/admin/Downloads/CALVIS/CALVIS/dataset/cmu\synthetic_images\200x200\female\subject_mesh_1979.png,calvis
F_subject_mesh_1980,F,97.4,86.4,110.6,C:/Users/admin/Downloads/CALVIS/CALVIS/dataset/cmu\synthetic_images\200x200\female\subject_mesh_1980.png,calvis
F_subject_mesh_1981,F,93.3,79.3,101.8,C:/Users/admin/Downloads/CALVIS/CALVIS/dataset/cmu\synthetic_images\200x200\female\subject_mesh_1981.png,calvis
F_subject_mesh_1982,F,92.5,81.7,100.9,C:/Users/admin/Downloads/CALVIS/CALVIS/dataset/cmu\synthetic_images\200x200\female\subject_mesh_1982.png,calvis
F_subject_mesh_1983,F,89.6,75.1,95.0,C:/Users/admin/Downloads/CALVIS/CALVIS/dataset/cmu\synthetic_images\200x200\female\subject_mesh_1983.png,calvis
F_subject_mesh_1984,F,104.2,94.0,114.0,C:/Users/admin/Downloads/CALVIS/CALVIS/dataset/cmu\synthetic_images\200x200\female\subject_mesh_1984.png,calvis
F_subject_mesh_1985,F,101.1,93.5,123.6,C:/Users/admin/Downloads/CALVIS/CALVIS/dataset/cmu\synthetic_images\200x200\female\subject_mesh_1985.png,calvis
F_subject_mesh_1986,F,118.9,103.3,119.2,C:/Users/admin/Downloads/CALVIS/CALVIS/dataset/cmu\synthetic_images\200x200\female\subject_mesh_1986.png,calvis
F_subject_mesh_1987,F,111.8,98.1,114.9,C:/Users/admin/Downloads/CALVIS/CALVIS/dataset/cmu\synthetic_images\200x200\female\subject_mesh_1987.png,calvis
F_subject_mesh_1988,F,93.9,77.5,99.4,C:/Users/admin/Downloads/CALVIS/CALVIS/dataset/cmu\synthetic_images\200x200\female\subject_mesh_1988.png,calvis
F_subject_mesh_1989,F,105.5,89.8,105.6,C:/Users/admin/Downloads/CALVIS/CALVIS/dataset/cmu\synthetic_images\200x200\female\subject_mesh_1989.png,calvis
F_subject_mesh_1990,F,92.3,79.9,101.4,C:/Users/admin/Downloads/CALVIS/CALVIS/dataset/cmu\synthetic_images\200x200\female\subject_mesh_1990.png,calvis
F_subject_mesh_1991,F,92.8,80.6,103.1,C:/Users/admin/Downloads/CALVIS/CALVIS/dataset/cmu\synthetic_images\200x200\female\subject_mesh_1991.png,calvis
F_subject_mesh_1992,F,106.2,90.2,103.4,C:/Users/admin/Downloads/CALVIS/CALVIS/dataset/cmu\synthetic_images\200x200\female\subject_mesh_1992.png,calvis
F_subject_mesh_1993,F,88.6,74.0,97.9,C:/Users/admin/Downloads/CALVIS/CALVIS/dataset/cmu\synthetic_images\200x200\female\subject_mesh_1993.png,calvis
F_subject_mesh_1994,F,109.6,96.3,112.5,C:/Users/admin/Downloads/CALVIS/CALVIS/dataset/cmu\synthetic_images\200x200\female\subject_mesh_1994.png,calvis
F_subject_mesh_1995,F,90.5,77.9,104.8,C:/Users/admin/Downloads/CALVIS/CALVIS/dataset/cmu\synthetic_images\200x200\female\subject_mesh_1995.png,calvis
F_subject_mesh_1996,F,94.7,78.1,95.7,C:/Users/admin/Downloads/CALVIS/CALVIS/dataset/cmu\synthetic_images\200x200\female\subject_mesh_1996.png,calvis
F_subject_mesh_1997,F,93.4,78.5,101.0,C:/Users/admin/Downloads/CALVIS/CALVIS/dataset/cmu\synthetic_images\200x200\female\subject_mesh_1997.png,calvis
F_subject_mesh_1998,F,111.1,98.4,112.2,C:/Users/admin/Downloads/CALVIS/CALVIS/dataset/cmu\synthetic_images\200x200\female\subject_mesh_1998.png,calvis
F_subject_mesh_1999,F,100.9,86.1,102.0,C:/Users/admin/Downloads/CALVIS/CALVIS/dataset/cmu\synthetic_images\200x200\female\subject_mesh_1999.png,calvis
F_subject_mesh_2000,F,101.8,87.8,102.7,C:/Users/admin/Downloads/CALVIS/CALVIS/dataset/cmu\synthetic_images\200x200\female\subject_mesh_2000.png,calvis
F_subject_mesh_2001,F,87.6,74.1,95.0,C:/Users/admin/Downloads/CALVIS/CALVIS/dataset/cmu\synthetic_images\200x200\female\subject_mesh_2001.png,calvis
F_subject_mesh_2002,F,95.5,80.6,95.5,C:/Users/admin/Downloads/CALVIS/CALVIS/dataset/cmu\synthetic_images\200x200\female\subject_mesh_2002.png,calvis
F_subject_mesh_2003,F,92.2,78.1,104.3,C:/Users/admin/Downloads/CALVIS/CALVIS/dataset/cmu\synthetic_images\200x200\female\subject_mesh_2003.png,calvis
F_subject_mesh_2004,F,91.7,78.6,99.6,C:/Users/admin/Downloads/CALVIS/CALVIS/dataset/cmu\synthetic_images\200x200\female\subject_mesh_2004.png,calvis
F_subject_mesh_2005,F,87.5,73.2,101.8,C:/Users/admin/Downloads/CALVIS/CALVIS/dataset/cmu\synthetic_images\200x200\female\subject_mesh_2005.png,calvis
F_subject_mesh_2006,F,139.8,124.1,135.2,C:/Users/admin/Downloads/CALVIS/CALVIS/dataset/cmu\synthetic_images\200x200\female\subject_mesh_2006.png,calvis
F_subject_mesh_2007,F,85.2,70.4,89.4,C:/Users/admin/Downloads/CALVIS/CALVIS/dataset/cmu\synthetic_images\200x200\female\subject_mesh_2007.png,calvis
F_subject_mesh_2008,F,91.0,76.6,98.1,C:/Users/admin/Downloads/CALVIS/CALVIS/dataset/cmu\synthetic_images\200x200\female\subject_mesh_2008.png,calvis
F_subject_mesh_2009,F,116.1,103.7,118.1,C:/Users/admin/Downloads/CALVIS/CALVIS/dataset/cmu\synthetic_images\200x200\female\subject_mesh_2009.png,calvis
F_subject_mesh_2010,F,102.0,84.5,105.9,C:/Users/admin/Downloads/CALVIS/CALVIS/dataset/cmu\synthetic_images\200x200\female\subject_mesh_2010.png,calvis
F_subject_mesh_2011,F,96.4,85.3,120.8,C:/Users/admin/Downloads/CALVIS/CALVIS/dataset/cmu\synthetic_images\200x200\female\subject_mesh_2011.png,calvis
F_subject_mesh_2012,F,123.8,112.0,130.2,C:/Users/admin/Downloads/CALVIS/CALVIS/dataset/cmu\synthetic_images\200x200\female\subject_mesh_2012.png,calvis
F_subject_mesh_2013,F,115.1,101.3,118.1,C:/Users/admin/Downloads/CALVIS/CALVIS/dataset/cmu\synthetic_images\200x200\female\subject_mesh_2013.png,calvis
F_subject_mesh_2014,F,82.6,65.8,87.2,C:/Users/admin/Downloads/CALVIS/CALVIS/dataset/cmu\synthetic_images\200x200\female\subject_mesh_2014.png,calvis
F_subject_mesh_2015,F,115.2,102.4,120.7,C:/Users/admin/Downloads/CALVIS/CALVIS/dataset/cmu\synthetic_images\200x200\female\subject_mesh_2015.png,calvis
F_subject_mesh_2016,F,99.5,86.6,107.5,C:/Users/admin/Downloads/CALVIS/CALVIS/dataset/cmu\synthetic_images\200x200\female\subject_mesh_2016.png,calvis
F_subject_mesh_2017,F,112.0,100.0,119.4,C:/Users/admin/Downloads/CALVIS/CALVIS/dataset/cmu\synthetic_images\200x200\female\subject_mesh_2017.png,calvis
F_subject_mesh_2018,F,96.7,83.8,103.1,C:/Users/admin/Downloads/CALVIS/CALVIS/dataset/cmu\synthetic_images\200x200\female\subject_mesh_2018.png,calvis
F_subject_mesh_2019,F,97.3,81.3,98.9,C:/Users/admin/Downloads/CALVIS/CALVIS/dataset/cmu\synthetic_images\200x200\female\subject_mesh_2019.png,calvis
F_subject_mesh_2020,F,86.9,70.9,87.3,C:/Users/admin/Downloads/CALVIS/CALVIS/dataset/cmu\synthetic_images\200x200\female\subject_mesh_2020.png,calvis
F_subject_mesh_2021,F,115.1,100.6,112.0,C:/Users/admin/Downloads/CALVIS/CALVIS/dataset/cmu\synthetic_images\200x200\female\subject_mesh_2021.png,calvis
F_subject_mesh_2022,F,101.4,88.2,107.7,C:/Users/admin/Downloads/CALVIS/CALVIS/dataset/cmu\synthetic_images\200x200\female\subject_mesh_2022.png,calvis
F_subject_mesh_2023,F,98.2,86.7,110.7,C:/Users/admin/Downloads/CALVIS/CALVIS/dataset/cmu\synthetic_images\200x200\female\subject_mesh_2023.png,calvis
F_subject_mesh_2024,F,99.4,86.1,111.6,C:/Users/admin/Downloads/CALVIS/CALVIS/dataset/cmu\synthetic_images\200x200\female\subject_mesh_2024.png,calvis
F_subject_mesh_2025,F,122.2,104.1,113.1,C:/Users/admin/Downloads/CALVIS/CALVIS/dataset/cmu\synthetic_images\200x200\female\subject_mesh_2025.png,calvis
F_subject_mesh_2026,F,97.5,84.0,102.3,C:/Users/admin/Downloads/CALVIS/CALVIS/dataset/cmu\synthetic_images\200x200\female\subject_mesh_2026.png,calvis
F_subject_mesh_2027,F,92.7,82.3,113.3,C:/Users/admin/Downloads/CALVIS/CALVIS/dataset/cmu\synthetic_images\200x200\female\subject_mesh_2027.png,calvis
F_subject_mesh_2028,F,92.9,79.5,97.8,C:/Users/admin/Downloads/CALVIS/CALVIS/dataset/cmu\synthetic_images\200x200\female\subject_mesh_2028.png,calvis
F_subject_mesh_2029,F,106.3,95.6,111.9,C:/Users/admin/Downloads/CALVIS/CALVIS/dataset/cmu\synthetic_images\200x200\female\subject_mesh_2029.png,calvis
F_subject_mesh_2030,F,92.1,78.3,96.4,C:/Users/admin/Downloads/CALVIS/CALVIS/dataset/cmu\synthetic_images\200x200\female\subject_mesh_2030.png,calvis
F_subject_mesh_2031,F,99.7,84.5,101.0,C:/Users/admin/Downloads/CALVIS/CALVIS/dataset/cmu\synthetic_images\200x200\female\subject_mesh_2031.png,calvis
F_subject_mesh_2032,F,100.2,85.4,101.5,C:/Users/admin/Downloads/CALVIS/CALVIS/dataset/cmu\synthetic_images\200x200\female\subject_mesh_2032.png,calvis
F_subject_mesh_2033,F,94.9,80.4,101.7,C:/Users/admin/Downloads/CALVIS/CALVIS/dataset/cmu\synthetic_images\200x200\female\subject_mesh_2033.png,calvis
F_subject_mesh_2034,F,105.3,90.7,105.7,C:/Users/admin/Downloads/CALVIS/CALVIS/dataset/cmu\synthetic_images\200x200\female\subject_mesh_2034.png,calvis
F_subject_mesh_2035,F,88.9,77.8,98.2,C:/Users/admin/Downloads/CALVIS/CALVIS/dataset/cmu\synthetic_images\200x200\female\subject_mesh_2035.png,calvis
F_subject_mesh_2036,F,95.5,82.0,102.5,C:/Users/admin/Downloads/CALVIS/CALVIS/dataset/cmu\synthetic_images\200x200\female\subject_mesh_2036.png,calvis
F_subject_mesh_2037,F,94.3,80.5,105.7,C:/Users/admin/Downloads/CALVIS/CALVIS/dataset/cmu\synthetic_images\200x200\female\subject_mesh_2037.png,calvis
F_subject_mesh_2038,F,96.6,82.9,106.4,C:/Users/admin/Downloads/CALVIS/CALVIS/dataset/cmu\synthetic_images\200x200\female\subject_mesh_2038.png,calvis
F_subject_mesh_2039,F,94.0,79.0,99.5,C:/Users/admin/Downloads/CALVIS/CALVIS/dataset/cmu\synthetic_images\200x200\female\subject_mesh_2039.png,calvis
F_subject_mesh_2040,F,101.7,88.5,108.5,C:/Users/admin/Downloads/CALVIS/CALVIS/dataset/cmu\synthetic_images\200x200\female\subject_mesh_2040.png,calvis
F_subject_mesh_2041,F,97.4,84.3,105.1,C:/Users/admin/Downloads/CALVIS/CALVIS/dataset/cmu\synthetic_images\200x200\female\subject_mesh_2041.png,calvis
F_subject_mesh_2042,F,85.8,71.6,96.2,C:/Users/admin/Downloads/CALVIS/CALVIS/dataset/cmu\synthetic_images\200x200\female\subject_mesh_2042.png,calvis
F_subject_mesh_2043,F,104.8,92.6,113.5,C:/Users/admin/Downloads/CALVIS/CALVIS/dataset/cmu\synthetic_images\200x200\female\subject_mesh_2043.png,calvis
F_subject_mesh_2044,F,94.3,79.2,98.2,C:/Users/admin/Downloads/CALVIS/CALVIS/dataset/cmu\synthetic_images\200x200\female\subject_mesh_2044.png,calvis
F_subject_mesh_2045,F,98.8,87.6,106.5,C:/Users/admin/Downloads/CALVIS/CALVIS/dataset/cmu\synthetic_images\200x200\female\subject_mesh_2045.png,calvis
F_subject_mesh_2046,F,90.7,76.6,99.4,C:/Users/admin/Downloads/CALVIS/CALVIS/dataset/cmu\synthetic_images\200x200\female\subject_mesh_2046.png,calvis
F_subject_mesh_2047,F,97.8,88.7,118.4,C:/Users/admin/Downloads/CALVIS/CALVIS/dataset/cmu\synthetic_images\200x200\female\subject_mesh_2047.png,calvis
F_subject_mesh_2048,F,108.1,89.6,99.0,C:/Users/admin/Downloads/CALVIS/CALVIS/dataset/cmu\synthetic_images\200x200\female\subject_mesh_2048.png,calvis
F_subject_mesh_2049,F,91.5,77.2,95.7,C:/Users/admin/Downloads/CALVIS/CALVIS/dataset/cmu\synthetic_images\200x200\female\subject_mesh_2049.png,calvis
F_subject_mesh_2050,F,100.6,84.8,102.1,C:/Users/admin/Downloads/CALVIS/CALVIS/dataset/cmu\synthetic_images\200x200\female\subject_mesh_2050.png,calvis
F_subject_mesh_2051,F,116.9,103.5,116.6,C:/Users/admin/Downloads/CALVIS/CALVIS/dataset/cmu\synthetic_images\200x200\female\subject_mesh_2051.png,calvis
F_subject_mesh_2052,F,88.3,75.4,98.9,C:/Users/admin/Downloads/CALVIS/CALVIS/dataset/cmu\synthetic_images\200x200\female\subject_mesh_2052.png,calvis
F_subject_mesh_2053,F,93.0,77.4,98.0,C:/Users/admin/Downloads/CALVIS/CALVIS/dataset/cmu\synthetic_images\200x200\female\subject_mesh_2053.png,calvis
F_subject_mesh_2054,F,91.8,76.7,97.2,C:/Users/admin/Downloads/CALVIS/CALVIS/dataset/cmu\synthetic_images\200x200\female\subject_mesh_2054.png,calvis
F_subject_mesh_2055,F,88.0,72.6,94.5,C:/Users/admin/Downloads/CALVIS/CALVIS/dataset/cmu\synthetic_images\200x200\female\subject_mesh_2055.png,calvis
F_subject_mesh_2056,F,103.7,91.4,105.2,C:/Users/admin/Downloads/CALVIS/CALVIS/dataset/cmu\synthetic_images\200x200\female\subject_mesh_2056.png,calvis
F_subject_mesh_2057,F,98.3,83.9,112.0,C:/Users/admin/Downloads/CALVIS/CALVIS/dataset/cmu\synthetic_images\200x200\female\subject_mesh_2057.png,calvis
F_subject_mesh_2058,F,119.2,108.7,133.0,C:/Users/admin/Downloads/CALVIS/CALVIS/dataset/cmu\synthetic_images\200x200\female\subject_mesh_2058.png,calvis
F_subject_mesh_2059,F,106.8,91.0,106.4,C:/Users/admin/Downloads/CALVIS/CALVIS/dataset/cmu\synthetic_images\200x200\female\subject_mesh_2059.png,calvis
F_subject_mesh_2060,F,99.7,88.0,102.0,C:/Users/admin/Downloads/CALVIS/CALVIS/dataset/cmu\synthetic_images\200x200\female\subject_mesh_2060.png,calvis
F_subject_mesh_2061,F,98.3,83.8,100.4,C:/Users/admin/Downloads/CALVIS/CALVIS/dataset/cmu\synthetic_images\200x200\female\subject_mesh_2061.png,calvis
F_subject_mesh_2062,F,115.7,101.1,116.9,C:/Users/admin/Downloads/CALVIS/CALVIS/dataset/cmu\synthetic_images\200x200\female\subject_mesh_2062.png,calvis
F_subject_mesh_2063,F,100.7,88.9,112.2,C:/Users/admin/Downloads/CALVIS/CALVIS/dataset/cmu\synthetic_images\200x200\female\subject_mesh_2063.png,calvis
F_subject_mesh_2064,F,96.7,82.1,100.9,C:/Users/admin/Downloads/CALVIS/CALVIS/dataset/cmu\synthetic_images\200x200\female\subject_mesh_2064.png,calvis
F_subject_mesh_2065,F,130.6,121.1,136.0,C:/Users/admin/Downloads/CALVIS/CALVIS/dataset/cmu\synthetic_images\200x200\female\subject_mesh_2065.png,calvis
F_subject_mesh_2066,F,102.4,88.9,106.9,C:/Users/admin/Downloads/CALVIS/CALVIS/dataset/cmu\synthetic_images\200x200\female\subject_mesh_2066.png,calvis
F_subject_mesh_2067,F,90.6,75.2,100.6,C:/Users/admin/Downloads/CALVIS/CALVIS/dataset/cmu\synthetic_images\200x200\female\subject_mesh_2067.png,calvis
F_subject_mesh_2068,F,81.8,68.4,92.8,C:/Users/admin/Downloads/CALVIS/CALVIS/dataset/cmu\synthetic_images\200x200\female\subject_mesh_2068.png,calvis
F_subject_mesh_2069,F,93.5,79.5,100.6,C:/Users/admin/Downloads/CALVIS/CALVIS/dataset/cmu\synthetic_images\200x200\female\subject_mesh_2069.png,calvis
F_subject_mesh_2070,F,102.6,90.2,110.7,C:/Users/admin/Downloads/CALVIS/CALVIS/dataset/cmu\synthetic_images\200x200\female\subject_mesh_2070.png,calvis
F_subject_mesh_2071,F,111.3,97.4,113.1,C:/Users/admin/Downloads/CALVIS/CALVIS/dataset/cmu\synthetic_images\200x200\female\subject_mesh_2071.png,calvis
F_subject_mesh_2072,F,89.4,73.8,96.8,C:/Users/admin/Downloads/CALVIS/CALVIS/dataset/cmu\synthetic_images\200x200\female\subject_mesh_2072.png,calvis
F_subject_mesh_2073,F,92.6,77.7,98.5,C:/Users/admin/Downloads/CALVIS/CALVIS/dataset/cmu\synthetic_images\200x200\female\subject_mesh_2073.png,calvis
F_subject_mesh_2074,F,93.9,81.7,108.0,C:/Users/admin/Downloads/CALVIS/CALVIS/dataset/cmu\synthetic_images\200x200\female\subject_mesh_2074.png,calvis
F_subject_mesh_2075,F,92.0,76.6,98.8,C:/Users/admin/Downloads/CALVIS/CALVIS/dataset/cmu\synthetic_images\200x200\female\subject_mesh_2075.png,calvis
F_subject_mesh_2076,F,107.8,96.7,116.7,C:/Users/admin/Downloads/CALVIS/CALVIS/dataset/cmu\synthetic_images\200x200\female\subject_mesh_2076.png,calvis
F_subject_mesh_2077,F,91.3,75.9,93.8,C:/Users/admin/Downloads/CALVIS/CALVIS/dataset/cmu\synthetic_images\200x200\female\subject_mesh_2077.png,calvis
F_subject_mesh_2078,F,86.8,75.0,101.3,C:/Users/admin/Downloads/CALVIS/CALVIS/dataset/cmu\synthetic_images\200x200\female\subject_mesh_2078.png,calvis
F_subject_mesh_2079,F,90.3,77.5,99.2,C:/Users/admin/Downloads/CALVIS/CALVIS/dataset/cmu\synthetic_images\200x200\female\subject_mesh_2079.png,calvis
F_subject_mesh_2080,F,111.7,97.6,111.5,C:/Users/admin/Downloads/CALVIS/CALVIS/dataset/cmu\synthetic_images\200x200\female\subject_mesh_2080.png,calvis
F_subject_mesh_2081,F,86.3,73.3,99.6,C:/Users/admin/Downloads/CALVIS/CALVIS/dataset/cmu\synthetic_images\200x200\female\subject_mesh_2081.png,calvis
F_subject_mesh_2082,F,110.1,94.5,111.8,C:/Users/admin/Downloads/CALVIS/CALVIS/dataset/cmu\synthetic_images\200x200\female\subject_mesh_2082.png,calvis
F_subject_mesh_2083,F,123.2,110.6,123.9,C:/Users/admin/Downloads/CALVIS/CALVIS/dataset/cmu\synthetic_images\200x200\female\subject_mesh_2083.png,calvis
F_subject_mesh_2084,F,84.0,68.3,92.5,C:/Users/admin/Downloads/CALVIS/CALVIS/dataset/cmu\synthetic_images\200x200\female\subject_mesh_2084.png,calvis
F_subject_mesh_2085,F,96.9,85.3,102.6,C:/Users/admin/Downloads/CALVIS/CALVIS/dataset/cmu\synthetic_images\200x200\female\subject_mesh_2085.png,calvis
F_subject_mesh_2086,F,97.2,86.4,108.1,C:/Users/admin/Downloads/CALVIS/CALVIS/dataset/cmu\synthetic_images\200x200\female\subject_mesh_2086.png,calvis
F_subject_mesh_2087,F,87.3,72.0,94.6,C:/Users/admin/Downloads/CALVIS/CALVIS/dataset/cmu\synthetic_images\200x200\female\subject_mesh_2087.png,calvis
F_subject_mesh_2088,F,133.6,115.2,130.9,C:/Users/admin/Downloads/CALVIS/CALVIS/dataset/cmu\synthetic_images\200x200\female\subject_mesh_2088.png,calvis
F_subject_mesh_2089,F,91.2,75.8,98.8,C:/Users/admin/Downloads/CALVIS/CALVIS/dataset/cmu\synthetic_images\200x200\female\subject_mesh_2089.png,calvis
F_subject_mesh_2090,F,94.9,81.9,105.5,C:/Users/admin/Downloads/CALVIS/CALVIS/dataset/cmu\synthetic_images\200x200\female\subject_mesh_2090.png,calvis
F_subject_mesh_2091,F,88.2,71.5,94.5,C:/Users/admin/Downloads/CALVIS/CALVIS/dataset/cmu\synthetic_images\200x200\female\subject_mesh_2091.png,calvis
F_subject_mesh_2092,F,97.8,84.2,110.7,C:/Users/admin/Downloads/CALVIS/CALVIS/dataset/cmu\synthetic_images\200x200\female\subject_mesh_2092.png,calvis
F_subject_mesh_2093,F,116.7,101.6,114.2,C:/Users/admin/Downloads/CALVIS/CALVIS/dataset/cmu\synthetic_images\200x200\female\subject_mesh_2093.png,calvis
F_subject_mesh_2094,F,108.7,94.2,109.0,C:/Users/admin/Downloads/CALVIS/CALVIS/dataset/cmu\synthetic_images\200x200\female\subject_mesh_2094.png,calvis
F_subject_mesh_2095,F,102.4,89.9,109.4,C:/Users/admin/Downloads/CALVIS/CALVIS/dataset/cmu\synthetic_images\200x200\female\subject_mesh_2095.png,calvis
F_subject_mesh_2096,F,102.3,89.1,106.7,C:/Users/admin/Downloads/CALVIS/CALVIS/dataset/cmu\synthetic_images\200x200\female\subject_mesh_2096.png,calvis
F_subject_mesh_2097,F,93.7,78.7,102.0,C:/Users/admin/Downloads/CALVIS/CALVIS/dataset/cmu\synthetic_images\200x200\female\subject_mesh_2097.png,calvis
F_subject_mesh_2098,F,113.4,104.1,130.9,C:/Users/admin/Downloads/CALVIS/CALVIS/dataset/cmu\synthetic_images\200x200\female\subject_mesh_2098.png,calvis
F_subject_mesh_2099,F,93.7,80.1,101.5,C:/Users/admin/Downloads/CALVIS/CALVIS/dataset/cmu\synthetic_images\200x200\female\subject_mesh_2099.png,calvis
F_subject_mesh_2100,F,94.0,83.0,111.3,C:/Users/admin/Downloads/CALVIS/CALVIS/dataset/cmu\synthetic_images\200x200\female\subject_mesh_2100.png,calvis
F_subject_mesh_2101,F,90.3,74.9,98.7,C:/Users/admin/Downloads/CALVIS/CALVIS/dataset/cmu\synthetic_images\200x200\female\subject_mesh_2101.png,calvis
F_subject_mesh_2102,F,86.9,72.3,92.2,C:/Users/admin/Downloads/CALVIS/CALVIS/dataset/cmu\synthetic_images\200x200\female\subject_mesh_2102.png,calvis
F_subject_mesh_2103,F,99.0,86.9,107.0,C:/Users/admin/Downloads/CALVIS/CALVIS/dataset/cmu\synthetic_images\200x200\female\subject_mesh_2103.png,calvis
M_subject_mesh_0001,M,109.4,96.5,102.6,C:/Users/admin/Downloads/CALVIS/CALVIS/dataset/cmu\synthetic_images\200x200\male\subject_mesh_0001.png,calvis
M_subject_mesh_0002,M,109.1,100.5,110.0,C:/Users/admin/Downloads/CALVIS/CALVIS/dataset/cmu\synthetic_images\200x200\male\subject_mesh_0002.png,calvis
M_subject_mesh_0003,M,102.9,89.0,98.1,C:/Users/admin/Downloads/CALVIS/CALVIS/dataset/cmu\synthetic_images\200x200\male\subject_mesh_0003.png,calvis
M_subject_mesh_0004,M,107.5,93.3,103.9,C:/Users/admin/Downloads/CALVIS/CALVIS/dataset/cmu\synthetic_images\200x200\male\subject_mesh_0004.png,calvis
M_subject_mesh_0005,M,104.5,94.0,93.9,C:/Users/admin/Downloads/CALVIS/CALVIS/dataset/cmu\synthetic_images\200x200\male\subject_mesh_0005.png,calvis
M_subject_mesh_0006,M,112.8,100.4,106.6,C:/Users/admin/Downloads/CALVIS/CALVIS/dataset/cmu\synthetic_images\200x200\male\subject_mesh_0006.png,calvis
M_subject_mesh_0007,M,119.7,117.2,119.0,C:/Users/admin/Downloads/CALVIS/CALVIS/dataset/cmu\synthetic_images\200x200\male\subject_mesh_0007.png,calvis
M_subject_mesh_0008,M,104.1,87.7,101.5,C:/Users/admin/Downloads/CALVIS/CALVIS/dataset/cmu\synthetic_images\200x200\male\subject_mesh_0008.png,calvis
M_subject_mesh_0009,M,111.8,102.5,102.8,C:/Users/admin/Downloads/CALVIS/CALVIS/dataset/cmu\synthetic_images\200x200\male\subject_mesh_0009.png,calvis
M_subject_mesh_0010,M,107.4,90.8,106.0,C:/Users/admin/Downloads/CALVIS/CALVIS/dataset/cmu\synthetic_images\200x200\male\subject_mesh_0010.png,calvis
M_subject_mesh_0011,M,111.5,99.9,111.0,C:/Users/admin/Downloads/CALVIS/CALVIS/dataset/cmu\synthetic_images\200x200\male\subject_mesh_0011.png,calvis
M_subject_mesh_0012,M,91.3,77.7,93.1,C:/Users/admin/Downloads/CALVIS/CALVIS/dataset/cmu\synthetic_images\200x200\male\subject_mesh_0012.png,calvis
M_subject_mesh_0013,M,96.7,84.6,96.9,C:/Users/admin/Downloads/CALVIS/CALVIS/dataset/cmu\synthetic_images\200x200\male\subject_mesh_0013.png,calvis
M_subject_mesh_0014,M,116.6,112.4,116.5,C:/Users/admin/Downloads/CALVIS/CALVIS/dataset/cmu\synthetic_images\200x200\male\subject_mesh_0014.png,calvis
M_subject_mesh_0015,M,114.4,104.1,105.8,C:/Users/admin/Downloads/CALVIS/CALVIS/dataset/cmu\synthetic_images\200x200\male\subject_mesh_0015.png,calvis
M_subject_mesh_0016,M,116.6,101.5,111.2,C:/Users/admin/Downloads/CALVIS/CALVIS/dataset/cmu\synthetic_images\200x200\male\subject_mesh_0016.png,calvis
M_subject_mesh_0017,M,108.0,94.4,103.8,C:/Users/admin/Downloads/CALVIS/CALVIS/dataset/cmu\synthetic_images\200x200\male\subject_mesh_0017.png,calvis
M_subject_mesh_0018,M,108.3,100.8,105.8,C:/Users/admin/Downloads/CALVIS/CALVIS/dataset/cmu\synthetic_images\200x200\male\subject_mesh_0018.png,calvis
M_subject_mesh_0019,M,99.0,85.9,101.2,C:/Users/admin/Downloads/CALVIS/CALVIS/dataset/cmu\synthetic_images\200x200\male\subject_mesh_0019.png,calvis
M_subject_mesh_0020,M,101.0,90.7,98.7,C:/Users/admin/Downloads/CALVIS/CALVIS/dataset/cmu\synthetic_images\200x200\male\subject_mesh_0020.png,calvis
M_subject_mesh_0021,M,123.5,111.7,111.6,C:/Users/admin/Downloads/CALVIS/CALVIS/dataset/cmu\synthetic_images\200x200\male\subject_mesh_0021.png,calvis
M_subject_mesh_0022,M,109.9,93.0,109.7,C:/Users/admin/Downloads/CALVIS/CALVIS/dataset/cmu\synthetic_images\200x200\male\subject_mesh_0022.png,calvis
M_subject_mesh_0023,M,115.2,106.5,110.0,C:/Users/admin/Downloads/CALVIS/CALVIS/dataset/cmu\synthetic_images\200x200\male\subject_mesh_0023.png,calvis
M_subject_mesh_0024,M,105.4,97.7,107.8,C:/Users/admin/Downloads/CALVIS/CALVIS/dataset/cmu\synthetic_images\200x200\male\subject_mesh_0024.png,calvis
M_subject_mesh_0025,M,106.2,100.4,104.8,C:/Users/admin/Downloads/CALVIS/CALVIS/dataset/cmu\synthetic_images\200x200\male\subject_mesh_0025.png,calvis
M_subject_mesh_0026,M,117.9,114.2,115.3,C:/Users/admin/Downloads/CALVIS/CALVIS/dataset/cmu\synthetic_images\200x200\male\subject_mesh_0026.png,calvis
M_subject_mesh_0027,M,98.2,83.3,95.2,C:/Users/admin/Downloads/CALVIS/CALVIS/dataset/cmu\synthetic_images\200x200\male\subject_mesh_0027.png,calvis
M_subject_mesh_0028,M,97.8,85.2,103.8,C:/Users/admin/Downloads/CALVIS/CALVIS/dataset/cmu\synthetic_images\200x200\male\subject_mesh_0028.png,calvis
M_subject_mesh_0029,M,104.1,94.0,99.4,C:/Users/admin/Downloads/CALVIS/CALVIS/dataset/cmu\synthetic_images\200x200\male\subject_mesh_0029.png,calvis
M_subject_mesh_0030,M,105.2,90.0,98.9,C:/Users/admin/Downloads/CALVIS/CALVIS/dataset/cmu\synthetic_images\200x200\male\subject_mesh_0030.png,calvis
M_subject_mesh_0031,M,104.2,91.8,100.6,C:/Users/admin/Downloads/CALVIS/CALVIS/dataset/cmu\synthetic_images\200x200\male\subject_mesh_0031.png,calvis
M_subject_mesh_0032,M,98.6,82.2,97.6,C:/Users/admin/Downloads/CALVIS/CALVIS/dataset/cmu\synthetic_images\200x200\male\subject_mesh_0032.png,calvis
M_subject_mesh_0033,M,105.9,94.2,100.2,C:/Users/admin/Downloads/CALVIS/CALVIS/dataset/cmu\synthetic_images\200x200\male\subject_mesh_0033.png,calvis
M_subject_mesh_0034,M,101.9,92.6,105.0,C:/Users/admin/Downloads/CALVIS/CALVIS/dataset/cmu\synthetic_images\200x200\male\subject_mesh_0034.png,calvis
M_subject_mesh_0035,M,109.9,100.1,102.8,C:/Users/admin/Downloads/CALVIS/CALVIS/dataset/cmu\synthetic_images\200x200\male\subject_mesh_0035.png,calvis
M_subject_mesh_0036,M,113.2,109.9,112.9,C:/Users/admin/Downloads/CALVIS/CALVIS/dataset/cmu\synthetic_images\200x200\male\subject_mesh_0036.png,calvis
M_subject_mesh_0037,M,99.6,88.5,100.4,C:/Users/admin/Downloads/CALVIS/CALVIS/dataset/cmu\synthetic_images\200x200\male\subject_mesh_0037.png,calvis
M_subject_mesh_0038,M,104.5,87.8,103.4,C:/Users/admin/Downloads/CALVIS/CALVIS/dataset/cmu\synthetic_images\200x200\male\subject_mesh_0038.png,calvis
M_subject_mesh_0039,M,100.2,85.4,100.3,C:/Users/admin/Downloads/CALVIS/CALVIS/dataset/cmu\synthetic_images\200x200\male\subject_mesh_0039.png,calvis
M_subject_mesh_0040,M,104.4,91.6,99.6,C:/Users/admin/Downloads/CALVIS/CALVIS/dataset/cmu\synthetic_images\200x200\male\subject_mesh_0040.png,calvis
M_subject_mesh_0041,M,100.3,83.7,100.3,C:/Users/admin/Downloads/CALVIS/CALVIS/dataset/cmu\synthetic_images\200x200\male\subject_mesh_0041.png,calvis
M_subject_mesh_0042,M,102.9,94.0,97.6,C:/Users/admin/Downloads/CALVIS/CALVIS/dataset/cmu\synthetic_images\200x200\male\subject_mesh_0042.png,calvis
M_subject_mesh_0043,M,112.7,97.5,104.7,C:/Users/admin/Downloads/CALVIS/CALVIS/dataset/cmu\synthetic_images\200x200\male\subject_mesh_0043.png,calvis
M_subject_mesh_0044,M,106.9,92.6,105.3,C:/Users/admin/Downloads/CALVIS/CALVIS/dataset/cmu\synthetic_images\200x200\male\subject_mesh_0044.png,calvis
M_subject_mesh_0045,M,102.1,88.2,95.5,C:/Users/admin/Downloads/CALVIS/CALVIS/dataset/cmu\synthetic_images\200x200\male\subject_mesh_0045.png,calvis
M_subject_mesh_0046,M,102.9,82.0,97.5,C:/Users/admin/Downloads/CALVIS/CALVIS/dataset/cmu\synthetic_images\200x200\male\subject_mesh_0046.png,calvis
M_subject_mesh_0047,M,111.9,101.5,103.8,C:/Users/admin/Downloads/CALVIS/CALVIS/dataset/cmu\synthetic_images\200x200\male\subject_mesh_0047.png,calvis
M_subject_mesh_0048,M,107.5,96.4,109.1,C:/Users/admin/Downloads/CALVIS/CALVIS/dataset/cmu\synthetic_images\200x200\male\subject_mesh_0048.png,calvis
M_subject_mesh_0049,M,114.7,110.8,116.9,C:/Users/admin/Downloads/CALVIS/CALVIS/dataset/cmu\synthetic_images\200x200\male\subject_mesh_0049.png,calvis
M_subject_mesh_0050,M,103.4,91.2,102.0,C:/Users/admin/Downloads/CALVIS/CALVIS/dataset/cmu\synthetic_images\200x200\male\subject_mesh_0050.png,calvis
M_subject_mesh_0051,M,97.5,86.3,98.1,C:/Users/admin/Downloads/CALVIS/CALVIS/dataset/cmu\synthetic_images\200x200\male\subject_mesh_0051.png,calvis
M_subject_mesh_0052,M,112.0,99.3,108.2,C:/Users/admin/Downloads/CALVIS/CALVIS/dataset/cmu\synthetic_images\200x200\male\subject_mesh_0052.png,calvis
M_subject_mesh_0053,M,107.9,97.0,102.5,C:/Users/admin/Downloads/CALVIS/CALVIS/dataset/cmu\synthetic_images\200x200\male\subject_mesh_0053.png,calvis
M_subject_mesh_0054,M,108.0,95.7,104.5,C:/Users/admin/Downloads/CALVIS/CALVIS/dataset/cmu\synthetic_images\200x200\male\subject_mesh_0054.png,calvis
M_subject_mesh_0055,M,96.6,83.0,96.7,C:/Users/admin/Downloads/CALVIS/CALVIS/dataset/cmu\synthetic_images\200x200\male\subject_mesh_0055.png,calvis
M_subject_mesh_0056,M,106.9,91.5,96.8,C:/Users/admin/Downloads/CALVIS/CALVIS/dataset/cmu\synthetic_images\200x200\male\subject_mesh_0056.png,calvis
M_subject_mesh_0057,M,101.9,92.9,103.5,C:/Users/admin/Downloads/CALVIS/CALVIS/dataset/cmu\synthetic_images\200x200\male\subject_mesh_0057.png,calvis
M_subject_mesh_0058,M,103.4,102.1,104.4,C:/Users/admin/Downloads/CALVIS/CALVIS/dataset/cmu\synthetic_images\200x200\male\subject_mesh_0058.png,calvis
M_subject_mesh_0059,M,110.4,104.0,105.7,C:/Users/admin/Downloads/CALVIS/CALVIS/dataset/cmu\synthetic_images\200x200\male\subject_mesh_0059.png,calvis
M_subject_mesh_0060,M,98.7,77.5,95.9,C:/Users/admin/Downloads/CALVIS/CALVIS/dataset/cmu\synthetic_images\200x200\male\subject_mesh_0060.png,calvis
M_subject_mesh_0061,M,97.9,83.2,98.3,C:/Users/admin/Downloads/CALVIS/CALVIS/dataset/cmu\synthetic_images\200x200\male\subject_mesh_0061.png,calvis
M_subject_mesh_0062,M,97.4,84.4,98.6,C:/Users/admin/Downloads/CALVIS/CALVIS/dataset/cmu\synthetic_images\200x200\male\subject_mesh_0062.png,calvis
M_subject_mesh_0063,M,112.6,100.5,104.4,C:/Users/admin/Downloads/CALVIS/CALVIS/dataset/cmu\synthetic_images\200x200\male\subject_mesh_0063.png,calvis
M_subject_mesh_0064,M,102.2,92.9,107.3,C:/Users/admin/Downloads/CALVIS/CALVIS/dataset/cmu\synthetic_images\200x200\male\subject_mesh_0064.png,calvis
M_subject_mesh_0065,M,96.8,78.2,96.7,C:/Users/admin/Downloads/CALVIS/CALVIS/dataset/cmu\synthetic_images\200x200\male\subject_mesh_0065.png,calvis
M_subject_mesh_0066,M,128.9,121.6,121.3,C:/Users/admin/Downloads/CALVIS/CALVIS/dataset/cmu\synthetic_images\200x200\male\subject_mesh_0066.png,calvis
M_subject_mesh_0067,M,111.0,102.3,107.3,C:/Users/admin/Downloads/CALVIS/CALVIS/dataset/cmu\synthetic_images\200x200\male\subject_mesh_0067.png,calvis
M_subject_mesh_0068,M,101.3,82.0,100.5,C:/Users/admin/Downloads/CALVIS/CALVIS/dataset/cmu\synthetic_images\200x200\male\subject_mesh_0068.png,calvis
M_subject_mesh_0069,M,107.0,94.3,107.0,C:/Users/admin/Downloads/CALVIS/CALVIS/dataset/cmu\synthetic_images\200x200\male\subject_mesh_0069.png,calvis
M_subject_mesh_0070,M,104.8,88.4,102.6,C:/Users/admin/Downloads/CALVIS/CALVIS/dataset/cmu\synthetic_images\200x200\male\subject_mesh_0070.png,calvis
M_subject_mesh_0071,M,92.6,81.3,96.9,C:/Users/admin/Downloads/CALVIS/CALVIS/dataset/cmu\synthetic_images\200x200\male\subject_mesh_0071.png,calvis
M_subject_mesh_0072,M,102.9,86.7,98.0,C:/Users/admin/Downloads/CALVIS/CALVIS/dataset/cmu\synthetic_images\200x200\male\subject_mesh_0072.png,calvis
M_subject_mesh_0073,M,111.1,101.5,110.6,C:/Users/admin/Downloads/CALVIS/CALVIS/dataset/cmu\synthetic_images\200x200\male\subject_mesh_0073.png,calvis
M_subject_mesh_0074,M,102.8,86.5,101.5,C:/Users/admin/Downloads/CALVIS/CALVIS/dataset/cmu\synthetic_images\200x200\male\subject_mesh_0074.png,calvis
M_subject_mesh_0075,M,106.0,91.9,105.6,C:/Users/admin/Downloads/CALVIS/CALVIS/dataset/cmu\synthetic_images\200x200\male\subject_mesh_0075.png,calvis
M_subject_mesh_0076,M,107.5,96.3,105.4,C:/Users/admin/Downloads/CALVIS/CALVIS/dataset/cmu\synthetic_images\200x200\male\subject_mesh_0076.png,calvis
M_subject_mesh_0077,M,108.0,95.3,104.6,C:/Users/admin/Downloads/CALVIS/CALVIS/dataset/cmu\synthetic_images\200x200\male\subject_mesh_0077.png,calvis
M_subject_mesh_0078,M,111.9,101.8,109.4,C:/Users/admin/Downloads/CALVIS/CALVIS/dataset/cmu\synthetic_images\200x200\male\subject_mesh_0078.png,calvis
M_subject_mesh_0079,M,101.3,84.7,98.2,C:/Users/admin/Downloads/CALVIS/CALVIS/dataset/cmu\synthetic_images\200x200\male\subject_mesh_0079.png,calvis
M_subject_mesh_0080,M,105.4,101.2,105.4,C:/Users/admin/Downloads/CALVIS/CALVIS/dataset/cmu\synthetic_images\200x200\male\subject_mesh_0080.png,calvis
M_subject_mesh_0081,M,111.3,99.6,106.7,C:/Users/admin/Downloads/CALVIS/CALVIS/dataset/cmu\synthetic_images\200x200\male\subject_mesh_0081.png,calvis
M_subject_mesh_0082,M,104.0,86.6,100.7,C:/Users/admin/Downloads/CALVIS/CALVIS/dataset/cmu\synthetic_images\200x200\male\subject_mesh_0082.png,calvis
M_subject_mesh_0083,M,102.0,85.7,102.1,C:/Users/admin/Downloads/CALVIS/CALVIS/dataset/cmu\synthetic_images\200x200\male\subject_mesh_0083.png,calvis
M_subject_mesh_0084,M,119.8,108.3,112.8,C:/Users/admin/Downloads/CALVIS/CALVIS/dataset/cmu\synthetic_images\200x200\male\subject_mesh_0084.png,calvis
M_subject_mesh_0085,M,114.3,96.0,108.1,C:/Users/admin/Downloads/CALVIS/CALVIS/dataset/cmu\synthetic_images\200x200\male\subject_mesh_0085.png,calvis
M_subject_mesh_0086,M,112.8,102.7,109.4,C:/Users/admin/Downloads/CALVIS/CALVIS/dataset/cmu\synthetic_images\200x200\male\subject_mesh_0086.png,calvis
M_subject_mesh_0087,M,124.7,115.4,115.3,C:/Users/admin/Downloads/CALVIS/CALVIS/dataset/cmu\synthetic_images\200x200\male\subject_mesh_0087.png,calvis
M_subject_mesh_0088,M,104.4,93.7,103.0,C:/Users/admin/Downloads/CALVIS/CALVIS/dataset/cmu\synthetic_images\200x200\male\subject_mesh_0088.png,calvis
M_subject_mesh_0089,M,103.4,90.3,107.9,C:/Users/admin/Downloads/CALVIS/CALVIS/dataset/cmu\synthetic_images\200x200\male\subject_mesh_0089.png,calvis
M_subject_mesh_0090,M,96.6,77.2,97.5,C:/Users/admin/Downloads/CALVIS/CALVIS/dataset/cmu\synthetic_images\200x200\male\subject_mesh_0090.png,calvis
M_subject_mesh_0091,M,93.5,74.3,93.0,C:/Users/admin/Downloads/CALVIS/CALVIS/dataset/cmu\synthetic_images\200x200\male\subject_mesh_0091.png,calvis
M_subject_mesh_0092,M,128.8,116.8,116.7,C:/Users/admin/Downloads/CALVIS/CALVIS/dataset/cmu\synthetic_images\200x200\male\subject_mesh_0092.png,calvis
M_subject_mesh_0093,M,111.1,92.8,98.3,C:/Users/admin/Downloads/CALVIS/CALVIS/dataset/cmu\synthetic_images\200x200\male\subject_mesh_0093.png,calvis
M_subject_mesh_0094,M,98.5,84.0,99.3,C:/Users/admin/Downloads/CALVIS/CALVIS/dataset/cmu\synthetic_images\200x200\male\subject_mesh_0094.png,calvis
M_subject_mesh_0095,M,112.4,100.0,109.7,C:/Users/admin/Downloads/CALVIS/CALVIS/dataset/cmu\synthetic_images\200x200\male\subject_mesh_0095.png,calvis
M_subject_mesh_0096,M,107.7,95.5,108.6,C:/Users/admin/Downloads/CALVIS/CALVIS/dataset/cmu\synthetic_images\200x200\male\subject_mesh_0096.png,calvis
M_subject_mesh_0097,M,96.4,75.8,94.6,C:/Users/admin/Downloads/CALVIS/CALVIS/dataset/cmu\synthetic_images\200x200\male\subject_mesh_0097.png,calvis
M_subject_mesh_0098,M,111.5,100.8,106.4,C:/Users/admin/Downloads/CALVIS/CALVIS/dataset/cmu\synthetic_images\200x200\male\subject_mesh_0098.png,calvis
M_subject_mesh_0099,M,105.1,85.2,100.9,C:/Users/admin/Downloads/CALVIS/CALVIS/dataset/cmu\synthetic_images\200x200\male\subject_mesh_0099.png,calvis
M_subject_mesh_0100,M,136.8,129.3,129.2,C:/Users/admin/Downloads/CALVIS/CALVIS/dataset/cmu\synthetic_images\200x200\male\subject_mesh_0100.png,calvis
M_subject_mesh_0101,M,109.4,103.2,108.3,C:/Users/admin/Downloads/CALVIS/CALVIS/dataset/cmu\synthetic_images\200x200\male\subject_mesh_0101.png,calvis
M_subject_mesh_0102,M,104.3,92.0,100.5,C:/Users/admin/Downloads/CALVIS/CALVIS/dataset/cmu\synthetic_images\200x200\male\subject_mesh_0102.png,calvis
M_subject_mesh_0103,M,106.6,94.9,104.7,C:/Users/admin/Downloads/CALVIS/CALVIS/dataset/cmu\synthetic_images\200x200\male\subject_mesh_0103.png,calvis
M_subject_mesh_0104,M,102.5,86.5,101.9,C:/Users/admin/Downloads/CALVIS/CALVIS/dataset/cmu\synthetic_images\200x200\male\subject_mesh_0104.png,calvis
M_subject_mesh_0105,M,99.0,92.0,95.6,C:/Users/admin/Downloads/CALVIS/CALVIS/dataset/cmu\synthetic_images\200x200\male\subject_mesh_0105.png,calvis
M_subject_mesh_0106,M,110.3,102.9,103.7,C:/Users/admin/Downloads/CALVIS/CALVIS/dataset/cmu\synthetic_images\200x200\male\subject_mesh_0106.png,calvis
M_subject_mesh_0107,M,101.3,87.1,101.0,C:/Users/admin/Downloads/CALVIS/CALVIS/dataset/cmu\synthetic_images\200x200\male\subject_mesh_0107.png,calvis
M_subject_mesh_0108,M,109.3,99.0,109.3,C:/Users/admin/Downloads/CALVIS/CALVIS/dataset/cmu\synthetic_images\200x200\male\subject_mesh_0108.png,calvis
M_subject_mesh_0109,M,105.1,89.1,102.5,C:/Users/admin/Downloads/CALVIS/CALVIS/dataset/cmu\synthetic_images\200x200\male\subject_mesh_0109.png,calvis
M_subject_mesh_0110,M,109.5,94.6,103.4,C:/Users/admin/Downloads/CALVIS/CALVIS/dataset/cmu\synthetic_images\200x200\male\subject_mesh_0110.png,calvis
M_subject_mesh_0111,M,106.1,94.8,103.7,C:/Users/admin/Downloads/CALVIS/CALVIS/dataset/cmu\synthetic_images\200x200\male\subject_mesh_0111.png,calvis
M_subject_mesh_0112,M,98.8,89.4,96.4,C:/Users/admin/Downloads/CALVIS/CALVIS/dataset/cmu\synthetic_images\200x200\male\subject_mesh_0112.png,calvis
M_subject_mesh_0113,M,101.8,94.7,99.8,C:/Users/admin/Downloads/CALVIS/CALVIS/dataset/cmu\synthetic_images\200x200\male\subject_mesh_0113.png,calvis
M_subject_mesh_0114,M,94.1,79.5,94.4,C:/Users/admin/Downloads/CALVIS/CALVIS/dataset/cmu\synthetic_images\200x200\male\subject_mesh_0114.png,calvis
M_subject_mesh_0115,M,131.5,121.2,120.8,C:/Users/admin/Downloads/CALVIS/CALVIS/dataset/cmu\synthetic_images\200x200\male\subject_mesh_0115.png,calvis
M_subject_mesh_0116,M,105.9,97.1,108.3,C:/Users/admin/Downloads/CALVIS/CALVIS/dataset/cmu\synthetic_images\200x200\male\subject_mesh_0116.png,calvis
M_subject_mesh_0117,M,107.2,96.0,106.8,C:/Users/admin/Downloads/CALVIS/CALVIS/dataset/cmu\synthetic_images\200x200\male\subject_mesh_0117.png,calvis
M_subject_mesh_0118,M,107.2,96.1,110.0,C:/Users/admin/Downloads/CALVIS/CALVIS/dataset/cmu\synthetic_images\200x200\male\subject_mesh_0118.png,calvis
M_subject_mesh_0119,M,109.8,99.6,108.8,C:/Users/admin/Downloads/CALVIS/CALVIS/dataset/cmu\synthetic_images\200x200\male\subject_mesh_0119.png,calvis
M_subject_mesh_0120,M,107.4,96.3,102.4,C:/Users/admin/Downloads/CALVIS/CALVIS/dataset/cmu\synthetic_images\200x200\male\subject_mesh_0120.png,calvis
M_subject_mesh_0121,M,96.7,86.7,100.2,C:/Users/admin/Downloads/CALVIS/CALVIS/dataset/cmu\synthetic_images\200x200\male\subject_mesh_0121.png,calvis
M_subject_mesh_0122,M,108.2,98.2,110.4,C:/Users/admin/Downloads/CALVIS/CALVIS/dataset/cmu\synthetic_images\200x200\male\subject_mesh_0122.png,calvis
M_subject_mesh_0123,M,105.6,96.8,102.8,C:/Users/admin/Downloads/CALVIS/CALVIS/dataset/cmu\synthetic_images\200x200\male\subject_mesh_0123.png,calvis
M_subject_mesh_0124,M,105.7,96.5,99.9,C:/Users/admin/Downloads/CALVIS/CALVIS/dataset/cmu\synthetic_images\200x200\male\subject_mesh_0124.png,calvis
M_subject_mesh_0125,M,100.9,83.6,100.6,C:/Users/admin/Downloads/CALVIS/CALVIS/dataset/cmu\synthetic_images\200x200\male\subject_mesh_0125.png,calvis
M_subject_mesh_0126,M,118.7,106.7,107.3,C:/Users/admin/Downloads/CALVIS/CALVIS/dataset/cmu\synthetic_images\200x200\male\subject_mesh_0126.png,calvis
M_subject_mesh_0127,M,103.3,92.3,98.9,C:/Users/admin/Downloads/CALVIS/CALVIS/dataset/cmu\synthetic_images\200x200\male\subject_mesh_0127.png,calvis
M_subject_mesh_0128,M,127.0,124.6,124.5,C:/Users/admin/Downloads/CALVIS/CALVIS/dataset/cmu\synthetic_images\200x200\male\subject_mesh_0128.png,calvis
M_subject_mesh_0129,M,98.8,85.3,101.6,C:/Users/admin/Downloads/CALVIS/CALVIS/dataset/cmu\synthetic_images\200x200\male\subject_mesh_0129.png,calvis
M_subject_mesh_0130,M,98.4,84.8,95.1,C:/Users/admin/Downloads/CALVIS/CALVIS/dataset/cmu\synthetic_images\200x200\male\subject_mesh_0130.png,calvis
M_subject_mesh_0131,M,106.3,96.0,99.2,C:/Users/admin/Downloads/CALVIS/CALVIS/dataset/cmu\synthetic_images\200x200\male\subject_mesh_0131.png,calvis
M_subject_mesh_0132,M,96.8,85.1,93.7,C:/Users/admin/Downloads/CALVIS/CALVIS/dataset/cmu\synthetic_images\200x200\male\subject_mesh_0132.png,calvis
M_subject_mesh_0133,M,106.5,96.2,107.8,C:/Users/admin/Downloads/CALVIS/CALVIS/dataset/cmu\synthetic_images\200x200\male\subject_mesh_0133.png,calvis
M_subject_mesh_0134,M,104.8,93.7,103.6,C:/Users/admin/Downloads/CALVIS/CALVIS/dataset/cmu\synthetic_images\200x200\male\subject_mesh_0134.png,calvis
M_subject_mesh_0135,M,105.5,90.6,107.4,C:/Users/admin/Downloads/CALVIS/CALVIS/dataset/cmu\synthetic_images\200x200\male\subject_mesh_0135.png,calvis
M_subject_mesh_0136,M,107.1,97.7,106.1,C:/Users/admin/Downloads/CALVIS/CALVIS/dataset/cmu\synthetic_images\200x200\male\subject_mesh_0136.png,calvis
M_subject_mesh_0137,M,95.3,81.9,98.0,C:/Users/admin/Downloads/CALVIS/CALVIS/dataset/cmu\synthetic_images\200x200\male\subject_mesh_0137.png,calvis
M_subject_mesh_0138,M,123.2,111.4,111.0,C:/Users/admin/Downloads/CALVIS/CALVIS/dataset/cmu\synthetic_images\200x200\male\subject_mesh_0138.png,calvis
M_subject_mesh_0139,M,98.4,90.6,102.4,C:/Users/admin/Downloads/CALVIS/CALVIS/dataset/cmu\synthetic_images\200x200\male\subject_mesh_0139.png,calvis
M_subject_mesh_0140,M,105.5,90.3,105.6,C:/Users/admin/Downloads/CALVIS/CALVIS/dataset/cmu\synthetic_images\200x200\male\subject_mesh_0140.png,calvis
M_subject_mesh_0141,M,98.8,82.2,96.5,C:/Users/admin/Downloads/CALVIS/CALVIS/dataset/cmu\synthetic_images\200x200\male\subject_mesh_0141.png,calvis
M_subject_mesh_0142,M,100.9,88.7,98.8,C:/Users/admin/Downloads/CALVIS/CALVIS/dataset/cmu\synthetic_images\200x200\male\subject_mesh_0142.png,calvis
M_subject_mesh_0143,M,109.1,100.4,108.2,C:/Users/admin/Downloads/CALVIS/CALVIS/dataset/cmu\synthetic_images\200x200\male\subject_mesh_0143.png,calvis
M_subject_mesh_0144,M,103.9,87.5,105.2,C:/Users/admin/Downloads/CALVIS/CALVIS/dataset/cmu\synthetic_images\200x200\male\subject_mesh_0144.png,calvis
M_subject_mesh_0145,M,104.8,92.6,97.5,C:/Users/admin/Downloads/CALVIS/CALVIS/dataset/cmu\synthetic_images\200x200\male\subject_mesh_0145.png,calvis
M_subject_mesh_0146,M,108.8,104.3,107.0,C:/Users/admin/Downloads/CALVIS/CALVIS/dataset/cmu\synthetic_images\200x200\male\subject_mesh_0146.png,calvis
M_subject_mesh_0147,M,112.6,107.8,113.4,C:/Users/admin/Downloads/CALVIS/CALVIS/dataset/cmu\synthetic_images\200x200\male\subject_mesh_0147.png,calvis
M_subject_mesh_0148,M,103.6,84.9,104.8,C:/Users/admin/Downloads/CALVIS/CALVIS/dataset/cmu\synthetic_images\200x200\male\subject_mesh_0148.png,calvis
M_subject_mesh_0149,M,104.5,90.9,97.6,C:/Users/admin/Downloads/CALVIS/CALVIS/dataset/cmu\synthetic_images\200x200\male\subject_mesh_0149.png,calvis
M_subject_mesh_0150,M,111.0,97.6,102.0,C:/Users/admin/Downloads/CALVIS/CALVIS/dataset/cmu\synthetic_images\200x200\male\subject_mesh_0150.png,calvis
M_subject_mesh_0151,M,107.7,99.1,104.8,C:/Users/admin/Downloads/CALVIS/CALVIS/dataset/cmu\synthetic_images\200x200\male\subject_mesh_0151.png,calvis
M_subject_mesh_0152,M,108.3,99.7,101.3,C:/Users/admin/Downloads/CALVIS/CALVIS/dataset/cmu\synthetic_images\200x200\male\subject_mesh_0152.png,calvis
M_subject_mesh_0153,M,116.9,112.3,114.4,C:/Users/admin/Downloads/CALVIS/CALVIS/dataset/cmu\synthetic_images\200x200\male\subject_mesh_0153.png,calvis
M_subject_mesh_0154,M,98.1,85.2,98.4,C:/Users/admin/Downloads/CALVIS/CALVIS/dataset/cmu\synthetic_images\200x200\male\subject_mesh_0154.png,calvis
M_subject_mesh_0155,M,101.5,94.3,100.1,C:/Users/admin/Downloads/CALVIS/CALVIS/dataset/cmu\synthetic_images\200x200\male\subject_mesh_0155.png,calvis
M_subject_mesh_0156,M,106.0,102.3,102.2,C:/Users/admin/Downloads/CALVIS/CALVIS/dataset/cmu\synthetic_images\200x200\male\subject_mesh_0156.png,calvis
M_subject_mesh_0157,M,114.4,102.9,108.8,C:/Users/admin/Downloads/CALVIS/CALVIS/dataset/cmu\synthetic_images\200x200\male\subject_mesh_0157.png,calvis
M_subject_mesh_0158,M,95.8,84.0,93.7,C:/Users/admin/Downloads/CALVIS/CALVIS/dataset/cmu\synthetic_images\200x200\male\subject_mesh_0158.png,calvis
M_subject_mesh_0159,M,109.5,100.0,100.4,C:/Users/admin/Downloads/CALVIS/CALVIS/dataset/cmu\synthetic_images\200x200\male\subject_mesh_0159.png,calvis
M_subject_mesh_0160,M,102.0,90.6,98.1,C:/Users/admin/Downloads/CALVIS/CALVIS/dataset/cmu\synthetic_images\200x200\male\subject_mesh_0160.png,calvis
M_subject_mesh_0161,M,102.0,84.2,96.5,C:/Users/admin/Downloads/CALVIS/CALVIS/dataset/cmu\synthetic_images\200x200\male\subject_mesh_0161.png,calvis
M_subject_mesh_0162,M,110.5,96.8,107.3,C:/Users/admin/Downloads/CALVIS/CALVIS/dataset/cmu\synthetic_images\200x200\male\subject_mesh_0162.png,calvis
M_subject_mesh_0163,M,102.5,87.1,97.8,C:/Users/admin/Downloads/CALVIS/CALVIS/dataset/cmu\synthetic_images\200x200\male\subject_mesh_0163.png,calvis
M_subject_mesh_0164,M,98.4,80.1,93.0,C:/Users/admin/Downloads/CALVIS/CALVIS/dataset/cmu\synthetic_images\200x200\male\subject_mesh_0164.png,calvis
M_subject_mesh_0165,M,116.9,113.6,116.2,C:/Users/admin/Downloads/CALVIS/CALVIS/dataset/cmu\synthetic_images\200x200\male\subject_mesh_0165.png,calvis
M_subject_mesh_0166,M,102.7,86.2,98.5,C:/Users/admin/Downloads/CALVIS/CALVIS/dataset/cmu\synthetic_images\200x200\male\subject_mesh_0166.png,calvis
M_subject_mesh_0167,M,109.8,95.8,108.6,C:/Users/admin/Downloads/CALVIS/CALVIS/dataset/cmu\synthetic_images\200x200\male\subject_mesh_0167.png,calvis
M_subject_mesh_0168,M,116.0,103.9,105.5,C:/Users/admin/Downloads/CALVIS/CALVIS/dataset/cmu\synthetic_images\200x200\male\subject_mesh_0168.png,calvis
M_subject_mesh_0169,M,92.1,80.8,94.5,C:/Users/admin/Downloads/CALVIS/CALVIS/dataset/cmu\synthetic_images\200x200\male\subject_mesh_0169.png,calvis
M_subject_mesh_0170,M,111.6,97.9,98.6,C:/Users/admin/Downloads/CALVIS/CALVIS/dataset/cmu\synthetic_images\200x200\male\subject_mesh_0170.png,calvis
M_subject_mesh_0171,M,101.2,88.0,100.0,C:/Users/admin/Downloads/CALVIS/CALVIS/dataset/cmu\synthetic_images\200x200\male\subject_mesh_0171.png,calvis
M_subject_mesh_0172,M,111.3,104.3,104.9,C:/Users/admin/Downloads/CALVIS/CALVIS/dataset/cmu\synthetic_images\200x200\male\subject_mesh_0172.png,calvis
M_subject_mesh_0173,M,104.3,90.6,101.3,C:/Users/admin/Downloads/CALVIS/CALVIS/dataset/cmu\synthetic_images\200x200\male\subject_mesh_0173.png,calvis
M_subject_mesh_0174,M,105.9,91.0,104.9,C:/Users/admin/Downloads/CALVIS/CALVIS/dataset/cmu\synthetic_images\200x200\male\subject_mesh_0174.png,calvis
M_subject_mesh_0175,M,108.4,103.0,103.0,C:/Users/admin/Downloads/CALVIS/CALVIS/dataset/cmu\synthetic_images\200x200\male\subject_mesh_0175.png,calvis
M_subject_mesh_0176,M,103.8,90.3,103.9,C:/Users/admin/Downloads/CALVIS/CALVIS/dataset/cmu\synthetic_images\200x200\male\subject_mesh_0176.png,calvis
M_subject_mesh_0177,M,99.8,84.5,94.4,C:/Users/admin/Downloads/CALVIS/CALVIS/dataset/cmu\synthetic_images\200x200\male\subject_mesh_0177.png,calvis
M_subject_mesh_0178,M,106.7,91.8,100.6,C:/Users/admin/Downloads/CALVIS/CALVIS/dataset/cmu\synthetic_images\200x200\male\subject_mesh_0178.png,calvis
M_subject_mesh_0179,M,100.3,86.2,100.7,C:/Users/admin/Downloads/CALVIS/CALVIS/dataset/cmu\synthetic_images\200x200\male\subject_mesh_0179.png,calvis
M_subject_mesh_0180,M,99.6,98.0,110.4,C:/Users/admin/Downloads/CALVIS/CALVIS/dataset/cmu\synthetic_images\200x200\male\subject_mesh_0180.png,calvis
M_subject_mesh_0181,M,93.8,76.5,97.7,C:/Users/admin/Downloads/CALVIS/CALVIS/dataset/cmu\synthetic_images\200x200\male\subject_mesh_0181.png,calvis
M_subject_mesh_0182,M,106.7,92.1,104.1,C:/Users/admin/Downloads/CALVIS/CALVIS/dataset/cmu\synthetic_images\200x200\male\subject_mesh_0182.png,calvis
M_subject_mesh_0183,M,95.7,81.4,99.5,C:/Users/admin/Downloads/CALVIS/CALVIS/dataset/cmu\synthetic_images\200x200\male\subject_mesh_0183.png,calvis
M_subject_mesh_0184,M,101.3,87.7,91.7,C:/Users/admin/Downloads/CALVIS/CALVIS/dataset/cmu\synthetic_images\200x200\male\subject_mesh_0184.png,calvis
M_subject_mesh_0185,M,99.8,87.8,100.3,C:/Users/admin/Downloads/CALVIS/CALVIS/dataset/cmu\synthetic_images\200x200\male\subject_mesh_0185.png,calvis
M_subject_mesh_0186,M,105.1,93.3,102.2,C:/Users/admin/Downloads/CALVIS/CALVIS/dataset/cmu\synthetic_images\200x200\male\subject_mesh_0186.png,calvis
M_subject_mesh_0187,M,111.1,107.7,113.0,C:/Users/admin/Downloads/CALVIS/CALVIS/dataset/cmu\synthetic_images\200x200\male\subject_mesh_0187.png,calvis
M_subject_mesh_0188,M,99.7,83.5,99.0,C:/Users/admin/Downloads/CALVIS/CALVIS/dataset/cmu\synthetic_images\200x200\male\subject_mesh_0188.png,calvis
M_subject_mesh_0189,M,104.0,94.0,107.4,C:/Users/admin/Downloads/CALVIS/CALVIS/dataset/cmu\synthetic_images\200x200\male\subject_mesh_0189.png,calvis
M_subject_mesh_0190,M,98.7,81.6,96.7,C:/Users/admin/Downloads/CALVIS/CALVIS/dataset/cmu\synthetic_images\200x200\male\subject_mesh_0190.png,calvis
M_subject_mesh_0191,M,98.6,87.4,97.4,C:/Users/admin/Downloads/CALVIS/CALVIS/dataset/cmu\synthetic_images\200x200\male\subject_mesh_0191.png,calvis
M_subject_mesh_0192,M,97.5,76.9,94.4,C:/Users/admin/Downloads/CALVIS/CALVIS/dataset/cmu\synthetic_images\200x200\male\subject_mesh_0192.png,calvis
M_subject_mesh_0193,M,94.7,81.7,95.5,C:/Users/admin/Downloads/CALVIS/CALVIS/dataset/cmu\synthetic_images\200x200\male\subject_mesh_0193.png,calvis
M_subject_mesh_0194,M,104.2,97.0,104.1,C:/Users/admin/Downloads/CALVIS/CALVIS/dataset/cmu\synthetic_images\200x200\male\subject_mesh_0194.png,calvis
M_subject_mesh_0195,M,107.9,90.5,104.2,C:/Users/admin/Downloads/CALVIS/CALVIS/dataset/cmu\synthetic_images\200x200\male\subject_mesh_0195.png,calvis
M_subject_mesh_0196,M,117.9,105.7,109.5,C:/Users/admin/Downloads/CALVIS/CALVIS/dataset/cmu\synthetic_images\200x200\male\subject_mesh_0196.png,calvis
M_subject_mesh_0197,M,100.0,81.6,95.2,C:/Users/admin/Downloads/CALVIS/CALVIS/dataset/cmu\synthetic_images\200x200\male\subject_mesh_0197.png,calvis
M_subject_mesh_0198,M,106.3,89.8,104.2,C:/Users/admin/Downloads/CALVIS/CALVIS/dataset/cmu\synthetic_images\200x200\male\subject_mesh_0198.png,calvis
M_subject_mesh_0199,M,108.8,95.2,105.2,C:/Users/admin/Downloads/CALVIS/CALVIS/dataset/cmu\synthetic_images\200x200\male\subject_mesh_0199.png,calvis
M_subject_mesh_0200,M,98.9,82.8,97.3,C:/Users/admin/Downloads/CALVIS/CALVIS/dataset/cmu\synthetic_images\200x200\male\subject_mesh_0200.png,calvis
M_subject_mesh_0201,M,105.1,87.3,102.3,C:/Users/admin/Downloads/CALVIS/CALVIS/dataset/cmu\synthetic_images\200x200\male\subject_mesh_0201.png,calvis
M_subject_mesh_0202,M,101.1,91.8,98.2,C:/Users/admin/Downloads/CALVIS/CALVIS/dataset/cmu\synthetic_images\200x200\male\subject_mesh_0202.png,calvis
M_subject_mesh_0203,M,113.7,105.1,109.7,C:/Users/admin/Downloads/CALVIS/CALVIS/dataset/cmu\synthetic_images\200x200\male\subject_mesh_0203.png,calvis
M_subject_mesh_0204,M,96.3,79.5,99.5,C:/Users/admin/Downloads/CALVIS/CALVIS/dataset/cmu\synthetic_images\200x200\male\subject_mesh_0204.png,calvis
M_subject_mesh_0205,M,104.5,93.3,99.2,C:/Users/admin/Downloads/CALVIS/CALVIS/dataset/cmu\synthetic_images\200x200\male\subject_mesh_0205.png,calvis
M_subject_mesh_0206,M,111.2,92.7,104.6,C:/Users/admin/Downloads/CALVIS/CALVIS/dataset/cmu\synthetic_images\200x200\male\subject_mesh_0206.png,calvis
M_subject_mesh_0207,M,98.5,77.7,92.5,C:/Users/admin/Downloads/CALVIS/CALVIS/dataset/cmu\synthetic_images\200x200\male\subject_mesh_0207.png,calvis
M_subject_mesh_0208,M,103.7,86.7,101.5,C:/Users/admin/Downloads/CALVIS/CALVIS/dataset/cmu\synthetic_images\200x200\male\subject_mesh_0208.png,calvis
M_subject_mesh_0209,M,114.2,103.9,108.6,C:/Users/admin/Downloads/CALVIS/CALVIS/dataset/cmu\synthetic_images\200x200\male\subject_mesh_0209.png,calvis
M_subject_mesh_0210,M,108.1,97.3,105.4,C:/Users/admin/Downloads/CALVIS/CALVIS/dataset/cmu\synthetic_images\200x200\male\subject_mesh_0210.png,calvis
M_subject_mesh_0211,M,119.9,115.2,115.8,C:/Users/admin/Downloads/CALVIS/CALVIS/dataset/cmu\synthetic_images\200x200\male\subject_mesh_0211.png,calvis
M_subject_mesh_0212,M,101.0,84.3,97.9,C:/Users/admin/Downloads/CALVIS/CALVIS/dataset/cmu\synthetic_images\200x200\male\subject_mesh_0212.png,calvis
M_subject_mesh_0213,M,102.0,81.4,97.6,C:/Users/admin/Downloads/CALVIS/CALVIS/dataset/cmu\synthetic_images\200x200\male\subject_mesh_0213.png,calvis
M_subject_mesh_0214,M,101.4,89.5,99.2,C:/Users/admin/Downloads/CALVIS/CALVIS/dataset/cmu\synthetic_images\200x200\male\subject_mesh_0214.png,calvis
M_subject_mesh_0215,M,102.1,86.0,101.2,C:/Users/admin/Downloads/CALVIS/CALVIS/dataset/cmu\synthetic_images\200x200\male\subject_mesh_0215.png,calvis
M_subject_mesh_0216,M,112.0,96.7,105.7,C:/Users/admin/Downloads/CALVIS/CALVIS/dataset/cmu\synthetic_images\200x200\male\subject_mesh_0216.png,calvis
M_subject_mesh_0217,M,116.8,108.6,117.4,C:/Users/admin/Downloads/CALVIS/CALVIS/dataset/cmu\synthetic_images\200x200\male\subject_mesh_0217.png,calvis
M_subject_mesh_0218,M,107.6,95.5,103.0,C:/Users/admin/Downloads/CALVIS/CALVIS/dataset/cmu\synthetic_images\200x200\male\subject_mesh_0218.png,calvis
M_subject_mesh_0219,M,103.0,90.6,103.8,C:/Users/admin/Downloads/CALVIS/CALVIS/dataset/cmu\synthetic_images\200x200\male\subject_mesh_0219.png,calvis
M_subject_mesh_0220,M,92.8,78.0,96.8,C:/Users/admin/Downloads/CALVIS/CALVIS/dataset/cmu\synthetic_images\200x200\male\subject_mesh_0220.png,calvis
M_subject_mesh_0221,M,108.0,90.1,100.2,C:/Users/admin/Downloads/CALVIS/CALVIS/dataset/cmu\synthetic_images\200x200\male\subject_mesh_0221.png,calvis
M_subject_mesh_0222,M,119.0,111.8,114.7,C:/Users/admin/Downloads/CALVIS/CALVIS/dataset/cmu\synthetic_images\200x200\male\subject_mesh_0222.png,calvis
M_subject_mesh_0223,M,103.4,82.7,98.7,C:/Users/admin/Downloads/CALVIS/CALVIS/dataset/cmu\synthetic_images\200x200\male\subject_mesh_0223.png,calvis
M_subject_mesh_0224,M,96.5,77.6,94.1,C:/Users/admin/Downloads/CALVIS/CALVIS/dataset/cmu\synthetic_images\200x200\male\subject_mesh_0224.png,calvis
M_subject_mesh_0225,M,100.1,87.4,103.2,C:/Users/admin/Downloads/CALVIS/CALVIS/dataset/cmu\synthetic_images\200x200\male\subject_mesh_0225.png,calvis
M_subject_mesh_0226,M,104.7,93.4,98.0,C:/Users/admin/Downloads/CALVIS/CALVIS/dataset/cmu\synthetic_images\200x200\male\subject_mesh_0226.png,calvis
M_subject_mesh_0227,M,118.2,108.0,107.9,C:/Users/admin/Downloads/CALVIS/CALVIS/dataset/cmu\synthetic_images\200x200\male\subject_mesh_0227.png,calvis
M_subject_mesh_0228,M,102.4,81.5,98.9,C:/Users/admin/Downloads/CALVIS/CALVIS/dataset/cmu\synthetic_images\200x200\male\subject_mesh_0228.png,calvis
M_subject_mesh_0229,M,104.7,96.9,107.0,C:/Users/admin/Downloads/CALVIS/CALVIS/dataset/cmu\synthetic_images\200x200\male\subject_mesh_0229.png,calvis
M_subject_mesh_0230,M,100.0,80.2,94.4,C:/Users/admin/Downloads/CALVIS/CALVIS/dataset/cmu\synthetic_images\200x200\male\subject_mesh_0230.png,calvis
M_subject_mesh_0231,M,110.7,102.2,105.7,C:/Users/admin/Downloads/CALVIS/CALVIS/dataset/cmu\synthetic_images\200x200\male\subject_mesh_0231.png,calvis
M_subject_mesh_0232,M,114.0,102.9,110.7,C:/Users/admin/Downloads/CALVIS/CALVIS/dataset/cmu\synthetic_images\200x200\male\subject_mesh_0232.png,calvis
M_subject_mesh_0233,M,95.7,82.8,96.8,C:/Users/admin/Downloads/CALVIS/CALVIS/dataset/cmu\synthetic_images\200x200\male\subject_mesh_0233.png,calvis
M_subject_mesh_0234,M,110.1,99.7,106.9,C:/Users/admin/Downloads/CALVIS/CALVIS/dataset/cmu\synthetic_images\200x200\male\subject_mesh_0234.png,calvis
M_subject_mesh_0235,M,102.4,90.7,94.8,C:/Users/admin/Downloads/CALVIS/CALVIS/dataset/cmu\synthetic_images\200x200\male\subject_mesh_0235.png,calvis
M_subject_mesh_0236,M,108.8,95.1,105.0,C:/Users/admin/Downloads/CALVIS/CALVIS/dataset/cmu\synthetic_images\200x200\male\subject_mesh_0236.png,calvis
M_subject_mesh_0237,M,104.5,93.8,97.8,C:/Users/admin/Downloads/CALVIS/CALVIS/dataset/cmu\synthetic_images\200x200\male\subject_mesh_0237.png,calvis
M_subject_mesh_0238,M,110.1,100.5,108.8,C:/Users/admin/Downloads/CALVIS/CALVIS/dataset/cmu\synthetic_images\200x200\male\subject_mesh_0238.png,calvis
M_subject_mesh_0239,M,102.4,91.3,99.9,C:/Users/admin/Downloads/CALVIS/CALVIS/dataset/cmu\synthetic_images\200x200\male\subject_mesh_0239.png,calvis
M_subject_mesh_0240,M,96.6,84.7,94.4,C:/Users/admin/Downloads/CALVIS/CALVIS/dataset/cmu\synthetic_images\200x200\male\subject_mesh_0240.png,calvis
M_subject_mesh_0241,M,112.0,104.3,107.7,C:/Users/admin/Downloads/CALVIS/CALVIS/dataset/cmu\synthetic_images\200x200\male\subject_mesh_0241.png,calvis
M_subject_mesh_0242,M,111.4,93.9,107.8,C:/Users/admin/Downloads/CALVIS/CALVIS/dataset/cmu\synthetic_images\200x200\male\subject_mesh_0242.png,calvis
M_subject_mesh_0243,M,104.4,91.1,110.2,C:/Users/admin/Downloads/CALVIS/CALVIS/dataset/cmu\synthetic_images\200x200\male\subject_mesh_0243.png,calvis
M_subject_mesh_0244,M,121.1,111.0,111.1,C:/Users/admin/Downloads/CALVIS/CALVIS/dataset/cmu\synthetic_images\200x200\male\subject_mesh_0244.png,calvis
M_subject_mesh_0245,M,104.7,84.6,101.2,C:/Users/admin/Downloads/CALVIS/CALVIS/dataset/cmu\synthetic_images\200x200\male\subject_mesh_0245.png,calvis
M_subject_mesh_0246,M,103.1,88.1,102.0,C:/Users/admin/Downloads/CALVIS/CALVIS/dataset/cmu\synthetic_images\200x200\male\subject_mesh_0246.png,calvis
M_subject_mesh_0247,M,103.2,92.6,100.5,C:/Users/admin/Downloads/CALVIS/CALVIS/dataset/cmu\synthetic_images\200x200\male\subject_mesh_0247.png,calvis
M_subject_mesh_0248,M,107.0,95.5,103.0,C:/Users/admin/Downloads/CALVIS/CALVIS/dataset/cmu\synthetic_images\200x200\male\subject_mesh_0248.png,calvis
M_subject_mesh_0249,M,106.6,97.1,103.7,C:/Users/admin/Downloads/CALVIS/CALVIS/dataset/cmu\synthetic_images\200x200\male\subject_mesh_0249.png,calvis
M_subject_mesh_0250,M,103.4,87.1,99.2,C:/Users/admin/Downloads/CALVIS/CALVIS/dataset/cmu\synthetic_images\200x200\male\subject_mesh_0250.png,calvis
M_subject_mesh_0251,M,116.6,111.1,111.0,C:/Users/admin/Downloads/CALVIS/CALVIS/dataset/cmu\synthetic_images\200x200\male\subject_mesh_0251.png,calvis
M_subject_mesh_0252,M,95.0,80.3,95.7,C:/Users/admin/Downloads/CALVIS/CALVIS/dataset/cmu\synthetic_images\200x200\male\subject_mesh_0252.png,calvis
M_subject_mesh_0253,M,105.2,94.2,108.6,C:/Users/admin/Downloads/CALVIS/CALVIS/dataset/cmu\synthetic_images\200x200\male\subject_mesh_0253.png,calvis
M_subject_mesh_0254,M,109.8,99.5,101.5,C:/Users/admin/Downloads/CALVIS/CALVIS/dataset/cmu\synthetic_images\200x200\male\subject_mesh_0254.png,calvis
M_subject_mesh_0255,M,103.4,87.5,101.8,C:/Users/admin/Downloads/CALVIS/CALVIS/dataset/cmu\synthetic_images\200x200\male\subject_mesh_0255.png,calvis
M_subject_mesh_0256,M,104.7,94.9,100.4,C:/Users/admin/Downloads/CALVIS/CALVIS/dataset/cmu\synthetic_images\200x200\male\subject_mesh_0256.png,calvis
M_subject_mesh_0257,M,118.6,110.0,112.4,C:/Users/admin/Downloads/CALVIS/CALVIS/dataset/cmu\synthetic_images\200x200\male\subject_mesh_0257.png,calvis
M_subject_mesh_0258,M,119.4,112.3,117.5,C:/Users/admin/Downloads/CALVIS/CALVIS/dataset/cmu\synthetic_images\200x200\male\subject_mesh_0258.png,calvis
M_subject_mesh_0259,M,104.7,90.6,107.6,C:/Users/admin/Downloads/CALVIS/CALVIS/dataset/cmu\synthetic_images\200x200\male\subject_mesh_0259.png,calvis
M_subject_mesh_0260,M,109.7,91.4,104.9,C:/Users/admin/Downloads/CALVIS/CALVIS/dataset/cmu\synthetic_images\200x200\male\subject_mesh_0260.png,calvis
M_subject_mesh_0261,M,102.5,90.6,94.1,C:/Users/admin/Downloads/CALVIS/CALVIS/dataset/cmu\synthetic_images\200x200\male\subject_mesh_0261.png,calvis
M_subject_mesh_0262,M,107.6,93.7,100.7,C:/Users/admin/Downloads/CALVIS/CALVIS/dataset/cmu\synthetic_images\200x200\male\subject_mesh_0262.png,calvis
M_subject_mesh_0263,M,120.0,111.8,111.7,C:/Users/admin/Downloads/CALVIS/CALVIS/dataset/cmu\synthetic_images\200x200\male\subject_mesh_0263.png,calvis
M_subject_mesh_0264,M,98.7,80.2,94.3,C:/Users/admin/Downloads/CALVIS/CALVIS/dataset/cmu\synthetic_images\200x200\male\subject_mesh_0264.png,calvis
M_subject_mesh_0265,M,101.0,83.7,102.9,C:/Users/admin/Downloads/CALVIS/CALVIS/dataset/cmu\synthetic_images\200x200\male\subject_mesh_0265.png,calvis
M_subject_mesh_0266,M,91.6,77.1,88.4,C:/Users/admin/Downloads/CALVIS/CALVIS/dataset/cmu\synthetic_images\200x200\male\subject_mesh_0266.png,calvis
M_subject_mesh_0267,M,103.8,89.1,100.5,C:/Users/admin/Downloads/CALVIS/CALVIS/dataset/cmu\synthetic_images\200x200\male\subject_mesh_0267.png,calvis
M_subject_mesh_0268,M,106.0,87.5,103.3,C:/Users/admin/Downloads/CALVIS/CALVIS/dataset/cmu\synthetic_images\200x200\male\subject_mesh_0268.png,calvis
M_subject_mesh_0269,M,104.3,86.7,99.3,C:/Users/admin/Downloads/CALVIS/CALVIS/dataset/cmu\synthetic_images\200x200\male\subject_mesh_0269.png,calvis
M_subject_mesh_0270,M,112.2,92.5,105.8,C:/Users/admin/Downloads/CALVIS/CALVIS/dataset/cmu\synthetic_images\200x200\male\subject_mesh_0270.png,calvis
M_subject_mesh_0271,M,101.5,91.7,96.8,C:/Users/admin/Downloads/CALVIS/CALVIS/dataset/cmu\synthetic_images\200x200\male\subject_mesh_0271.png,calvis
M_subject_mesh_0272,M,106.1,93.9,106.9,C:/Users/admin/Downloads/CALVIS/CALVIS/dataset/cmu\synthetic_images\200x200\male\subject_mesh_0272.png,calvis
M_subject_mesh_0273,M,101.4,90.4,100.8,C:/Users/admin/Downloads/CALVIS/CALVIS/dataset/cmu\synthetic_images\200x200\male\subject_mesh_0273.png,calvis
M_subject_mesh_0274,M,97.2,84.2,99.9,C:/Users/admin/Downloads/CALVIS/CALVIS/dataset/cmu\synthetic_images\200x200\male\subject_mesh_0274.png,calvis
M_subject_mesh_0275,M,103.5,85.6,103.6,C:/Users/admin/Downloads/CALVIS/CALVIS/dataset/cmu\synthetic_images\200x200\male\subject_mesh_0275.png,calvis
M_subject_mesh_0276,M,105.2,95.0,103.0,C:/Users/admin/Downloads/CALVIS/CALVIS/dataset/cmu\synthetic_images\200x200\male\subject_mesh_0276.png,calvis
M_subject_mesh_0277,M,107.7,100.3,114.7,C:/Users/admin/Downloads/CALVIS/CALVIS/dataset/cmu\synthetic_images\200x200\male\subject_mesh_0277.png,calvis
M_subject_mesh_0278,M,98.9,85.0,97.9,C:/Users/admin/Downloads/CALVIS/CALVIS/dataset/cmu\synthetic_images\200x200\male\subject_mesh_0278.png,calvis
M_subject_mesh_0279,M,113.9,101.9,107.6,C:/Users/admin/Downloads/CALVIS/CALVIS/dataset/cmu\synthetic_images\200x200\male\subject_mesh_0279.png,calvis
M_subject_mesh_0280,M,101.3,94.4,97.0,C:/Users/admin/Downloads/CALVIS/CALVIS/dataset/cmu\synthetic_images\200x200\male\subject_mesh_0280.png,calvis
M_subject_mesh_0281,M,100.0,89.1,98.7,C:/Users/admin/Downloads/CALVIS/CALVIS/dataset/cmu\synthetic_images\200x200\male\subject_mesh_0281.png,calvis
M_subject_mesh_0282,M,108.2,101.4,107.0,C:/Users/admin/Downloads/CALVIS/CALVIS/dataset/cmu\synthetic_images\200x200\male\subject_mesh_0282.png,calvis
M_subject_mesh_0283,M,105.9,94.6,101.6,C:/Users/admin/Downloads/CALVIS/CALVIS/dataset/cmu\synthetic_images\200x200\male\subject_mesh_0283.png,calvis
M_subject_mesh_0284,M,114.8,104.0,111.6,C:/Users/admin/Downloads/CALVIS/CALVIS/dataset/cmu\synthetic_images\200x200\male\subject_mesh_0284.png,calvis
M_subject_mesh_0285,M,105.5,85.8,100.9,C:/Users/admin/Downloads/CALVIS/CALVIS/dataset/cmu\synthetic_images\200x200\male\subject_mesh_0285.png,calvis
M_subject_mesh_0286,M,101.4,86.8,108.1,C:/Users/admin/Downloads/CALVIS/CALVIS/dataset/cmu\synthetic_images\200x200\male\subject_mesh_0286.png,calvis
M_subject_mesh_0287,M,103.1,85.7,105.2,C:/Users/admin/Downloads/CALVIS/CALVIS/dataset/cmu\synthetic_images\200x200\male\subject_mesh_0287.png,calvis
M_subject_mesh_0288,M,108.4,98.5,106.1,C:/Users/admin/Downloads/CALVIS/CALVIS/dataset/cmu\synthetic_images\200x200\male\subject_mesh_0288.png,calvis
M_subject_mesh_0289,M,102.3,91.9,101.8,C:/Users/admin/Downloads/CALVIS/CALVIS/dataset/cmu\synthetic_images\200x200\male\subject_mesh_0289.png,calvis
M_subject_mesh_0290,M,107.4,100.1,104.6,C:/Users/admin/Downloads/CALVIS/CALVIS/dataset/cmu\synthetic_images\200x200\male\subject_mesh_0290.png,calvis
M_subject_mesh_0291,M,113.4,101.1,106.7,C:/Users/admin/Downloads/CALVIS/CALVIS/dataset/cmu\synthetic_images\200x200\male\subject_mesh_0291.png,calvis
M_subject_mesh_0292,M,111.3,104.3,104.1,C:/Users/admin/Downloads/CALVIS/CALVIS/dataset/cmu\synthetic_images\200x200\male\subject_mesh_0292.png,calvis
M_subject_mesh_0293,M,109.8,98.2,108.5,C:/Users/admin/Downloads/CALVIS/CALVIS/dataset/cmu\synthetic_images\200x200\male\subject_mesh_0293.png,calvis
M_subject_mesh_0294,M,101.0,94.3,103.2,C:/Users/admin/Downloads/CALVIS/CALVIS/dataset/cmu\synthetic_images\200x200\male\subject_mesh_0294.png,calvis
M_subject_mesh_0295,M,95.7,81.0,98.9,C:/Users/admin/Downloads/CALVIS/CALVIS/dataset/cmu\synthetic_images\200x200\male\subject_mesh_0295.png,calvis
M_subject_mesh_0296,M,119.3,105.4,105.3,C:/Users/admin/Downloads/CALVIS/CALVIS/dataset/cmu\synthetic_images\200x200\male\subject_mesh_0296.png,calvis
M_subject_mesh_0297,M,102.3,87.5,102.5,C:/Users/admin/Downloads/CALVIS/CALVIS/dataset/cmu\synthetic_images\200x200\male\subject_mesh_0297.png,calvis
M_subject_mesh_0298,M,108.8,97.3,103.1,C:/Users/admin/Downloads/CALVIS/CALVIS/dataset/cmu\synthetic_images\200x200\male\subject_mesh_0298.png,calvis
M_subject_mesh_0299,M,99.4,87.9,95.8,C:/Users/admin/Downloads/CALVIS/CALVIS/dataset/cmu\synthetic_images\200x200\male\subject_mesh_0299.png,calvis
M_subject_mesh_0300,M,117.1,111.8,112.3,C:/Users/admin/Downloads/CALVIS/CALVIS/dataset/cmu\synthetic_images\200x200\male\subject_mesh_0300.png,calvis
M_subject_mesh_0301,M,108.3,101.9,112.5,C:/Users/admin/Downloads/CALVIS/CALVIS/dataset/cmu\synthetic_images\200x200\male\subject_mesh_0301.png,calvis
M_subject_mesh_0302,M,107.8,97.1,104.0,C:/Users/admin/Downloads/CALVIS/CALVIS/dataset/cmu\synthetic_images\200x200\male\subject_mesh_0302.png,calvis
M_subject_mesh_0303,M,105.1,94.0,103.7,C:/Users/admin/Downloads/CALVIS/CALVIS/dataset/cmu\synthetic_images\200x200\male\subject_mesh_0303.png,calvis
M_subject_mesh_0304,M,102.7,88.6,95.9,C:/Users/admin/Downloads/CALVIS/CALVIS/dataset/cmu\synthetic_images\200x200\male\subject_mesh_0304.png,calvis
M_subject_mesh_0305,M,121.4,105.9,105.8,C:/Users/admin/Downloads/CALVIS/CALVIS/dataset/cmu\synthetic_images\200x200\male\subject_mesh_0305.png,calvis
M_subject_mesh_0306,M,96.4,83.8,98.4,C:/Users/admin/Downloads/CALVIS/CALVIS/dataset/cmu\synthetic_images\200x200\male\subject_mesh_0306.png,calvis
M_subject_mesh_0307,M,100.0,90.4,103.0,C:/Users/admin/Downloads/CALVIS/CALVIS/dataset/cmu\synthetic_images\200x200\male\subject_mesh_0307.png,calvis
M_subject_mesh_0308,M,105.7,97.5,108.7,C:/Users/admin/Downloads/CALVIS/CALVIS/dataset/cmu\synthetic_images\200x200\male\subject_mesh_0308.png,calvis
M_subject_mesh_0309,M,113.2,104.3,112.0,C:/Users/admin/Downloads/CALVIS/CALVIS/dataset/cmu\synthetic_images\200x200\male\subject_mesh_0309.png,calvis
M_subject_mesh_0310,M,107.7,99.8,104.3,C:/Users/admin/Downloads/CALVIS/CALVIS/dataset/cmu\synthetic_images\200x200\male\subject_mesh_0310.png,calvis
M_subject_mesh_0311,M,104.5,89.8,102.0,C:/Users/admin/Downloads/CALVIS/CALVIS/dataset/cmu\synthetic_images\200x200\male\subject_mesh_0311.png,calvis
M_subject_mesh_0312,M,109.3,89.5,102.1,C:/Users/admin/Downloads/CALVIS/CALVIS/dataset/cmu\synthetic_images\200x200\male\subject_mesh_0312.png,calvis
M_subject_mesh_0313,M,120.9,112.3,120.6,C:/Users/admin/Downloads/CALVIS/CALVIS/dataset/cmu\synthetic_images\200x200\male\subject_mesh_0313.png,calvis
M_subject_mesh_0314,M,108.6,97.5,107.2,C:/Users/admin/Downloads/CALVIS/CALVIS/dataset/cmu\synthetic_images\200x200\male\subject_mesh_0314.png,calvis
M_subject_mesh_0315,M,110.4,98.7,111.3,C:/Users/admin/Downloads/CALVIS/CALVIS/dataset/cmu\synthetic_images\200x200\male\subject_mesh_0315.png,calvis
M_subject_mesh_0316,M,102.3,88.7,99.9,C:/Users/admin/Downloads/CALVIS/CALVIS/dataset/cmu\synthetic_images\200x200\male\subject_mesh_0316.png,calvis
M_subject_mesh_0317,M,110.2,101.4,110.0,C:/Users/admin/Downloads/CALVIS/CALVIS/dataset/cmu\synthetic_images\200x200\male\subject_mesh_0317.png,calvis
M_subject_mesh_0318,M,99.7,85.5,97.1,C:/Users/admin/Downloads/CALVIS/CALVIS/dataset/cmu\synthetic_images\200x200\male\subject_mesh_0318.png,calvis
M_subject_mesh_0319,M,113.4,98.4,110.7,C:/Users/admin/Downloads/CALVIS/CALVIS/dataset/cmu\synthetic_images\200x200\male\subject_mesh_0319.png,calvis
M_subject_mesh_0320,M,106.1,96.8,104.6,C:/Users/admin/Downloads/CALVIS/CALVIS/dataset/cmu\synthetic_images\200x200\male\subject_mesh_0320.png,calvis
M_subject_mesh_0321,M,112.2,99.9,110.0,C:/Users/admin/Downloads/CALVIS/CALVIS/dataset/cmu\synthetic_images\200x200\male\subject_mesh_0321.png,calvis
M_subject_mesh_0322,M,104.7,96.7,102.3,C:/Users/admin/Downloads/CALVIS/CALVIS/dataset/cmu\synthetic_images\200x200\male\subject_mesh_0322.png,calvis
M_subject_mesh_0323,M,101.5,87.8,104.3,C:/Users/admin/Downloads/CALVIS/CALVIS/dataset/cmu\synthetic_images\200x200\male\subject_mesh_0323.png,calvis
M_subject_mesh_0324,M,106.7,98.1,103.6,C:/Users/admin/Downloads/CALVIS/CALVIS/dataset/cmu\synthetic_images\200x200\male\subject_mesh_0324.png,calvis
M_subject_mesh_0325,M,106.2,93.3,105.2,C:/Users/admin/Downloads/CALVIS/CALVIS/dataset/cmu\synthetic_images\200x200\male\subject_mesh_0325.png,calvis
M_subject_mesh_0326,M,100.8,92.9,97.2,C:/Users/admin/Downloads/CALVIS/CALVIS/dataset/cmu\synthetic_images\200x200\male\subject_mesh_0326.png,calvis
M_subject_mesh_0327,M,107.0,93.1,100.0,C:/Users/admin/Downloads/CALVIS/CALVIS/dataset/cmu\synthetic_images\200x200\male\subject_mesh_0327.png,calvis
M_subject_mesh_0328,M,111.6,97.1,109.3,C:/Users/admin/Downloads/CALVIS/CALVIS/dataset/cmu\synthetic_images\200x200\male\subject_mesh_0328.png,calvis
M_subject_mesh_0329,M,107.4,99.1,102.0,C:/Users/admin/Downloads/CALVIS/CALVIS/dataset/cmu\synthetic_images\200x200\male\subject_mesh_0329.png,calvis
M_subject_mesh_0330,M,107.8,99.4,106.3,C:/Users/admin/Downloads/CALVIS/CALVIS/dataset/cmu\synthetic_images\200x200\male\subject_mesh_0330.png,calvis
M_subject_mesh_0331,M,108.3,97.4,106.5,C:/Users/admin/Downloads/CALVIS/CALVIS/dataset/cmu\synthetic_images\200x200\male\subject_mesh_0331.png,calvis
M_subject_mesh_0332,M,99.2,85.4,94.1,C:/Users/admin/Downloads/CALVIS/CALVIS/dataset/cmu\synthetic_images\200x200\male\subject_mesh_0332.png,calvis
M_subject_mesh_0333,M,105.7,92.1,101.8,C:/Users/admin/Downloads/CALVIS/CALVIS/dataset/cmu\synthetic_images\200x200\male\subject_mesh_0333.png,calvis
M_subject_mesh_0334,M,96.4,80.1,96.2,C:/Users/admin/Downloads/CALVIS/CALVIS/dataset/cmu\synthetic_images\200x200\male\subject_mesh_0334.png,calvis
M_subject_mesh_0335,M,105.0,96.7,98.2,C:/Users/admin/Downloads/CALVIS/CALVIS/dataset/cmu\synthetic_images\200x200\male\subject_mesh_0335.png,calvis
M_subject_mesh_0336,M,104.1,88.7,102.1,C:/Users/admin/Downloads/CALVIS/CALVIS/dataset/cmu\synthetic_images\200x200\male\subject_mesh_0336.png,calvis
M_subject_mesh_0337,M,100.7,87.4,103.0,C:/Users/admin/Downloads/CALVIS/CALVIS/dataset/cmu\synthetic_images\200x200\male\subject_mesh_0337.png,calvis
M_subject_mesh_0338,M,100.5,86.9,100.9,C:/Users/admin/Downloads/CALVIS/CALVIS/dataset/cmu\synthetic_images\200x200\male\subject_mesh_0338.png,calvis
M_subject_mesh_0339,M,107.7,100.2,106.7,C:/Users/admin/Downloads/CALVIS/CALVIS/dataset/cmu\synthetic_images\200x200\male\subject_mesh_0339.png,calvis
M_subject_mesh_0340,M,96.5,82.9,99.5,C:/Users/admin/Downloads/CALVIS/CALVIS/dataset/cmu\synthetic_images\200x200\male\subject_mesh_0340.png,calvis
M_subject_mesh_0341,M,103.7,93.6,101.1,C:/Users/admin/Downloads/CALVIS/CALVIS/dataset/cmu\synthetic_images\200x200\male\subject_mesh_0341.png,calvis
M_subject_mesh_0342,M,101.1,88.4,104.0,C:/Users/admin/Downloads/CALVIS/CALVIS/dataset/cmu\synthetic_images\200x200\male\subject_mesh_0342.png,calvis
M_subject_mesh_0343,M,101.6,87.8,100.8,C:/Users/admin/Downloads/CALVIS/CALVIS/dataset/cmu\synthetic_images\200x200\male\subject_mesh_0343.png,calvis
M_subject_mesh_0344,M,97.4,80.4,98.6,C:/Users/admin/Downloads/CALVIS/CALVIS/dataset/cmu\synthetic_images\200x200\male\subject_mesh_0344.png,calvis
M_subject_mesh_0345,M,103.2,92.3,97.3,C:/Users/admin/Downloads/CALVIS/CALVIS/dataset/cmu\synthetic_images\200x200\male\subject_mesh_0345.png,calvis
M_subject_mesh_0346,M,103.1,88.1,102.4,C:/Users/admin/Downloads/CALVIS/CALVIS/dataset/cmu\synthetic_images\200x200\male\subject_mesh_0346.png,calvis
M_subject_mesh_0347,M,109.8,96.1,102.3,C:/Users/admin/Downloads/CALVIS/CALVIS/dataset/cmu\synthetic_images\200x200\male\subject_mesh_0347.png,calvis
M_subject_mesh_0348,M,111.2,101.3,102.2,C:/Users/admin/Downloads/CALVIS/CALVIS/dataset/cmu\synthetic_images\200x200\male\subject_mesh_0348.png,calvis
M_subject_mesh_0349,M,102.5,87.9,102.4,C:/Users/admin/Downloads/CALVIS/CALVIS/dataset/cmu\synthetic_images\200x200\male\subject_mesh_0349.png,calvis
M_subject_mesh_0350,M,105.0,90.2,98.0,C:/Users/admin/Downloads/CALVIS/CALVIS/dataset/cmu\synthetic_images\200x200\male\subject_mesh_0350.png,calvis
M_subject_mesh_0351,M,141.3,127.9,127.5,C:/Users/admin/Downloads/CALVIS/CALVIS/dataset/cmu\synthetic_images\200x200\male\subject_mesh_0351.png,calvis
M_subject_mesh_0352,M,98.1,83.4,95.2,C:/Users/admin/Downloads/CALVIS/CALVIS/dataset/cmu\synthetic_images\200x200\male\subject_mesh_0352.png,calvis
M_subject_mesh_0353,M,100.4,85.9,103.0,C:/Users/admin/Downloads/CALVIS/CALVIS/dataset/cmu\synthetic_images\200x200\male\subject_mesh_0353.png,calvis
M_subject_mesh_0354,M,105.2,96.4,106.6,C:/Users/admin/Downloads/CALVIS/CALVIS/dataset/cmu\synthetic_images\200x200\male\subject_mesh_0354.png,calvis
M_subject_mesh_0355,M,104.4,92.1,95.7,C:/Users/admin/Downloads/CALVIS/CALVIS/dataset/cmu\synthetic_images\200x200\male\subject_mesh_0355.png,calvis
M_subject_mesh_0356,M,129.6,126.1,126.1,C:/Users/admin/Downloads/CALVIS/CALVIS/dataset/cmu\synthetic_images\200x200\male\subject_mesh_0356.png,calvis
M_subject_mesh_0357,M,101.9,87.9,99.0,C:/Users/admin/Downloads/CALVIS/CALVIS/dataset/cmu\synthetic_images\200x200\male\subject_mesh_0357.png,calvis
M_subject_mesh_0358,M,95.3,79.7,97.5,C:/Users/admin/Downloads/CALVIS/CALVIS/dataset/cmu\synthetic_images\200x200\male\subject_mesh_0358.png,calvis
M_subject_mesh_0359,M,112.0,98.5,103.7,C:/Users/admin/Downloads/CALVIS/CALVIS/dataset/cmu\synthetic_images\200x200\male\subject_mesh_0359.png,calvis
M_subject_mesh_0360,M,97.2,78.2,93.6,C:/Users/admin/Downloads/CALVIS/CALVIS/dataset/cmu\synthetic_images\200x200\male\subject_mesh_0360.png,calvis
M_subject_mesh_0361,M,118.0,112.0,114.4,C:/Users/admin/Downloads/CALVIS/CALVIS/dataset/cmu\synthetic_images\200x200\male\subject_mesh_0361.png,calvis
M_subject_mesh_0362,M,106.1,93.1,102.3,C:/Users/admin/Downloads/CALVIS/CALVIS/dataset/cmu\synthetic_images\200x200\male\subject_mesh_0362.png,calvis
M_subject_mesh_0363,M,104.2,99.7,100.7,C:/Users/admin/Downloads/CALVIS/CALVIS/dataset/cmu\synthetic_images\200x200\male\subject_mesh_0363.png,calvis
M_subject_mesh_0364,M,109.4,96.3,100.6,C:/Users/admin/Downloads/CALVIS/CALVIS/dataset/cmu\synthetic_images\200x200\male\subject_mesh_0364.png,calvis
M_subject_mesh_0365,M,107.9,103.1,107.9,C:/Users/admin/Downloads/CALVIS/CALVIS/dataset/cmu\synthetic_images\200x200\male\subject_mesh_0365.png,calvis
M_subject_mesh_0366,M,101.7,85.2,99.4,C:/Users/admin/Downloads/CALVIS/CALVIS/dataset/cmu\synthetic_images\200x200\male\subject_mesh_0366.png,calvis
M_subject_mesh_0367,M,105.3,91.8,99.7,C:/Users/admin/Downloads/CALVIS/CALVIS/dataset/cmu\synthetic_images\200x200\male\subject_mesh_0367.png,calvis
M_subject_mesh_0368,M,97.5,84.5,93.6,C:/Users/admin/Downloads/CALVIS/CALVIS/dataset/cmu\synthetic_images\200x200\male\subject_mesh_0368.png,calvis
M_subject_mesh_0369,M,120.5,106.7,106.6,C:/Users/admin/Downloads/CALVIS/CALVIS/dataset/cmu\synthetic_images\200x200\male\subject_mesh_0369.png,calvis
M_subject_mesh_0370,M,117.2,107.4,107.5,C:/Users/admin/Downloads/CALVIS/CALVIS/dataset/cmu\synthetic_images\200x200\male\subject_mesh_0370.png,calvis
M_subject_mesh_0371,M,101.4,80.3,97.7,C:/Users/admin/Downloads/CALVIS/CALVIS/dataset/cmu\synthetic_images\200x200\male\subject_mesh_0371.png,calvis
M_subject_mesh_0372,M,115.4,105.3,105.2,C:/Users/admin/Downloads/CALVIS/CALVIS/dataset/cmu\synthetic_images\200x200\male\subject_mesh_0372.png,calvis
M_subject_mesh_0373,M,99.3,86.5,101.5,C:/Users/admin/Downloads/CALVIS/CALVIS/dataset/cmu\synthetic_images\200x200\male\subject_mesh_0373.png,calvis
M_subject_mesh_0374,M,102.2,85.4,98.0,C:/Users/admin/Downloads/CALVIS/CALVIS/dataset/cmu\synthetic_images\200x200\male\subject_mesh_0374.png,calvis
M_subject_mesh_0375,M,97.5,82.2,105.8,C:/Users/admin/Downloads/CALVIS/CALVIS/dataset/cmu\synthetic_images\200x200\male\subject_mesh_0375.png,calvis
M_subject_mesh_0376,M,94.9,78.8,93.6,C:/Users/admin/Downloads/CALVIS/CALVIS/dataset/cmu\synthetic_images\200x200\male\subject_mesh_0376.png,calvis
M_subject_mesh_0377,M,118.2,114.9,117.5,C:/Users/admin/Downloads/CALVIS/CALVIS/dataset/cmu\synthetic_images\200x200\male\subject_mesh_0377.png,calvis
M_subject_mesh_0378,M,107.3,95.7,105.4,C:/Users/admin/Downloads/CALVIS/CALVIS/dataset/cmu\synthetic_images\200x200\male\subject_mesh_0378.png,calvis
M_subject_mesh_0379,M,97.9,78.7,94.2,C:/Users/admin/Downloads/CALVIS/CALVIS/dataset/cmu\synthetic_images\200x200\male\subject_mesh_0379.png,calvis
M_subject_mesh_0380,M,113.1,110.7,113.6,C:/Users/admin/Downloads/CALVIS/CALVIS/dataset/cmu\synthetic_images\200x200\male\subject_mesh_0380.png,calvis
M_subject_mesh_0381,M,108.7,101.9,107.3,C:/Users/admin/Downloads/CALVIS/CALVIS/dataset/cmu\synthetic_images\200x200\male\subject_mesh_0381.png,calvis
M_subject_mesh_0382,M,112.5,106.7,109.2,C:/Users/admin/Downloads/CALVIS/CALVIS/dataset/cmu\synthetic_images\200x200\male\subject_mesh_0382.png,calvis
M_subject_mesh_0383,M,111.3,97.6,108.8,C:/Users/admin/Downloads/CALVIS/CALVIS/dataset/cmu\synthetic_images\200x200\male\subject_mesh_0383.png,calvis
M_subject_mesh_0384,M,107.7,95.4,105.3,C:/Users/admin/Downloads/CALVIS/CALVIS/dataset/cmu\synthetic_images\200x200\male\subject_mesh_0384.png,calvis
M_subject_mesh_0385,M,117.1,102.3,112.4,C:/Users/admin/Downloads/CALVIS/CALVIS/dataset/cmu\synthetic_images\200x200\male\subject_mesh_0385.png,calvis
M_subject_mesh_0386,M,123.0,119.6,125.1,C:/Users/admin/Downloads/CALVIS/CALVIS/dataset/cmu\synthetic_images\200x200\male\subject_mesh_0386.png,calvis
M_subject_mesh_0387,M,103.3,88.2,100.3,C:/Users/admin/Downloads/CALVIS/CALVIS/dataset/cmu\synthetic_images\200x200\male\subject_mesh_0387.png,calvis
M_subject_mesh_0388,M,116.0,108.8,114.6,C:/Users/admin/Downloads/CALVIS/CALVIS/dataset/cmu\synthetic_images\200x200\male\subject_mesh_0388.png,calvis
M_subject_mesh_0389,M,98.6,83.2,99.4,C:/Users/admin/Downloads/CALVIS/CALVIS/dataset/cmu\synthetic_images\200x200\male\subject_mesh_0389.png,calvis
M_subject_mesh_0390,M,103.7,93.1,107.2,C:/Users/admin/Downloads/CALVIS/CALVIS/dataset/cmu\synthetic_images\200x200\male\subject_mesh_0390.png,calvis
M_subject_mesh_0391,M,130.1,122.8,127.1,C:/Users/admin/Downloads/CALVIS/CALVIS/dataset/cmu\synthetic_images\200x200\male\subject_mesh_0391.png,calvis
M_subject_mesh_0392,M,100.9,83.5,95.6,C:/Users/admin/Downloads/CALVIS/CALVIS/dataset/cmu\synthetic_images\200x200\male\subject_mesh_0392.png,calvis
M_subject_mesh_0393,M,104.1,90.5,105.2,C:/Users/admin/Downloads/CALVIS/CALVIS/dataset/cmu\synthetic_images\200x200\male\subject_mesh_0393.png,calvis
M_subject_mesh_0394,M,93.5,77.0,92.3,C:/Users/admin/Downloads/CALVIS/CALVIS/dataset/cmu\synthetic_images\200x200\male\subject_mesh_0394.png,calvis
M_subject_mesh_0395,M,116.0,105.9,108.8,C:/Users/admin/Downloads/CALVIS/CALVIS/dataset/cmu\synthetic_images\200x200\male\subject_mesh_0395.png,calvis
M_subject_mesh_0396,M,109.9,95.0,96.5,C:/Users/admin/Downloads/CALVIS/CALVIS/dataset/cmu\synthetic_images\200x200\male\subject_mesh_0396.png,calvis
M_subject_mesh_0397,M,98.5,82.8,94.9,C:/Users/admin/Downloads/CALVIS/CALVIS/dataset/cmu\synthetic_images\200x200\male\subject_mesh_0397.png,calvis
M_subject_mesh_0398,M,100.3,86.7,96.7,C:/Users/admin/Downloads/CALVIS/CALVIS/dataset/cmu\synthetic_images\200x200\male\subject_mesh_0398.png,calvis
M_subject_mesh_0399,M,114.6,101.9,105.5,C:/Users/admin/Downloads/CALVIS/CALVIS/dataset/cmu\synthetic_images\200x200\male\subject_mesh_0399.png,calvis
M_subject_mesh_0400,M,113.5,106.6,106.5,C:/Users/admin/Downloads/CALVIS/CALVIS/dataset/cmu\synthetic_images\200x200\male\subject_mesh_0400.png,calvis
M_subject_mesh_0401,M,103.2,93.3,97.9,C:/Users/admin/Downloads/CALVIS/CALVIS/dataset/cmu\synthetic_images\200x200\male\subject_mesh_0401.png,calvis
M_subject_mesh_0402,M,123.5,114.9,114.5,C:/Users/admin/Downloads/CALVIS/CALVIS/dataset/cmu\synthetic_images\200x200\male\subject_mesh_0402.png,calvis
M_subject_mesh_0403,M,115.9,109.1,109.6,C:/Users/admin/Downloads/CALVIS/CALVIS/dataset/cmu\synthetic_images\200x200\male\subject_mesh_0403.png,calvis
M_subject_mesh_0404,M,106.3,94.2,107.0,C:/Users/admin/Downloads/CALVIS/CALVIS/dataset/cmu\synthetic_images\200x200\male\subject_mesh_0404.png,calvis
M_subject_mesh_0405,M,123.9,109.8,112.4,C:/Users/admin/Downloads/CALVIS/CALVIS/dataset/cmu\synthetic_images\200x200\male\subject_mesh_0405.png,calvis
M_subject_mesh_0406,M,103.6,86.4,101.9,C:/Users/admin/Downloads/CALVIS/CALVIS/dataset/cmu\synthetic_images\200x200\male\subject_mesh_0406.png,calvis
M_subject_mesh_0407,M,102.8,96.1,103.5,C:/Users/admin/Downloads/CALVIS/CALVIS/dataset/cmu\synthetic_images\200x200\male\subject_mesh_0407.png,calvis
M_subject_mesh_0408,M,106.1,91.7,94.9,C:/Users/admin/Downloads/CALVIS/CALVIS/dataset/cmu\synthetic_images\200x200\male\subject_mesh_0408.png,calvis
M_subject_mesh_0409,M,100.1,82.9,93.9,C:/Users/admin/Downloads/CALVIS/CALVIS/dataset/cmu\synthetic_images\200x200\male\subject_mesh_0409.png,calvis
M_subject_mesh_0410,M,105.1,97.6,103.5,C:/Users/admin/Downloads/CALVIS/CALVIS/dataset/cmu\synthetic_images\200x200\male\subject_mesh_0410.png,calvis
M_subject_mesh_0411,M,127.7,121.1,121.3,C:/Users/admin/Downloads/CALVIS/CALVIS/dataset/cmu\synthetic_images\200x200\male\subject_mesh_0411.png,calvis
M_subject_mesh_0412,M,98.2,87.5,101.6,C:/Users/admin/Downloads/CALVIS/CALVIS/dataset/cmu\synthetic_images\200x200\male\subject_mesh_0412.png,calvis
M_subject_mesh_0413,M,101.8,89.4,99.0,C:/Users/admin/Downloads/CALVIS/CALVIS/dataset/cmu\synthetic_images\200x200\male\subject_mesh_0413.png,calvis
M_subject_mesh_0414,M,98.9,80.3,97.9,C:/Users/admin/Downloads/CALVIS/CALVIS/dataset/cmu\synthetic_images\200x200\male\subject_mesh_0414.png,calvis
M_subject_mesh_0415,M,112.4,95.9,109.7,C:/Users/admin/Downloads/CALVIS/CALVIS/dataset/cmu\synthetic_images\200x200\male\subject_mesh_0415.png,calvis
M_subject_mesh_0416,M,95.0,78.8,97.5,C:/Users/admin/Downloads/CALVIS/CALVIS/dataset/cmu\synthetic_images\200x200\male\subject_mesh_0416.png,calvis
M_subject_mesh_0417,M,100.8,87.4,97.2,C:/Users/admin/Downloads/CALVIS/CALVIS/dataset/cmu\synthetic_images\200x200\male\subject_mesh_0417.png,calvis
M_subject_mesh_0418,M,102.4,89.2,96.3,C:/Users/admin/Downloads/CALVIS/CALVIS/dataset/cmu\synthetic_images\200x200\male\subject_mesh_0418.png,calvis
M_subject_mesh_0419,M,103.0,92.2,96.9,C:/Users/admin/Downloads/CALVIS/CALVIS/dataset/cmu\synthetic_images\200x200\male\subject_mesh_0419.png,calvis
M_subject_mesh_0420,M,118.4,108.7,108.6,C:/Users/admin/Downloads/CALVIS/CALVIS/dataset/cmu\synthetic_images\200x200\male\subject_mesh_0420.png,calvis
M_subject_mesh_0421,M,134.9,128.6,128.1,C:/Users/admin/Downloads/CALVIS/CALVIS/dataset/cmu\synthetic_images\200x200\male\subject_mesh_0421.png,calvis
M_subject_mesh_0422,M,105.7,90.3,101.3,C:/Users/admin/Downloads/CALVIS/CALVIS/dataset/cmu\synthetic_images\200x200\male\subject_mesh_0422.png,calvis
M_subject_mesh_0423,M,105.1,95.3,97.8,C:/Users/admin/Downloads/CALVIS/CALVIS/dataset/cmu\synthetic_images\200x200\male\subject_mesh_0423.png,calvis
M_subject_mesh_0424,M,106.0,98.3,104.3,C:/Users/admin/Downloads/CALVIS/CALVIS/dataset/cmu\synthetic_images\200x200\male\subject_mesh_0424.png,calvis
M_subject_mesh_0425,M,99.3,81.8,101.0,C:/Users/admin/Downloads/CALVIS/CALVIS/dataset/cmu\synthetic_images\200x200\male\subject_mesh_0425.png,calvis
M_subject_mesh_0426,M,115.2,111.4,112.4,C:/Users/admin/Downloads/CALVIS/CALVIS/dataset/cmu\synthetic_images\200x200\male\subject_mesh_0426.png,calvis
M_subject_mesh_0427,M,112.1,103.3,103.1,C:/Users/admin/Downloads/CALVIS/CALVIS/dataset/cmu\synthetic_images\200x200\male\subject_mesh_0427.png,calvis
M_subject_mesh_0428,M,103.2,92.9,108.0,C:/Users/admin/Downloads/CALVIS/CALVIS/dataset/cmu\synthetic_images\200x200\male\subject_mesh_0428.png,calvis
M_subject_mesh_0429,M,100.5,87.8,101.0,C:/Users/admin/Downloads/CALVIS/CALVIS/dataset/cmu\synthetic_images\200x200\male\subject_mesh_0429.png,calvis
M_subject_mesh_0430,M,105.3,87.3,97.5,C:/Users/admin/Downloads/CALVIS/CALVIS/dataset/cmu\synthetic_images\200x200\male\subject_mesh_0430.png,calvis
M_subject_mesh_0431,M,100.4,86.6,100.0,C:/Users/admin/Downloads/CALVIS/CALVIS/dataset/cmu\synthetic_images\200x200\male\subject_mesh_0431.png,calvis
M_subject_mesh_0432,M,104.0,93.2,103.8,C:/Users/admin/Downloads/CALVIS/CALVIS/dataset/cmu\synthetic_images\200x200\male\subject_mesh_0432.png,calvis
M_subject_mesh_0433,M,109.9,102.4,104.9,C:/Users/admin/Downloads/CALVIS/CALVIS/dataset/cmu\synthetic_images\200x200\male\subject_mesh_0433.png,calvis
M_subject_mesh_0434,M,104.9,101.4,104.2,C:/Users/admin/Downloads/CALVIS/CALVIS/dataset/cmu\synthetic_images\200x200\male\subject_mesh_0434.png,calvis
M_subject_mesh_0435,M,97.3,78.6,95.4,C:/Users/admin/Downloads/CALVIS/CALVIS/dataset/cmu\synthetic_images\200x200\male\subject_mesh_0435.png,calvis
M_subject_mesh_0436,M,117.3,108.0,107.9,C:/Users/admin/Downloads/CALVIS/CALVIS/dataset/cmu\synthetic_images\200x200\male\subject_mesh_0436.png,calvis
M_subject_mesh_0437,M,106.8,100.5,108.4,C:/Users/admin/Downloads/CALVIS/CALVIS/dataset/cmu\synthetic_images\200x200\male\subject_mesh_0437.png,calvis
M_subject_mesh_0438,M,105.3,95.4,100.7,C:/Users/admin/Downloads/CALVIS/CALVIS/dataset/cmu\synthetic_images\200x200\male\subject_mesh_0438.png,calvis
M_subject_mesh_0439,M,100.4,84.4,98.8,C:/Users/admin/Downloads/CALVIS/CALVIS/dataset/cmu\synthetic_images\200x200\male\subject_mesh_0439.png,calvis
M_subject_mesh_0440,M,121.4,112.8,112.7,C:/Users/admin/Downloads/CALVIS/CALVIS/dataset/cmu\synthetic_images\200x200\male\subject_mesh_0440.png,calvis
M_subject_mesh_0441,M,120.6,112.2,119.2,C:/Users/admin/Downloads/CALVIS/CALVIS/dataset/cmu\synthetic_images\200x200\male\subject_mesh_0441.png,calvis
M_subject_mesh_0442,M,122.4,113.6,113.6,C:/Users/admin/Downloads/CALVIS/CALVIS/dataset/cmu\synthetic_images\200x200\male\subject_mesh_0442.png,calvis
M_subject_mesh_0443,M,100.7,85.2,100.4,C:/Users/admin/Downloads/CALVIS/CALVIS/dataset/cmu\synthetic_images\200x200\male\subject_mesh_0443.png,calvis
M_subject_mesh_0444,M,117.0,108.7,114.9,C:/Users/admin/Downloads/CALVIS/CALVIS/dataset/cmu\synthetic_images\200x200\male\subject_mesh_0444.png,calvis
M_subject_mesh_0445,M,112.4,101.9,106.0,C:/Users/admin/Downloads/CALVIS/CALVIS/dataset/cmu\synthetic_images\200x200\male\subject_mesh_0445.png,calvis
M_subject_mesh_0446,M,109.3,98.1,104.0,C:/Users/admin/Downloads/CALVIS/CALVIS/dataset/cmu\synthetic_images\200x200\male\subject_mesh_0446.png,calvis
M_subject_mesh_0447,M,107.1,99.0,100.7,C:/Users/admin/Downloads/CALVIS/CALVIS/dataset/cmu\synthetic_images\200x200\male\subject_mesh_0447.png,calvis
M_subject_mesh_0448,M,113.3,103.7,109.0,C:/Users/admin/Downloads/CALVIS/CALVIS/dataset/cmu\synthetic_images\200x200\male\subject_mesh_0448.png,calvis
M_subject_mesh_0449,M,100.2,88.5,94.8,C:/Users/admin/Downloads/CALVIS/CALVIS/dataset/cmu\synthetic_images\200x200\male\subject_mesh_0449.png,calvis
M_subject_mesh_0450,M,109.6,102.0,103.7,C:/Users/admin/Downloads/CALVIS/CALVIS/dataset/cmu\synthetic_images\200x200\male\subject_mesh_0450.png,calvis
M_subject_mesh_0451,M,130.8,124.7,125.1,C:/Users/admin/Downloads/CALVIS/CALVIS/dataset/cmu\synthetic_images\200x200\male\subject_mesh_0451.png,calvis
M_subject_mesh_0452,M,99.2,86.5,103.3,C:/Users/admin/Downloads/CALVIS/CALVIS/dataset/cmu\synthetic_images\200x200\male\subject_mesh_0452.png,calvis
M_subject_mesh_0453,M,101.7,90.0,99.6,C:/Users/admin/Downloads/CALVIS/CALVIS/dataset/cmu\synthetic_images\200x200\male\subject_mesh_0453.png,calvis
M_subject_mesh_0454,M,104.3,83.6,100.0,C:/Users/admin/Downloads/CALVIS/CALVIS/dataset/cmu\synthetic_images\200x200\male\subject_mesh_0454.png,calvis
M_subject_mesh_0455,M,110.6,102.3,104.9,C:/Users/admin/Downloads/CALVIS/CALVIS/dataset/cmu\synthetic_images\200x200\male\subject_mesh_0455.png,calvis
M_subject_mesh_0456,M,102.4,80.3,97.5,C:/Users/admin/Downloads/CALVIS/CALVIS/dataset/cmu\synthetic_images\200x200\male\subject_mesh_0456.png,calvis
M_subject_mesh_0457,M,108.8,92.8,104.4,C:/Users/admin/Downloads/CALVIS/CALVIS/dataset/cmu\synthetic_images\200x200\male\subject_mesh_0457.png,calvis
M_subject_mesh_0458,M,112.8,107.7,108.5,C:/Users/admin/Downloads/CALVIS/CALVIS/dataset/cmu\synthetic_images\200x200\male\subject_mesh_0458.png,calvis
M_subject_mesh_0459,M,94.9,82.5,98.0,C:/Users/admin/Downloads/CALVIS/CALVIS/dataset/cmu\synthetic_images\200x200\male\subject_mesh_0459.png,calvis
M_subject_mesh_0460,M,104.2,88.1,101.2,C:/Users/admin/Downloads/CALVIS/CALVIS/dataset/cmu\synthetic_images\200x200\male\subject_mesh_0460.png,calvis
M_subject_mesh_0461,M,105.9,88.5,98.0,C:/Users/admin/Downloads/CALVIS/CALVIS/dataset/cmu\synthetic_images\200x200\male\subject_mesh_0461.png,calvis
M_subject_mesh_0462,M,96.5,75.9,96.5,C:/Users/admin/Downloads/CALVIS/CALVIS/dataset/cmu\synthetic_images\200x200\male\subject_mesh_0462.png,calvis
M_subject_mesh_0463,M,99.0,85.9,98.9,C:/Users/admin/Downloads/CALVIS/CALVIS/dataset/cmu\synthetic_images\200x200\male\subject_mesh_0463.png,calvis
M_subject_mesh_0464,M,109.2,92.9,109.1,C:/Users/admin/Downloads/CALVIS/CALVIS/dataset/cmu\synthetic_images\200x200\male\subject_mesh_0464.png,calvis
M_subject_mesh_0465,M,104.2,93.5,99.6,C:/Users/admin/Downloads/CALVIS/CALVIS/dataset/cmu\synthetic_images\200x200\male\subject_mesh_0465.png,calvis
M_subject_mesh_0466,M,121.8,113.6,118.8,C:/Users/admin/Downloads/CALVIS/CALVIS/dataset/cmu\synthetic_images\200x200\male\subject_mesh_0466.png,calvis
M_subject_mesh_0467,M,97.1,84.6,100.1,C:/Users/admin/Downloads/CALVIS/CALVIS/dataset/cmu\synthetic_images\200x200\male\subject_mesh_0467.png,calvis
M_subject_mesh_0468,M,126.6,115.8,115.4,C:/Users/admin/Downloads/CALVIS/CALVIS/dataset/cmu\synthetic_images\200x200\male\subject_mesh_0468.png,calvis
M_subject_mesh_0469,M,116.6,104.6,114.3,C:/Users/admin/Downloads/CALVIS/CALVIS/dataset/cmu\synthetic_images\200x200\male\subject_mesh_0469.png,calvis
M_subject_mesh_0470,M,139.0,137.3,138.7,C:/Users/admin/Downloads/CALVIS/CALVIS/dataset/cmu\synthetic_images\200x200\male\subject_mesh_0470.png,calvis
M_subject_mesh_0471,M,111.9,100.6,103.8,C:/Users/admin/Downloads/CALVIS/CALVIS/dataset/cmu\synthetic_images\200x200\male\subject_mesh_0471.png,calvis
M_subject_mesh_0472,M,115.4,105.1,111.2,C:/Users/admin/Downloads/CALVIS/CALVIS/dataset/cmu\synthetic_images\200x200\male\subject_mesh_0472.png,calvis
M_subject_mesh_0473,M,144.5,132.4,131.5,C:/Users/admin/Downloads/CALVIS/CALVIS/dataset/cmu\synthetic_images\200x200\male\subject_mesh_0473.png,calvis
M_subject_mesh_0474,M,104.7,94.3,106.8,C:/Users/admin/Downloads/CALVIS/CALVIS/dataset/cmu\synthetic_images\200x200\male\subject_mesh_0474.png,calvis
M_subject_mesh_0475,M,106.9,94.4,106.6,C:/Users/admin/Downloads/CALVIS/CALVIS/dataset/cmu\synthetic_images\200x200\male\subject_mesh_0475.png,calvis
M_subject_mesh_0476,M,94.5,78.5,93.3,C:/Users/admin/Downloads/CALVIS/CALVIS/dataset/cmu\synthetic_images\200x200\male\subject_mesh_0476.png,calvis
M_subject_mesh_0477,M,93.3,80.8,96.5,C:/Users/admin/Downloads/CALVIS/CALVIS/dataset/cmu\synthetic_images\200x200\male\subject_mesh_0477.png,calvis
M_subject_mesh_0478,M,99.5,80.6,95.7,C:/Users/admin/Downloads/CALVIS/CALVIS/dataset/cmu\synthetic_images\200x200\male\subject_mesh_0478.png,calvis
M_subject_mesh_0479,M,99.8,84.0,100.4,C:/Users/admin/Downloads/CALVIS/CALVIS/dataset/cmu\synthetic_images\200x200\male\subject_mesh_0479.png,calvis
M_subject_mesh_0480,M,114.0,102.9,106.8,C:/Users/admin/Downloads/CALVIS/CALVIS/dataset/cmu\synthetic_images\200x200\male\subject_mesh_0480.png,calvis
M_subject_mesh_0481,M,98.9,81.1,92.8,C:/Users/admin/Downloads/CALVIS/CALVIS/dataset/cmu\synthetic_images\200x200\male\subject_mesh_0481.png,calvis
M_subject_mesh_0482,M,111.4,98.0,101.6,C:/Users/admin/Downloads/CALVIS/CALVIS/dataset/cmu\synthetic_images\200x200\male\subject_mesh_0482.png,calvis
M_subject_mesh_0483,M,114.2,111.9,111.9,C:/Users/admin/Downloads/CALVIS/CALVIS/dataset/cmu\synthetic_images\200x200\male\subject_mesh_0483.png,calvis
M_subject_mesh_0484,M,105.1,95.5,98.0,C:/Users/admin/Downloads/CALVIS/CALVIS/dataset/cmu\synthetic_images\200x200\male\subject_mesh_0484.png,calvis
M_subject_mesh_0485,M,130.6,113.6,113.2,C:/Users/admin/Downloads/CALVIS/CALVIS/dataset/cmu\synthetic_images\200x200\male\subject_mesh_0485.png,calvis
M_subject_mesh_0486,M,111.8,105.6,107.9,C:/Users/admin/Downloads/CALVIS/CALVIS/dataset/cmu\synthetic_images\200x200\male\subject_mesh_0486.png,calvis
M_subject_mesh_0487,M,116.2,108.6,113.5,C:/Users/admin/Downloads/CALVIS/CALVIS/dataset/cmu\synthetic_images\200x200\male\subject_mesh_0487.png,calvis
M_subject_mesh_0488,M,108.7,95.9,104.0,C:/Users/admin/Downloads/CALVIS/CALVIS/dataset/cmu\synthetic_images\200x200\male\subject_mesh_0488.png,calvis
M_subject_mesh_0489,M,105.7,96.2,104.0,C:/Users/admin/Downloads/CALVIS/CALVIS/dataset/cmu\synthetic_images\200x200\male\subject_mesh_0489.png,calvis
M_subject_mesh_0490,M,110.4,102.1,108.1,C:/Users/admin/Downloads/CALVIS/CALVIS/dataset/cmu\synthetic_images\200x200\male\subject_mesh_0490.png,calvis
M_subject_mesh_0491,M,138.3,132.5,132.4,C:/Users/admin/Downloads/CALVIS/CALVIS/dataset/cmu\synthetic_images\200x200\male\subject_mesh_0491.png,calvis
M_subject_mesh_0492,M,97.6,84.7,98.1,C:/Users/admin/Downloads/CALVIS/CALVIS/dataset/cmu\synthetic_images\200x200\male\subject_mesh_0492.png,calvis
M_subject_mesh_0493,M,103.2,90.5,105.5,C:/Users/admin/Downloads/CALVIS/CALVIS/dataset/cmu\synthetic_images\200x200\male\subject_mesh_0493.png,calvis
M_subject_mesh_0494,M,99.1,82.9,99.1,C:/Users/admin/Downloads/CALVIS/CALVIS/dataset/cmu\synthetic_images\200x200\male\subject_mesh_0494.png,calvis
M_subject_mesh_0495,M,110.2,101.0,109.4,C:/Users/admin/Downloads/CALVIS/CALVIS/dataset/cmu\synthetic_images\200x200\male\subject_mesh_0495.png,calvis
M_subject_mesh_0496,M,106.8,102.3,105.0,C:/Users/admin/Downloads/CALVIS/CALVIS/dataset/cmu\synthetic_images\200x200\male\subject_mesh_0496.png,calvis
M_subject_mesh_0497,M,104.8,91.5,106.2,C:/Users/admin/Downloads/CALVIS/CALVIS/dataset/cmu\synthetic_images\200x200\male\subject_mesh_0497.png,calvis
M_subject_mesh_0498,M,108.6,99.3,105.3,C:/Users/admin/Downloads/CALVIS/CALVIS/dataset/cmu\synthetic_images\200x200\male\subject_mesh_0498.png,calvis
M_subject_mesh_0499,M,107.3,100.1,110.4,C:/Users/admin/Downloads/CALVIS/CALVIS/dataset/cmu\synthetic_images\200x200\male\subject_mesh_0499.png,calvis
M_subject_mesh_0500,M,104.7,95.1,99.7,C:/Users/admin/Downloads/CALVIS/CALVIS/dataset/cmu\synthetic_images\200x200\male\subject_mesh_0500.png,calvis
M_subject_mesh_0501,M,97.1,81.8,94.8,C:/Users/admin/Downloads/CALVIS/CALVIS/dataset/cmu\synthetic_images\200x200\male\subject_mesh_0501.png,calvis
M_subject_mesh_0502,M,104.8,91.5,102.1,C:/Users/admin/Downloads/CALVIS/CALVIS/dataset/cmu\synthetic_images\200x200\male\subject_mesh_0502.png,calvis
M_subject_mesh_0503,M,100.9,83.8,97.3,C:/Users/admin/Downloads/CALVIS/CALVIS/dataset/cmu\synthetic_images\200x200\male\subject_mesh_0503.png,calvis
M_subject_mesh_0504,M,111.5,102.4,111.4,C:/Users/admin/Downloads/CALVIS/CALVIS/dataset/cmu\synthetic_images\200x200\male\subject_mesh_0504.png,calvis
M_subject_mesh_0505,M,104.3,84.8,97.5,C:/Users/admin/Downloads/CALVIS/CALVIS/dataset/cmu\synthetic_images\200x200\male\subject_mesh_0505.png,calvis
M_subject_mesh_0506,M,103.0,94.4,98.5,C:/Users/admin/Downloads/CALVIS/CALVIS/dataset/cmu\synthetic_images\200x200\male\subject_mesh_0506.png,calvis
M_subject_mesh_0507,M,99.5,83.4,103.1,C:/Users/admin/Downloads/CALVIS/CALVIS/dataset/cmu\synthetic_images\200x200\male\subject_mesh_0507.png,calvis
M_subject_mesh_0508,M,107.7,95.0,104.1,C:/Users/admin/Downloads/CALVIS/CALVIS/dataset/cmu\synthetic_images\200x200\male\subject_mesh_0508.png,calvis
M_subject_mesh_0509,M,105.8,90.0,102.5,C:/Users/admin/Downloads/CALVIS/CALVIS/dataset/cmu\synthetic_images\200x200\male\subject_mesh_0509.png,calvis
M_subject_mesh_0510,M,105.5,97.3,100.7,C:/Users/admin/Downloads/CALVIS/CALVIS/dataset/cmu\synthetic_images\200x200\male\subject_mesh_0510.png,calvis
M_subject_mesh_0511,M,113.4,105.3,115.9,C:/Users/admin/Downloads/CALVIS/CALVIS/dataset/cmu\synthetic_images\200x200\male\subject_mesh_0511.png,calvis
M_subject_mesh_0512,M,101.3,89.9,103.5,C:/Users/admin/Downloads/CALVIS/CALVIS/dataset/cmu\synthetic_images\200x200\male\subject_mesh_0512.png,calvis
M_subject_mesh_0513,M,116.9,107.6,107.6,C:/Users/admin/Downloads/CALVIS/CALVIS/dataset/cmu\synthetic_images\200x200\male\subject_mesh_0513.png,calvis
M_subject_mesh_0514,M,104.2,91.9,102.9,C:/Users/admin/Downloads/CALVIS/CALVIS/dataset/cmu\synthetic_images\200x200\male\subject_mesh_0514.png,calvis
M_subject_mesh_0515,M,101.4,84.8,100.8,C:/Users/admin/Downloads/CALVIS/CALVIS/dataset/cmu\synthetic_images\200x200\male\subject_mesh_0515.png,calvis
M_subject_mesh_0516,M,99.9,81.3,97.4,C:/Users/admin/Downloads/CALVIS/CALVIS/dataset/cmu\synthetic_images\200x200\male\subject_mesh_0516.png,calvis
M_subject_mesh_0517,M,99.5,83.4,98.6,C:/Users/admin/Downloads/CALVIS/CALVIS/dataset/cmu\synthetic_images\200x200\male\subject_mesh_0517.png,calvis
M_subject_mesh_0518,M,107.4,97.3,103.3,C:/Users/admin/Downloads/CALVIS/CALVIS/dataset/cmu\synthetic_images\200x200\male\subject_mesh_0518.png,calvis
M_subject_mesh_0519,M,103.9,92.4,103.7,C:/Users/admin/Downloads/CALVIS/CALVIS/dataset/cmu\synthetic_images\200x200\male\subject_mesh_0519.png,calvis
M_subject_mesh_0520,M,99.5,85.6,99.2,C:/Users/admin/Downloads/CALVIS/CALVIS/dataset/cmu\synthetic_images\200x200\male\subject_mesh_0520.png,calvis
M_subject_mesh_0521,M,100.2,85.2,100.4,C:/Users/admin/Downloads/CALVIS/CALVIS/dataset/cmu\synthetic_images\200x200\male\subject_mesh_0521.png,calvis
M_subject_mesh_0522,M,104.0,95.1,110.0,C:/Users/admin/Downloads/CALVIS/CALVIS/dataset/cmu\synthetic_images\200x200\male\subject_mesh_0522.png,calvis
M_subject_mesh_0523,M,98.7,88.3,101.0,C:/Users/admin/Downloads/CALVIS/CALVIS/dataset/cmu\synthetic_images\200x200\male\subject_mesh_0523.png,calvis
M_subject_mesh_0524,M,101.6,88.9,102.5,C:/Users/admin/Downloads/CALVIS/CALVIS/dataset/cmu\synthetic_images\200x200\male\subject_mesh_0524.png,calvis
M_subject_mesh_0525,M,102.5,86.3,100.4,C:/Users/admin/Downloads/CALVIS/CALVIS/dataset/cmu\synthetic_images\200x200\male\subject_mesh_0525.png,calvis
M_subject_mesh_0526,M,110.7,100.3,106.4,C:/Users/admin/Downloads/CALVIS/CALVIS/dataset/cmu\synthetic_images\200x200\male\subject_mesh_0526.png,calvis
M_subject_mesh_0527,M,102.4,94.6,103.5,C:/Users/admin/Downloads/CALVIS/CALVIS/dataset/cmu\synthetic_images\200x200\male\subject_mesh_0527.png,calvis
M_subject_mesh_0528,M,115.8,104.2,106.6,C:/Users/admin/Downloads/CALVIS/CALVIS/dataset/cmu\synthetic_images\200x200\male\subject_mesh_0528.png,calvis
M_subject_mesh_0529,M,113.1,100.9,110.4,C:/Users/admin/Downloads/CALVIS/CALVIS/dataset/cmu\synthetic_images\200x200\male\subject_mesh_0529.png,calvis
M_subject_mesh_0530,M,101.1,89.0,95.8,C:/Users/admin/Downloads/CALVIS/CALVIS/dataset/cmu\synthetic_images\200x200\male\subject_mesh_0530.png,calvis
M_subject_mesh_0531,M,110.9,104.3,104.3,C:/Users/admin/Downloads/CALVIS/CALVIS/dataset/cmu\synthetic_images\200x200\male\subject_mesh_0531.png,calvis
M_subject_mesh_0532,M,100.4,93.4,109.4,C:/Users/admin/Downloads/CALVIS/CALVIS/dataset/cmu\synthetic_images\200x200\male\subject_mesh_0532.png,calvis
M_subject_mesh_0533,M,108.6,99.1,103.9,C:/Users/admin/Downloads/CALVIS/CALVIS/dataset/cmu\synthetic_images\200x200\male\subject_mesh_0533.png,calvis
M_subject_mesh_0534,M,94.7,80.0,96.4,C:/Users/admin/Downloads/CALVIS/CALVIS/dataset/cmu\synthetic_images\200x200\male\subject_mesh_0534.png,calvis
M_subject_mesh_0535,M,101.3,92.6,99.0,C:/Users/admin/Downloads/CALVIS/CALVIS/dataset/cmu\synthetic_images\200x200\male\subject_mesh_0535.png,calvis
M_subject_mesh_0536,M,103.0,87.9,100.4,C:/Users/admin/Downloads/CALVIS/CALVIS/dataset/cmu\synthetic_images\200x200\male\subject_mesh_0536.png,calvis
M_subject_mesh_0537,M,98.6,92.8,100.8,C:/Users/admin/Downloads/CALVIS/CALVIS/dataset/cmu\synthetic_images\200x200\male\subject_mesh_0537.png,calvis
M_subject_mesh_0538,M,99.9,88.7,98.9,C:/Users/admin/Downloads/CALVIS/CALVIS/dataset/cmu\synthetic_images\200x200\male\subject_mesh_0538.png,calvis
M_subject_mesh_0539,M,104.1,89.8,98.8,C:/Users/admin/Downloads/CALVIS/CALVIS/dataset/cmu\synthetic_images\200x200\male\subject_mesh_0539.png,calvis
M_subject_mesh_0540,M,93.4,78.8,93.9,C:/Users/admin/Downloads/CALVIS/CALVIS/dataset/cmu\synthetic_images\200x200\male\subject_mesh_0540.png,calvis
M_subject_mesh_0541,M,133.8,126.1,126.1,C:/Users/admin/Downloads/CALVIS/CALVIS/dataset/cmu\synthetic_images\200x200\male\subject_mesh_0541.png,calvis
M_subject_mesh_0542,M,119.9,111.6,116.7,C:/Users/admin/Downloads/CALVIS/CALVIS/dataset/cmu\synthetic_images\200x200\male\subject_mesh_0542.png,calvis
M_subject_mesh_0543,M,98.4,84.1,98.2,C:/Users/admin/Downloads/CALVIS/CALVIS/dataset/cmu\synthetic_images\200x200\male\subject_mesh_0543.png,calvis
M_subject_mesh_0544,M,108.8,101.5,102.3,C:/Users/admin/Downloads/CALVIS/CALVIS/dataset/cmu\synthetic_images\200x200\male\subject_mesh_0544.png,calvis
M_subject_mesh_0545,M,97.9,86.5,97.5,C:/Users/admin/Downloads/CALVIS/CALVIS/dataset/cmu\synthetic_images\200x200\male\subject_mesh_0545.png,calvis
M_subject_mesh_0546,M,100.9,94.6,104.7,C:/Users/admin/Downloads/CALVIS/CALVIS/dataset/cmu\synthetic_images\200x200\male\subject_mesh_0546.png,calvis
M_subject_mesh_0547,M,110.5,102.6,103.3,C:/Users/admin/Downloads/CALVIS/CALVIS/dataset/cmu\synthetic_images\200x200\male\subject_mesh_0547.png,calvis
M_subject_mesh_0548,M,106.4,98.5,104.9,C:/Users/admin/Downloads/CALVIS/CALVIS/dataset/cmu\synthetic_images\200x200\male\subject_mesh_0548.png,calvis
M_subject_mesh_0549,M,102.9,90.5,102.6,C:/Users/admin/Downloads/CALVIS/CALVIS/dataset/cmu\synthetic_images\200x200\male\subject_mesh_0549.png,calvis
M_subject_mesh_0550,M,108.4,93.0,109.1,C:/Users/admin/Downloads/CALVIS/CALVIS/dataset/cmu\synthetic_images\200x200\male\subject_mesh_0550.png,calvis
M_subject_mesh_0551,M,113.3,104.0,104.3,C:/Users/admin/Downloads/CALVIS/CALVIS/dataset/cmu\synthetic_images\200x200\male\subject_mesh_0551.png,calvis
M_subject_mesh_0552,M,102.8,88.9,101.4,C:/Users/admin/Downloads/CALVIS/CALVIS/dataset/cmu\synthetic_images\200x200\male\subject_mesh_0552.png,calvis
M_subject_mesh_0553,M,116.0,104.3,104.3,C:/Users/admin/Downloads/CALVIS/CALVIS/dataset/cmu\synthetic_images\200x200\male\subject_mesh_0553.png,calvis
M_subject_mesh_0554,M,102.5,84.5,101.1,C:/Users/admin/Downloads/CALVIS/CALVIS/dataset/cmu\synthetic_images\200x200\male\subject_mesh_0554.png,calvis
M_subject_mesh_0555,M,100.1,87.4,98.0,C:/Users/admin/Downloads/CALVIS/CALVIS/dataset/cmu\synthetic_images\200x200\male\subject_mesh_0555.png,calvis
M_subject_mesh_0556,M,103.7,95.8,102.3,C:/Users/admin/Downloads/CALVIS/CALVIS/dataset/cmu\synthetic_images\200x200\male\subject_mesh_0556.png,calvis
M_subject_mesh_0557,M,97.6,82.5,98.7,C:/Users/admin/Downloads/CALVIS/CALVIS/dataset/cmu\synthetic_images\200x200\male\subject_mesh_0557.png,calvis
M_subject_mesh_0558,M,108.6,97.7,98.7,C:/Users/admin/Downloads/CALVIS/CALVIS/dataset/cmu\synthetic_images\200x200\male\subject_mesh_0558.png,calvis
M_subject_mesh_0559,M,100.4,86.3,96.4,C:/Users/admin/Downloads/CALVIS/CALVIS/dataset/cmu\synthetic_images\200x200\male\subject_mesh_0559.png,calvis
M_subject_mesh_0560,M,109.5,93.2,106.4,C:/Users/admin/Downloads/CALVIS/CALVIS/dataset/cmu\synthetic_images\200x200\male\subject_mesh_0560.png,calvis
M_subject_mesh_0561,M,106.3,95.8,108.7,C:/Users/admin/Downloads/CALVIS/CALVIS/dataset/cmu\synthetic_images\200x200\male\subject_mesh_0561.png,calvis
M_subject_mesh_0562,M,102.1,94.9,98.1,C:/Users/admin/Downloads/CALVIS/CALVIS/dataset/cmu\synthetic_images\200x200\male\subject_mesh_0562.png,calvis
M_subject_mesh_0563,M,101.0,85.3,99.3,C:/Users/admin/Downloads/CALVIS/CALVIS/dataset/cmu\synthetic_images\200x200\male\subject_mesh_0563.png,calvis
M_subject_mesh_0564,M,108.3,92.8,113.8,C:/Users/admin/Downloads/CALVIS/CALVIS/dataset/cmu\synthetic_images\200x200\male\subject_mesh_0564.png,calvis
M_subject_mesh_0565,M,104.2,90.2,98.9,C:/Users/admin/Downloads/CALVIS/CALVIS/dataset/cmu\synthetic_images\200x200\male\subject_mesh_0565.png,calvis
M_subject_mesh_0566,M,96.8,80.8,96.4,C:/Users/admin/Downloads/CALVIS/CALVIS/dataset/cmu\synthetic_images\200x200\male\subject_mesh_0566.png,calvis
M_subject_mesh_0567,M,112.9,101.2,102.5,C:/Users/admin/Downloads/CALVIS/CALVIS/dataset/cmu\synthetic_images\200x200\male\subject_mesh_0567.png,calvis
M_subject_mesh_0568,M,107.1,93.1,100.9,C:/Users/admin/Downloads/CALVIS/CALVIS/dataset/cmu\synthetic_images\200x200\male\subject_mesh_0568.png,calvis
M_subject_mesh_0569,M,94.5,74.6,91.2,C:/Users/admin/Downloads/CALVIS/CALVIS/dataset/cmu\synthetic_images\200x200\male\subject_mesh_0569.png,calvis
M_subject_mesh_0570,M,108.9,93.2,98.9,C:/Users/admin/Downloads/CALVIS/CALVIS/dataset/cmu\synthetic_images\200x200\male\subject_mesh_0570.png,calvis
M_subject_mesh_0571,M,120.9,117.0,116.9,C:/Users/admin/Downloads/CALVIS/CALVIS/dataset/cmu\synthetic_images\200x200\male\subject_mesh_0571.png,calvis
M_subject_mesh_0572,M,104.3,89.8,104.3,C:/Users/admin/Downloads/CALVIS/CALVIS/dataset/cmu\synthetic_images\200x200\male\subject_mesh_0572.png,calvis
M_subject_mesh_0573,M,98.8,86.6,102.1,C:/Users/admin/Downloads/CALVIS/CALVIS/dataset/cmu\synthetic_images\200x200\male\subject_mesh_0573.png,calvis
M_subject_mesh_0574,M,104.0,82.3,99.9,C:/Users/admin/Downloads/CALVIS/CALVIS/dataset/cmu\synthetic_images\200x200\male\subject_mesh_0574.png,calvis
M_subject_mesh_0575,M,143.1,134.0,133.5,C:/Users/admin/Downloads/CALVIS/CALVIS/dataset/cmu\synthetic_images\200x200\male\subject_mesh_0575.png,calvis
M_subject_mesh_0576,M,106.3,96.7,111.9,C:/Users/admin/Downloads/CALVIS/CALVIS/dataset/cmu\synthetic_images\200x200\male\subject_mesh_0576.png,calvis
M_subject_mesh_0577,M,105.0,101.6,104.8,C:/Users/admin/Downloads/CALVIS/CALVIS/dataset/cmu\synthetic_images\200x200\male\subject_mesh_0577.png,calvis
M_subject_mesh_0578,M,110.2,101.4,112.9,C:/Users/admin/Downloads/CALVIS/CALVIS/dataset/cmu\synthetic_images\200x200\male\subject_mesh_0578.png,calvis
M_subject_mesh_0579,M,100.9,88.2,103.7,C:/Users/admin/Downloads/CALVIS/CALVIS/dataset/cmu\synthetic_images\200x200\male\subject_mesh_0579.png,calvis
M_subject_mesh_0580,M,96.2,77.6,95.0,C:/Users/admin/Downloads/CALVIS/CALVIS/dataset/cmu\synthetic_images\200x200\male\subject_mesh_0580.png,calvis
M_subject_mesh_0581,M,102.7,83.4,101.2,C:/Users/admin/Downloads/CALVIS/CALVIS/dataset/cmu\synthetic_images\200x200\male\subject_mesh_0581.png,calvis
M_subject_mesh_0582,M,121.5,110.6,110.6,C:/Users/admin/Downloads/CALVIS/CALVIS/dataset/cmu\synthetic_images\200x200\male\subject_mesh_0582.png,calvis
M_subject_mesh_0583,M,98.0,89.5,95.0,C:/Users/admin/Downloads/CALVIS/CALVIS/dataset/cmu\synthetic_images\200x200\male\subject_mesh_0583.png,calvis
M_subject_mesh_0584,M,106.3,91.7,104.4,C:/Users/admin/Downloads/CALVIS/CALVIS/dataset/cmu\synthetic_images\200x200\male\subject_mesh_0584.png,calvis
M_subject_mesh_0585,M,111.7,96.7,102.5,C:/Users/admin/Downloads/CALVIS/CALVIS/dataset/cmu\synthetic_images\200x200\male\subject_mesh_0585.png,calvis
M_subject_mesh_0586,M,103.4,86.2,100.1,C:/Users/admin/Downloads/CALVIS/CALVIS/dataset/cmu\synthetic_images\200x200\male\subject_mesh_0586.png,calvis
M_subject_mesh_0587,M,106.8,87.9,103.9,C:/Users/admin/Downloads/CALVIS/CALVIS/dataset/cmu\synthetic_images\200x200\male\subject_mesh_0587.png,calvis
M_subject_mesh_0588,M,103.2,89.2,104.5,C:/Users/admin/Downloads/CALVIS/CALVIS/dataset/cmu\synthetic_images\200x200\male\subject_mesh_0588.png,calvis
M_subject_mesh_0589,M,122.9,111.3,110.8,C:/Users/admin/Downloads/CALVIS/CALVIS/dataset/cmu\synthetic_images\200x200\male\subject_mesh_0589.png,calvis
M_subject_mesh_0590,M,99.2,84.6,97.2,C:/Users/admin/Downloads/CALVIS/CALVIS/dataset/cmu\synthetic_images\200x200\male\subject_mesh_0590.png,calvis
M_subject_mesh_0591,M,111.1,97.9,101.0,C:/Users/admin/Downloads/CALVIS/CALVIS/dataset/cmu\synthetic_images\200x200\male\subject_mesh_0591.png,calvis
M_subject_mesh_0592,M,98.5,90.8,97.6,C:/Users/admin/Downloads/CALVIS/CALVIS/dataset/cmu\synthetic_images\200x200\male\subject_mesh_0592.png,calvis
M_subject_mesh_0593,M,97.0,77.4,91.5,C:/Users/admin/Downloads/CALVIS/CALVIS/dataset/cmu\synthetic_images\200x200\male\subject_mesh_0593.png,calvis
M_subject_mesh_0594,M,92.3,76.8,95.3,C:/Users/admin/Downloads/CALVIS/CALVIS/dataset/cmu\synthetic_images\200x200\male\subject_mesh_0594.png,calvis
M_subject_mesh_0595,M,120.7,117.2,118.7,C:/Users/admin/Downloads/CALVIS/CALVIS/dataset/cmu\synthetic_images\200x200\male\subject_mesh_0595.png,calvis
M_subject_mesh_0596,M,97.7,78.8,93.7,C:/Users/admin/Downloads/CALVIS/CALVIS/dataset/cmu\synthetic_images\200x200\male\subject_mesh_0596.png,calvis
M_subject_mesh_0597,M,110.0,104.1,109.1,C:/Users/admin/Downloads/CALVIS/CALVIS/dataset/cmu\synthetic_images\200x200\male\subject_mesh_0597.png,calvis
M_subject_mesh_0598,M,100.9,87.2,102.8,C:/Users/admin/Downloads/CALVIS/CALVIS/dataset/cmu\synthetic_images\200x200\male\subject_mesh_0598.png,calvis
M_subject_mesh_0599,M,100.7,86.4,102.0,C:/Users/admin/Downloads/CALVIS/CALVIS/dataset/cmu\synthetic_images\200x200\male\subject_mesh_0599.png,calvis
M_subject_mesh_0600,M,107.9,97.3,103.7,C:/Users/admin/Downloads/CALVIS/CALVIS/dataset/cmu\synthetic_images\200x200\male\subject_mesh_0600.png,calvis
M_subject_mesh_0601,M,99.9,81.1,97.9,C:/Users/admin/Downloads/CALVIS/CALVIS/dataset/cmu\synthetic_images\200x200\male\subject_mesh_0601.png,calvis
M_subject_mesh_0602,M,98.8,85.0,103.9,C:/Users/admin/Downloads/CALVIS/CALVIS/dataset/cmu\synthetic_images\200x200\male\subject_mesh_0602.png,calvis
M_subject_mesh_0603,M,110.1,99.1,109.7,C:/Users/admin/Downloads/CALVIS/CALVIS/dataset/cmu\synthetic_images\200x200\male\subject_mesh_0603.png,calvis
M_subject_mesh_0604,M,104.1,89.3,104.7,C:/Users/admin/Downloads/CALVIS/CALVIS/dataset/cmu\synthetic_images\200x200\male\subject_mesh_0604.png,calvis
M_subject_mesh_0605,M,109.5,95.4,103.7,C:/Users/admin/Downloads/CALVIS/CALVIS/dataset/cmu\synthetic_images\200x200\male\subject_mesh_0605.png,calvis
M_subject_mesh_0606,M,102.7,88.7,101.7,C:/Users/admin/Downloads/CALVIS/CALVIS/dataset/cmu\synthetic_images\200x200\male\subject_mesh_0606.png,calvis
M_subject_mesh_0607,M,98.0,81.4,95.5,C:/Users/admin/Downloads/CALVIS/CALVIS/dataset/cmu\synthetic_images\200x200\male\subject_mesh_0607.png,calvis
M_subject_mesh_0608,M,120.5,113.6,113.5,C:/Users/admin/Downloads/CALVIS/CALVIS/dataset/cmu\synthetic_images\200x200\male\subject_mesh_0608.png,calvis
M_subject_mesh_0609,M,106.2,95.9,106.9,C:/Users/admin/Downloads/CALVIS/CALVIS/dataset/cmu\synthetic_images\200x200\male\subject_mesh_0609.png,calvis
M_subject_mesh_0610,M,92.4,73.4,87.5,C:/Users/admin/Downloads/CALVIS/CALVIS/dataset/cmu\synthetic_images\200x200\male\subject_mesh_0610.png,calvis
M_subject_mesh_0611,M,110.4,103.1,109.8,C:/Users/admin/Downloads/CALVIS/CALVIS/dataset/cmu\synthetic_images\200x200\male\subject_mesh_0611.png,calvis
M_subject_mesh_0612,M,103.6,90.9,101.2,C:/Users/admin/Downloads/CALVIS/CALVIS/dataset/cmu\synthetic_images\200x200\male\subject_mesh_0612.png,calvis
M_subject_mesh_0613,M,103.9,92.4,102.7,C:/Users/admin/Downloads/CALVIS/CALVIS/dataset/cmu\synthetic_images\200x200\male\subject_mesh_0613.png,calvis
M_subject_mesh_0614,M,109.9,99.7,103.7,C:/Users/admin/Downloads/CALVIS/CALVIS/dataset/cmu\synthetic_images\200x200\male\subject_mesh_0614.png,calvis
M_subject_mesh_0615,M,121.4,118.1,126.3,C:/Users/admin/Downloads/CALVIS/CALVIS/dataset/cmu\synthetic_images\200x200\male\subject_mesh_0615.png,calvis
M_subject_mesh_0616,M,115.3,108.4,108.1,C:/Users/admin/Downloads/CALVIS/CALVIS/dataset/cmu\synthetic_images\200x200\male\subject_mesh_0616.png,calvis
M_subject_mesh_0617,M,117.3,105.0,107.4,C:/Users/admin/Downloads/CALVIS/CALVIS/dataset/cmu\synthetic_images\200x200\male\subject_mesh_0617.png,calvis
M_subject_mesh_0618,M,97.0,86.8,98.9,C:/Users/admin/Downloads/CALVIS/CALVIS/dataset/cmu\synthetic_images\200x200\male\subject_mesh_0618.png,calvis
M_subject_mesh_0619,M,106.2,93.5,103.0,C:/Users/admin/Downloads/CALVIS/CALVIS/dataset/cmu\synthetic_images\200x200\male\subject_mesh_0619.png,calvis
M_subject_mesh_0620,M,95.3,82.2,100.3,C:/Users/admin/Downloads/CALVIS/CALVIS/dataset/cmu\synthetic_images\200x200\male\subject_mesh_0620.png,calvis
M_subject_mesh_0621,M,117.2,100.6,110.7,C:/Users/admin/Downloads/CALVIS/CALVIS/dataset/cmu\synthetic_images\200x200\male\subject_mesh_0621.png,calvis
M_subject_mesh_0622,M,106.2,97.2,102.3,C:/Users/admin/Downloads/CALVIS/CALVIS/dataset/cmu\synthetic_images\200x200\male\subject_mesh_0622.png,calvis
M_subject_mesh_0623,M,95.1,82.6,99.2,C:/Users/admin/Downloads/CALVIS/CALVIS/dataset/cmu\synthetic_images\200x200\male\subject_mesh_0623.png,calvis
M_subject_mesh_0624,M,101.2,95.6,102.3,C:/Users/admin/Downloads/CALVIS/CALVIS/dataset/cmu\synthetic_images\200x200\male\subject_mesh_0624.png,calvis
M_subject_mesh_0625,M,114.9,105.8,105.7,C:/Users/admin/Downloads/CALVIS/CALVIS/dataset/cmu\synthetic_images\200x200\male\subject_mesh_0625.png,calvis
M_subject_mesh_0626,M,100.6,91.3,100.9,C:/Users/admin/Downloads/CALVIS/CALVIS/dataset/cmu\synthetic_images\200x200\male\subject_mesh_0626.png,calvis
M_subject_mesh_0627,M,107.2,96.5,109.1,C:/Users/admin/Downloads/CALVIS/CALVIS/dataset/cmu\synthetic_images\200x200\male\subject_mesh_0627.png,calvis
M_subject_mesh_0628,M,107.3,98.3,99.4,C:/Users/admin/Downloads/CALVIS/CALVIS/dataset/cmu\synthetic_images\200x200\male\subject_mesh_0628.png,calvis
M_subject_mesh_0629,M,112.0,100.2,104.9,C:/Users/admin/Downloads/CALVIS/CALVIS/dataset/cmu\synthetic_images\200x200\male\subject_mesh_0629.png,calvis
M_subject_mesh_0630,M,112.4,100.0,109.2,C:/Users/admin/Downloads/CALVIS/CALVIS/dataset/cmu\synthetic_images\200x200\male\subject_mesh_0630.png,calvis
M_subject_mesh_0631,M,108.6,97.2,104.1,C:/Users/admin/Downloads/CALVIS/CALVIS/dataset/cmu\synthetic_images\200x200\male\subject_mesh_0631.png,calvis
M_subject_mesh_0632,M,100.0,92.6,96.0,C:/Users/admin/Downloads/CALVIS/CALVIS/dataset/cmu\synthetic_images\200x200\male\subject_mesh_0632.png,calvis
M_subject_mesh_0633,M,116.3,107.8,114.3,C:/Users/admin/Downloads/CALVIS/CALVIS/dataset/cmu\synthetic_images\200x200\male\subject_mesh_0633.png,calvis
M_subject_mesh_0634,M,134.2,123.6,123.5,C:/Users/admin/Downloads/CALVIS/CALVIS/dataset/cmu\synthetic_images\200x200\male\subject_mesh_0634.png,calvis
M_subject_mesh_0635,M,99.9,78.1,97.0,C:/Users/admin/Downloads/CALVIS/CALVIS/dataset/cmu\synthetic_images\200x200\male\subject_mesh_0635.png,calvis
M_subject_mesh_0636,M,97.7,85.5,94.4,C:/Users/admin/Downloads/CALVIS/CALVIS/dataset/cmu\synthetic_images\200x200\male\subject_mesh_0636.png,calvis
M_subject_mesh_0637,M,105.8,94.4,98.7,C:/Users/admin/Downloads/CALVIS/CALVIS/dataset/cmu\synthetic_images\200x200\male\subject_mesh_0637.png,calvis
M_subject_mesh_0638,M,99.6,83.6,98.9,C:/Users/admin/Downloads/CALVIS/CALVIS/dataset/cmu\synthetic_images\200x200\male\subject_mesh_0638.png,calvis
M_subject_mesh_0639,M,98.1,86.4,100.1,C:/Users/admin/Downloads/CALVIS/CALVIS/dataset/cmu\synthetic_images\200x200\male\subject_mesh_0639.png,calvis
M_subject_mesh_0640,M,117.3,113.5,113.5,C:/Users/admin/Downloads/CALVIS/CALVIS/dataset/cmu\synthetic_images\200x200\male\subject_mesh_0640.png,calvis
M_subject_mesh_0641,M,116.2,105.9,105.9,C:/Users/admin/Downloads/CALVIS/CALVIS/dataset/cmu\synthetic_images\200x200\male\subject_mesh_0641.png,calvis
M_subject_mesh_0642,M,107.9,94.3,108.6,C:/Users/admin/Downloads/CALVIS/CALVIS/dataset/cmu\synthetic_images\200x200\male\subject_mesh_0642.png,calvis
M_subject_mesh_0643,M,101.3,85.2,99.6,C:/Users/admin/Downloads/CALVIS/CALVIS/dataset/cmu\synthetic_images\200x200\male\subject_mesh_0643.png,calvis
M_subject_mesh_0644,M,120.5,114.0,114.8,C:/Users/admin/Downloads/CALVIS/CALVIS/dataset/cmu\synthetic_images\200x200\male\subject_mesh_0644.png,calvis
M_subject_mesh_0645,M,105.5,97.0,109.6,C:/Users/admin/Downloads/CALVIS/CALVIS/dataset/cmu\synthetic_images\200x200\male\subject_mesh_0645.png,calvis
M_subject_mesh_0646,M,112.8,104.4,104.4,C:/Users/admin/Downloads/CALVIS/CALVIS/dataset/cmu\synthetic_images\200x200\male\subject_mesh_0646.png,calvis
M_subject_mesh_0647,M,110.0,101.2,113.6,C:/Users/admin/Downloads/CALVIS/CALVIS/dataset/cmu\synthetic_images\200x200\male\subject_mesh_0647.png,calvis
M_subject_mesh_0648,M,104.5,89.1,100.7,C:/Users/admin/Downloads/CALVIS/CALVIS/dataset/cmu\synthetic_images\200x200\male\subject_mesh_0648.png,calvis
M_subject_mesh_0649,M,105.1,92.7,105.3,C:/Users/admin/Downloads/CALVIS/CALVIS/dataset/cmu\synthetic_images\200x200\male\subject_mesh_0649.png,calvis
M_subject_mesh_0650,M,105.8,89.5,104.2,C:/Users/admin/Downloads/CALVIS/CALVIS/dataset/cmu\synthetic_images\200x200\male\subject_mesh_0650.png,calvis
M_subject_mesh_0651,M,113.2,103.4,104.9,C:/Users/admin/Downloads/CALVIS/CALVIS/dataset/cmu\synthetic_images\200x200\male\subject_mesh_0651.png,calvis
M_subject_mesh_0652,M,95.7,78.3,93.7,C:/Users/admin/Downloads/CALVIS/CALVIS/dataset/cmu\synthetic_images\200x200\male\subject_mesh_0652.png,calvis
M_subject_mesh_0653,M,114.0,109.4,113.4,C:/Users/admin/Downloads/CALVIS/CALVIS/dataset/cmu\synthetic_images\200x200\male\subject_mesh_0653.png,calvis
M_subject_mesh_0654,M,114.3,104.6,108.7,C:/Users/admin/Downloads/CALVIS/CALVIS/dataset/cmu\synthetic_images\200x200\male\subject_mesh_0654.png,calvis
M_subject_mesh_0655,M,88.1,72.2,88.2,C:/Users/admin/Downloads/CALVIS/CALVIS/dataset/cmu\synthetic_images\200x200\male\subject_mesh_0655.png,calvis
M_subject_mesh_0656,M,104.8,92.9,102.2,C:/Users/admin/Downloads/CALVIS/CALVIS/dataset/cmu\synthetic_images\200x200\male\subject_mesh_0656.png,calvis
M_subject_mesh_0657,M,107.7,101.5,103.1,C:/Users/admin/Downloads/CALVIS/CALVIS/dataset/cmu\synthetic_images\200x200\male\subject_mesh_0657.png,calvis
M_subject_mesh_0658,M,106.2,91.2,105.8,C:/Users/admin/Downloads/CALVIS/CALVIS/dataset/cmu\synthetic_images\200x200\male\subject_mesh_0658.png,calvis
M_subject_mesh_0659,M,105.3,91.1,110.2,C:/Users/admin/Downloads/CALVIS/CALVIS/dataset/cmu\synthetic_images\200x200\male\subject_mesh_0659.png,calvis
M_subject_mesh_0660,M,115.2,111.1,111.0,C:/Users/admin/Downloads/CALVIS/CALVIS/dataset/cmu\synthetic_images\200x200\male\subject_mesh_0660.png,calvis
M_subject_mesh_0661,M,105.4,95.4,110.1,C:/Users/admin/Downloads/CALVIS/CALVIS/dataset/cmu\synthetic_images\200x200\male\subject_mesh_0661.png,calvis
M_subject_mesh_0662,M,93.0,81.8,93.7,C:/Users/admin/Downloads/CALVIS/CALVIS/dataset/cmu\synthetic_images\200x200\male\subject_mesh_0662.png,calvis
M_subject_mesh_0663,M,99.0,85.2,98.4,C:/Users/admin/Downloads/CALVIS/CALVIS/dataset/cmu\synthetic_images\200x200\male\subject_mesh_0663.png,calvis
M_subject_mesh_0664,M,121.0,111.8,111.6,C:/Users/admin/Downloads/CALVIS/CALVIS/dataset/cmu\synthetic_images\200x200\male\subject_mesh_0664.png,calvis
M_subject_mesh_0665,M,92.9,70.9,91.7,C:/Users/admin/Downloads/CALVIS/CALVIS/dataset/cmu\synthetic_images\200x200\male\subject_mesh_0665.png,calvis
M_subject_mesh_0666,M,99.1,83.3,95.3,C:/Users/admin/Downloads/CALVIS/CALVIS/dataset/cmu\synthetic_images\200x200\male\subject_mesh_0666.png,calvis
M_subject_mesh_0667,M,116.7,109.9,118.1,C:/Users/admin/Downloads/CALVIS/CALVIS/dataset/cmu\synthetic_images\200x200\male\subject_mesh_0667.png,calvis
M_subject_mesh_0668,M,104.3,88.6,98.5,C:/Users/admin/Downloads/CALVIS/CALVIS/dataset/cmu\synthetic_images\200x200\male\subject_mesh_0668.png,calvis
M_subject_mesh_0669,M,101.0,83.0,93.4,C:/Users/admin/Downloads/CALVIS/CALVIS/dataset/cmu\synthetic_images\200x200\male\subject_mesh_0669.png,calvis
M_subject_mesh_0670,M,128.4,123.0,124.2,C:/Users/admin/Downloads/CALVIS/CALVIS/dataset/cmu\synthetic_images\200x200\male\subject_mesh_0670.png,calvis
M_subject_mesh_0671,M,113.3,99.2,108.1,C:/Users/admin/Downloads/CALVIS/CALVIS/dataset/cmu\synthetic_images\200x200\male\subject_mesh_0671.png,calvis
M_subject_mesh_0672,M,93.9,76.6,90.2,C:/Users/admin/Downloads/CALVIS/CALVIS/dataset/cmu\synthetic_images\200x200\male\subject_mesh_0672.png,calvis
M_subject_mesh_0673,M,105.0,92.5,101.9,C:/Users/admin/Downloads/CALVIS/CALVIS/dataset/cmu\synthetic_images\200x200\male\subject_mesh_0673.png,calvis
M_subject_mesh_0674,M,108.1,92.1,100.4,C:/Users/admin/Downloads/CALVIS/CALVIS/dataset/cmu\synthetic_images\200x200\male\subject_mesh_0674.png,calvis
M_subject_mesh_0675,M,107.1,91.9,99.6,C:/Users/admin/Downloads/CALVIS/CALVIS/dataset/cmu\synthetic_images\200x200\male\subject_mesh_0675.png,calvis
M_subject_mesh_0676,M,100.1,86.3,98.2,C:/Users/admin/Downloads/CALVIS/CALVIS/dataset/cmu\synthetic_images\200x200\male\subject_mesh_0676.png,calvis
M_subject_mesh_0677,M,103.5,92.4,103.6,C:/Users/admin/Downloads/CALVIS/CALVIS/dataset/cmu\synthetic_images\200x200\male\subject_mesh_0677.png,calvis
M_subject_mesh_0678,M,101.5,91.5,98.4,C:/Users/admin/Downloads/CALVIS/CALVIS/dataset/cmu\synthetic_images\200x200\male\subject_mesh_0678.png,calvis
M_subject_mesh_0679,M,110.5,102.7,112.3,C:/Users/admin/Downloads/CALVIS/CALVIS/dataset/cmu\synthetic_images\200x200\male\subject_mesh_0679.png,calvis
M_subject_mesh_0680,M,104.7,94.0,99.1,C:/Users/admin/Downloads/CALVIS/CALVIS/dataset/cmu\synthetic_images\200x200\male\subject_mesh_0680.png,calvis
M_subject_mesh_0681,M,108.8,97.0,109.9,C:/Users/admin/Downloads/CALVIS/CALVIS/dataset/cmu\synthetic_images\200x200\male\subject_mesh_0681.png,calvis
M_subject_mesh_0682,M,101.0,89.7,106.8,C:/Users/admin/Downloads/CALVIS/CALVIS/dataset/cmu\synthetic_images\200x200\male\subject_mesh_0682.png,calvis
M_subject_mesh_0683,M,105.3,90.6,102.1,C:/Users/admin/Downloads/CALVIS/CALVIS/dataset/cmu\synthetic_images\200x200\male\subject_mesh_0683.png,calvis
M_subject_mesh_0684,M,100.7,86.5,98.3,C:/Users/admin/Downloads/CALVIS/CALVIS/dataset/cmu\synthetic_images\200x200\male\subject_mesh_0684.png,calvis
M_subject_mesh_0685,M,107.0,94.3,109.7,C:/Users/admin/Downloads/CALVIS/CALVIS/dataset/cmu\synthetic_images\200x200\male\subject_mesh_0685.png,calvis
M_subject_mesh_0686,M,102.4,91.8,98.9,C:/Users/admin/Downloads/CALVIS/CALVIS/dataset/cmu\synthetic_images\200x200\male\subject_mesh_0686.png,calvis
M_subject_mesh_0687,M,102.7,91.5,103.3,C:/Users/admin/Downloads/CALVIS/CALVIS/dataset/cmu\synthetic_images\200x200\male\subject_mesh_0687.png,calvis
M_subject_mesh_0688,M,103.2,88.9,98.7,C:/Users/admin/Downloads/CALVIS/CALVIS/dataset/cmu\synthetic_images\200x200\male\subject_mesh_0688.png,calvis
M_subject_mesh_0689,M,123.3,115.0,115.0,C:/Users/admin/Downloads/CALVIS/CALVIS/dataset/cmu\synthetic_images\200x200\male\subject_mesh_0689.png,calvis
M_subject_mesh_0690,M,109.2,101.3,106.7,C:/Users/admin/Downloads/CALVIS/CALVIS/dataset/cmu\synthetic_images\200x200\male\subject_mesh_0690.png,calvis
M_subject_mesh_0691,M,96.5,77.1,97.5,C:/Users/admin/Downloads/CALVIS/CALVIS/dataset/cmu\synthetic_images\200x200\male\subject_mesh_0691.png,calvis
M_subject_mesh_0692,M,109.2,99.6,103.0,C:/Users/admin/Downloads/CALVIS/CALVIS/dataset/cmu\synthetic_images\200x200\male\subject_mesh_0692.png,calvis
M_subject_mesh_0693,M,123.4,113.8,115.8,C:/Users/admin/Downloads/CALVIS/CALVIS/dataset/cmu\synthetic_images\200x200\male\subject_mesh_0693.png,calvis
M_subject_mesh_0694,M,115.6,104.2,111.0,C:/Users/admin/Downloads/CALVIS/CALVIS/dataset/cmu\synthetic_images\200x200\male\subject_mesh_0694.png,calvis
M_subject_mesh_0695,M,106.0,93.0,100.6,C:/Users/admin/Downloads/CALVIS/CALVIS/dataset/cmu\synthetic_images\200x200\male\subject_mesh_0695.png,calvis
M_subject_mesh_0696,M,109.8,97.7,106.7,C:/Users/admin/Downloads/CALVIS/CALVIS/dataset/cmu\synthetic_images\200x200\male\subject_mesh_0696.png,calvis
M_subject_mesh_0697,M,121.9,117.6,122.1,C:/Users/admin/Downloads/CALVIS/CALVIS/dataset/cmu\synthetic_images\200x200\male\subject_mesh_0697.png,calvis
M_subject_mesh_0698,M,112.7,101.8,108.2,C:/Users/admin/Downloads/CALVIS/CALVIS/dataset/cmu\synthetic_images\200x200\male\subject_mesh_0698.png,calvis
M_subject_mesh_0699,M,110.1,96.3,112.7,C:/Users/admin/Downloads/CALVIS/CALVIS/dataset/cmu\synthetic_images\200x200\male\subject_mesh_0699.png,calvis
M_subject_mesh_0700,M,108.5,103.5,105.8,C:/Users/admin/Downloads/CALVIS/CALVIS/dataset/cmu\synthetic_images\200x200\male\subject_mesh_0700.png,calvis
M_subject_mesh_0701,M,108.6,97.5,101.3,C:/Users/admin/Downloads/CALVIS/CALVIS/dataset/cmu\synthetic_images\200x200\male\subject_mesh_0701.png,calvis
M_subject_mesh_0702,M,110.3,99.9,105.9,C:/Users/admin/Downloads/CALVIS/CALVIS/dataset/cmu\synthetic_images\200x200\male\subject_mesh_0702.png,calvis
M_subject_mesh_0703,M,99.6,87.0,100.6,C:/Users/admin/Downloads/CALVIS/CALVIS/dataset/cmu\synthetic_images\200x200\male\subject_mesh_0703.png,calvis
M_subject_mesh_0704,M,104.9,94.4,107.7,C:/Users/admin/Downloads/CALVIS/CALVIS/dataset/cmu\synthetic_images\200x200\male\subject_mesh_0704.png,calvis
M_subject_mesh_0705,M,105.9,91.2,110.1,C:/Users/admin/Downloads/CALVIS/CALVIS/dataset/cmu\synthetic_images\200x200\male\subject_mesh_0705.png,calvis
M_subject_mesh_0706,M,105.2,94.3,108.6,C:/Users/admin/Downloads/CALVIS/CALVIS/dataset/cmu\synthetic_images\200x200\male\subject_mesh_0706.png,calvis
M_subject_mesh_0707,M,94.3,84.4,99.5,C:/Users/admin/Downloads/CALVIS/CALVIS/dataset/cmu\synthetic_images\200x200\male\subject_mesh_0707.png,calvis
M_subject_mesh_0708,M,140.9,134.7,134.4,C:/Users/admin/Downloads/CALVIS/CALVIS/dataset/cmu\synthetic_images\200x200\male\subject_mesh_0708.png,calvis
M_subject_mesh_0709,M,110.8,99.0,98.9,C:/Users/admin/Downloads/CALVIS/CALVIS/dataset/cmu\synthetic_images\200x200\male\subject_mesh_0709.png,calvis
M_subject_mesh_0710,M,106.3,93.6,104.3,C:/Users/admin/Downloads/CALVIS/CALVIS/dataset/cmu\synthetic_images\200x200\male\subject_mesh_0710.png,calvis
M_subject_mesh_0711,M,109.0,101.4,104.2,C:/Users/admin/Downloads/CALVIS/CALVIS/dataset/cmu\synthetic_images\200x200\male\subject_mesh_0711.png,calvis
M_subject_mesh_0712,M,103.4,85.9,101.5,C:/Users/admin/Downloads/CALVIS/CALVIS/dataset/cmu\synthetic_images\200x200\male\subject_mesh_0712.png,calvis
M_subject_mesh_0713,M,115.0,106.9,109.2,C:/Users/admin/Downloads/CALVIS/CALVIS/dataset/cmu\synthetic_images\200x200\male\subject_mesh_0713.png,calvis
M_subject_mesh_0714,M,115.6,103.0,110.3,C:/Users/admin/Downloads/CALVIS/CALVIS/dataset/cmu\synthetic_images\200x200\male\subject_mesh_0714.png,calvis
M_subject_mesh_0715,M,100.8,86.6,100.5,C:/Users/admin/Downloads/CALVIS/CALVIS/dataset/cmu\synthetic_images\200x200\male\subject_mesh_0715.png,calvis
M_subject_mesh_0716,M,98.1,79.7,94.1,C:/Users/admin/Downloads/CALVIS/CALVIS/dataset/cmu\synthetic_images\200x200\male\subject_mesh_0716.png,calvis
M_subject_mesh_0717,M,105.5,90.0,105.3,C:/Users/admin/Downloads/CALVIS/CALVIS/dataset/cmu\synthetic_images\200x200\male\subject_mesh_0717.png,calvis
M_subject_mesh_0718,M,89.9,80.5,95.4,C:/Users/admin/Downloads/CALVIS/CALVIS/dataset/cmu\synthetic_images\200x200\male\subject_mesh_0718.png,calvis
M_subject_mesh_0719,M,103.5,90.7,100.1,C:/Users/admin/Downloads/CALVIS/CALVIS/dataset/cmu\synthetic_images\200x200\male\subject_mesh_0719.png,calvis
M_subject_mesh_0720,M,113.4,102.3,106.7,C:/Users/admin/Downloads/CALVIS/CALVIS/dataset/cmu\synthetic_images\200x200\male\subject_mesh_0720.png,calvis
M_subject_mesh_0721,M,104.0,91.0,103.2,C:/Users/admin/Downloads/CALVIS/CALVIS/dataset/cmu\synthetic_images\200x200\male\subject_mesh_0721.png,calvis
M_subject_mesh_0722,M,111.9,107.5,109.0,C:/Users/admin/Downloads/CALVIS/CALVIS/dataset/cmu\synthetic_images\200x200\male\subject_mesh_0722.png,calvis
M_subject_mesh_0723,M,107.3,98.9,99.2,C:/Users/admin/Downloads/CALVIS/CALVIS/dataset/cmu\synthetic_images\200x200\male\subject_mesh_0723.png,calvis
M_subject_mesh_0724,M,110.8,96.6,104.2,C:/Users/admin/Downloads/CALVIS/CALVIS/dataset/cmu\synthetic_images\200x200\male\subject_mesh_0724.png,calvis
M_subject_mesh_0725,M,105.5,92.7,103.8,C:/Users/admin/Downloads/CALVIS/CALVIS/dataset/cmu\synthetic_images\200x200\male\subject_mesh_0725.png,calvis
M_subject_mesh_0726,M,96.6,82.0,97.5,C:/Users/admin/Downloads/CALVIS/CALVIS/dataset/cmu\synthetic_images\200x200\male\subject_mesh_0726.png,calvis
M_subject_mesh_0727,M,99.4,81.4,96.4,C:/Users/admin/Downloads/CALVIS/CALVIS/dataset/cmu\synthetic_images\200x200\male\subject_mesh_0727.png,calvis
M_subject_mesh_0728,M,104.0,88.8,99.1,C:/Users/admin/Downloads/CALVIS/CALVIS/dataset/cmu\synthetic_images\200x200\male\subject_mesh_0728.png,calvis
M_subject_mesh_0729,M,93.6,81.4,93.9,C:/Users/admin/Downloads/CALVIS/CALVIS/dataset/cmu\synthetic_images\200x200\male\subject_mesh_0729.png,calvis
M_subject_mesh_0730,M,114.5,108.0,108.1,C:/Users/admin/Downloads/CALVIS/CALVIS/dataset/cmu\synthetic_images\200x200\male\subject_mesh_0730.png,calvis
M_subject_mesh_0731,M,110.0,101.1,107.2,C:/Users/admin/Downloads/CALVIS/CALVIS/dataset/cmu\synthetic_images\200x200\male\subject_mesh_0731.png,calvis
M_subject_mesh_0732,M,121.2,115.4,120.4,C:/Users/admin/Downloads/CALVIS/CALVIS/dataset/cmu\synthetic_images\200x200\male\subject_mesh_0732.png,calvis
M_subject_mesh_0733,M,105.4,96.5,103.5,C:/Users/admin/Downloads/CALVIS/CALVIS/dataset/cmu\synthetic_images\200x200\male\subject_mesh_0733.png,calvis
M_subject_mesh_0734,M,114.5,105.2,113.7,C:/Users/admin/Downloads/CALVIS/CALVIS/dataset/cmu\synthetic_images\200x200\male\subject_mesh_0734.png,calvis
M_subject_mesh_0735,M,106.1,92.5,98.7,C:/Users/admin/Downloads/CALVIS/CALVIS/dataset/cmu\synthetic_images\200x200\male\subject_mesh_0735.png,calvis
M_subject_mesh_0736,M,100.2,80.2,99.8,C:/Users/admin/Downloads/CALVIS/CALVIS/dataset/cmu\synthetic_images\200x200\male\subject_mesh_0736.png,calvis
M_subject_mesh_0737,M,98.1,83.9,101.8,C:/Users/admin/Downloads/CALVIS/CALVIS/dataset/cmu\synthetic_images\200x200\male\subject_mesh_0737.png,calvis
M_subject_mesh_0738,M,138.3,135.7,136.1,C:/Users/admin/Downloads/CALVIS/CALVIS/dataset/cmu\synthetic_images\200x200\male\subject_mesh_0738.png,calvis
M_subject_mesh_0739,M,99.0,84.0,101.3,C:/Users/admin/Downloads/CALVIS/CALVIS/dataset/cmu\synthetic_images\200x200\male\subject_mesh_0739.png,calvis
M_subject_mesh_0740,M,97.8,82.0,94.3,C:/Users/admin/Downloads/CALVIS/CALVIS/dataset/cmu\synthetic_images\200x200\male\subject_mesh_0740.png,calvis
M_subject_mesh_0741,M,99.8,85.1,101.5,C:/Users/admin/Downloads/CALVIS/CALVIS/dataset/cmu\synthetic_images\200x200\male\subject_mesh_0741.png,calvis
M_subject_mesh_0742,M,118.4,113.1,113.1,C:/Users/admin/Downloads/CALVIS/CALVIS/dataset/cmu\synthetic_images\200x200\male\subject_mesh_0742.png,calvis
M_subject_mesh_0743,M,111.5,104.5,110.3,C:/Users/admin/Downloads/CALVIS/CALVIS/dataset/cmu\synthetic_images\200x200\male\subject_mesh_0743.png,calvis
M_subject_mesh_0744,M,107.1,87.9,100.8,C:/Users/admin/Downloads/CALVIS/CALVIS/dataset/cmu\synthetic_images\200x200\male\subject_mesh_0744.png,calvis
M_subject_mesh_0745,M,113.0,94.5,105.4,C:/Users/admin/Downloads/CALVIS/CALVIS/dataset/cmu\synthetic_images\200x200\male\subject_mesh_0745.png,calvis
M_subject_mesh_0746,M,101.5,89.1,97.1,C:/Users/admin/Downloads/CALVIS/CALVIS/dataset/cmu\synthetic_images\200x200\male\subject_mesh_0746.png,calvis
M_subject_mesh_0747,M,127.1,122.0,121.9,C:/Users/admin/Downloads/CALVIS/CALVIS/dataset/cmu\synthetic_images\200x200\male\subject_mesh_0747.png,calvis
M_subject_mesh_0748,M,111.7,102.7,109.6,C:/Users/admin/Downloads/CALVIS/CALVIS/dataset/cmu\synthetic_images\200x200\male\subject_mesh_0748.png,calvis
M_subject_mesh_0749,M,102.6,90.2,102.3,C:/Users/admin/Downloads/CALVIS/CALVIS/dataset/cmu\synthetic_images\200x200\male\subject_mesh_0749.png,calvis
M_subject_mesh_0750,M,116.5,106.8,109.8,C:/Users/admin/Downloads/CALVIS/CALVIS/dataset/cmu\synthetic_images\200x200\male\subject_mesh_0750.png,calvis
M_subject_mesh_0751,M,96.7,85.3,100.1,C:/Users/admin/Downloads/CALVIS/CALVIS/dataset/cmu\synthetic_images\200x200\male\subject_mesh_0751.png,calvis
M_subject_mesh_0752,M,106.1,97.5,105.9,C:/Users/admin/Downloads/CALVIS/CALVIS/dataset/cmu\synthetic_images\200x200\male\subject_mesh_0752.png,calvis
M_subject_mesh_0753,M,107.2,98.1,103.2,C:/Users/admin/Downloads/CALVIS/CALVIS/dataset/cmu\synthetic_images\200x200\male\subject_mesh_0753.png,calvis
M_subject_mesh_0754,M,105.4,94.7,101.6,C:/Users/admin/Downloads/CALVIS/CALVIS/dataset/cmu\synthetic_images\200x200\male\subject_mesh_0754.png,calvis
M_subject_mesh_0755,M,96.5,83.9,99.6,C:/Users/admin/Downloads/CALVIS/CALVIS/dataset/cmu\synthetic_images\200x200\male\subject_mesh_0755.png,calvis
M_subject_mesh_0756,M,107.4,96.6,105.8,C:/Users/admin/Downloads/CALVIS/CALVIS/dataset/cmu\synthetic_images\200x200\male\subject_mesh_0756.png,calvis
M_subject_mesh_0757,M,105.9,92.2,109.4,C:/Users/admin/Downloads/CALVIS/CALVIS/dataset/cmu\synthetic_images\200x200\male\subject_mesh_0757.png,calvis
M_subject_mesh_0758,M,109.4,103.2,105.7,C:/Users/admin/Downloads/CALVIS/CALVIS/dataset/cmu\synthetic_images\200x200\male\subject_mesh_0758.png,calvis
M_subject_mesh_0759,M,112.6,105.1,106.3,C:/Users/admin/Downloads/CALVIS/CALVIS/dataset/cmu\synthetic_images\200x200\male\subject_mesh_0759.png,calvis
M_subject_mesh_0760,M,114.2,106.1,106.1,C:/Users/admin/Downloads/CALVIS/CALVIS/dataset/cmu\synthetic_images\200x200\male\subject_mesh_0760.png,calvis
M_subject_mesh_0761,M,89.9,74.7,84.4,C:/Users/admin/Downloads/CALVIS/CALVIS/dataset/cmu\synthetic_images\200x200\male\subject_mesh_0761.png,calvis
M_subject_mesh_0762,M,95.7,76.1,94.8,C:/Users/admin/Downloads/CALVIS/CALVIS/dataset/cmu\synthetic_images\200x200\male\subject_mesh_0762.png,calvis
M_subject_mesh_0763,M,124.3,113.1,113.0,C:/Users/admin/Downloads/CALVIS/CALVIS/dataset/cmu\synthetic_images\200x200\male\subject_mesh_0763.png,calvis
M_subject_mesh_0764,M,103.2,98.4,104.2,C:/Users/admin/Downloads/CALVIS/CALVIS/dataset/cmu\synthetic_images\200x200\male\subject_mesh_0764.png,calvis
M_subject_mesh_0765,M,124.0,116.2,120.3,C:/Users/admin/Downloads/CALVIS/CALVIS/dataset/cmu\synthetic_images\200x200\male\subject_mesh_0765.png,calvis
M_subject_mesh_0766,M,96.6,81.9,100.5,C:/Users/admin/Downloads/CALVIS/CALVIS/dataset/cmu\synthetic_images\200x200\male\subject_mesh_0766.png,calvis
M_subject_mesh_0767,M,99.0,84.3,101.5,C:/Users/admin/Downloads/CALVIS/CALVIS/dataset/cmu\synthetic_images\200x200\male\subject_mesh_0767.png,calvis
M_subject_mesh_0768,M,99.7,84.4,100.1,C:/Users/admin/Downloads/CALVIS/CALVIS/dataset/cmu\synthetic_images\200x200\male\subject_mesh_0768.png,calvis
M_subject_mesh_0769,M,95.9,78.2,91.7,C:/Users/admin/Downloads/CALVIS/CALVIS/dataset/cmu\synthetic_images\200x200\male\subject_mesh_0769.png,calvis
M_subject_mesh_0770,M,94.3,78.1,93.2,C:/Users/admin/Downloads/CALVIS/CALVIS/dataset/cmu\synthetic_images\200x200\male\subject_mesh_0770.png,calvis
M_subject_mesh_0771,M,103.8,96.1,107.1,C:/Users/admin/Downloads/CALVIS/CALVIS/dataset/cmu\synthetic_images\200x200\male\subject_mesh_0771.png,calvis
M_subject_mesh_0772,M,105.5,89.6,100.0,C:/Users/admin/Downloads/CALVIS/CALVIS/dataset/cmu\synthetic_images\200x200\male\subject_mesh_0772.png,calvis
M_subject_mesh_0773,M,102.9,86.9,101.9,C:/Users/admin/Downloads/CALVIS/CALVIS/dataset/cmu\synthetic_images\200x200\male\subject_mesh_0773.png,calvis
M_subject_mesh_0774,M,118.8,116.2,116.0,C:/Users/admin/Downloads/CALVIS/CALVIS/dataset/cmu\synthetic_images\200x200\male\subject_mesh_0774.png,calvis
M_subject_mesh_0775,M,98.2,84.7,97.1,C:/Users/admin/Downloads/CALVIS/CALVIS/dataset/cmu\synthetic_images\200x200\male\subject_mesh_0775.png,calvis
M_subject_mesh_0776,M,105.8,91.2,99.0,C:/Users/admin/Downloads/CALVIS/CALVIS/dataset/cmu\synthetic_images\200x200\male\subject_mesh_0776.png,calvis
M_subject_mesh_0777,M,99.9,84.5,94.2,C:/Users/admin/Downloads/CALVIS/CALVIS/dataset/cmu\synthetic_images\200x200\male\subject_mesh_0777.png,calvis
M_subject_mesh_0778,M,105.8,97.8,101.0,C:/Users/admin/Downloads/CALVIS/CALVIS/dataset/cmu\synthetic_images\200x200\male\subject_mesh_0778.png,calvis
M_subject_mesh_0779,M,101.0,86.1,100.5,C:/Users/admin/Downloads/CALVIS/CALVIS/dataset/cmu\synthetic_images\200x200\male\subject_mesh_0779.png,calvis
M_subject_mesh_0780,M,104.1,90.3,95.0,C:/Users/admin/Downloads/CALVIS/CALVIS/dataset/cmu\synthetic_images\200x200\male\subject_mesh_0780.png,calvis
M_subject_mesh_0781,M,104.1,94.1,95.9,C:/Users/admin/Downloads/CALVIS/CALVIS/dataset/cmu\synthetic_images\200x200\male\subject_mesh_0781.png,calvis
M_subject_mesh_0782,M,102.2,91.3,104.0,C:/Users/admin/Downloads/CALVIS/CALVIS/dataset/cmu\synthetic_images\200x200\male\subject_mesh_0782.png,calvis
M_subject_mesh_0783,M,118.9,114.4,114.7,C:/Users/admin/Downloads/CALVIS/CALVIS/dataset/cmu\synthetic_images\200x200\male\subject_mesh_0783.png,calvis
M_subject_mesh_0784,M,99.5,86.7,104.0,C:/Users/admin/Downloads/CALVIS/CALVIS/dataset/cmu\synthetic_images\200x200\male\subject_mesh_0784.png,calvis
M_subject_mesh_0785,M,104.3,82.5,99.4,C:/Users/admin/Downloads/CALVIS/CALVIS/dataset/cmu\synthetic_images\200x200\male\subject_mesh_0785.png,calvis
M_subject_mesh_0786,M,108.0,102.1,107.2,C:/Users/admin/Downloads/CALVIS/CALVIS/dataset/cmu\synthetic_images\200x200\male\subject_mesh_0786.png,calvis
M_subject_mesh_0787,M,111.0,102.6,112.7,C:/Users/admin/Downloads/CALVIS/CALVIS/dataset/cmu\synthetic_images\200x200\male\subject_mesh_0787.png,calvis
M_subject_mesh_0788,M,123.5,116.5,116.5,C:/Users/admin/Downloads/CALVIS/CALVIS/dataset/cmu\synthetic_images\200x200\male\subject_mesh_0788.png,calvis
M_subject_mesh_0789,M,101.9,88.0,106.4,C:/Users/admin/Downloads/CALVIS/CALVIS/dataset/cmu\synthetic_images\200x200\male\subject_mesh_0789.png,calvis
M_subject_mesh_0790,M,100.2,80.8,94.1,C:/Users/admin/Downloads/CALVIS/CALVIS/dataset/cmu\synthetic_images\200x200\male\subject_mesh_0790.png,calvis
M_subject_mesh_0791,M,119.1,115.0,116.3,C:/Users/admin/Downloads/CALVIS/CALVIS/dataset/cmu\synthetic_images\200x200\male\subject_mesh_0791.png,calvis
M_subject_mesh_0792,M,96.6,83.6,98.9,C:/Users/admin/Downloads/CALVIS/CALVIS/dataset/cmu\synthetic_images\200x200\male\subject_mesh_0792.png,calvis
M_subject_mesh_0793,M,99.5,91.0,99.0,C:/Users/admin/Downloads/CALVIS/CALVIS/dataset/cmu\synthetic_images\200x200\male\subject_mesh_0793.png,calvis
M_subject_mesh_0794,M,95.2,77.3,93.1,C:/Users/admin/Downloads/CALVIS/CALVIS/dataset/cmu\synthetic_images\200x200\male\subject_mesh_0794.png,calvis
M_subject_mesh_0795,M,104.5,85.6,97.7,C:/Users/admin/Downloads/CALVIS/CALVIS/dataset/cmu\synthetic_images\200x200\male\subject_mesh_0795.png,calvis
M_subject_mesh_0796,M,97.1,76.3,93.1,C:/Users/admin/Downloads/CALVIS/CALVIS/dataset/cmu\synthetic_images\200x200\male\subject_mesh_0796.png,calvis
M_subject_mesh_0797,M,99.8,88.8,102.8,C:/Users/admin/Downloads/CALVIS/CALVIS/dataset/cmu\synthetic_images\200x200\male\subject_mesh_0797.png,calvis
M_subject_mesh_0798,M,104.8,99.7,105.8,C:/Users/admin/Downloads/CALVIS/CALVIS/dataset/cmu\synthetic_images\200x200\male\subject_mesh_0798.png,calvis
M_subject_mesh_0799,M,129.1,107.2,119.2,C:/Users/admin/Downloads/CALVIS/CALVIS/dataset/cmu\synthetic_images\200x200\male\subject_mesh_0799.png,calvis
M_subject_mesh_0800,M,102.6,85.7,99.4,C:/Users/admin/Downloads/CALVIS/CALVIS/dataset/cmu\synthetic_images\200x200\male\subject_mesh_0800.png,calvis
M_subject_mesh_0801,M,103.7,92.0,103.7,C:/Users/admin/Downloads/CALVIS/CALVIS/dataset/cmu\synthetic_images\200x200\male\subject_mesh_0801.png,calvis
M_subject_mesh_0802,M,104.5,93.0,104.3,C:/Users/admin/Downloads/CALVIS/CALVIS/dataset/cmu\synthetic_images\200x200\male\subject_mesh_0802.png,calvis
M_subject_mesh_0803,M,95.2,83.5,101.2,C:/Users/admin/Downloads/CALVIS/CALVIS/dataset/cmu\synthetic_images\200x200\male\subject_mesh_0803.png,calvis
M_subject_mesh_0804,M,111.8,95.6,98.7,C:/Users/admin/Downloads/CALVIS/CALVIS/dataset/cmu\synthetic_images\200x200\male\subject_mesh_0804.png,calvis
M_subject_mesh_0805,M,113.0,103.6,112.0,C:/Users/admin/Downloads/CALVIS/CALVIS/dataset/cmu\synthetic_images\200x200\male\subject_mesh_0805.png,calvis
M_subject_mesh_0806,M,103.7,91.5,105.7,C:/Users/admin/Downloads/CALVIS/CALVIS/dataset/cmu\synthetic_images\200x200\male\subject_mesh_0806.png,calvis
M_subject_mesh_0807,M,99.7,84.4,99.6,C:/Users/admin/Downloads/CALVIS/CALVIS/dataset/cmu\synthetic_images\200x200\male\subject_mesh_0807.png,calvis
M_subject_mesh_0808,M,105.7,93.7,104.2,C:/Users/admin/Downloads/CALVIS/CALVIS/dataset/cmu\synthetic_images\200x200\male\subject_mesh_0808.png,calvis
M_subject_mesh_0809,M,100.0,84.8,97.8,C:/Users/admin/Downloads/CALVIS/CALVIS/dataset/cmu\synthetic_images\200x200\male\subject_mesh_0809.png,calvis
M_subject_mesh_0810,M,106.4,98.4,105.4,C:/Users/admin/Downloads/CALVIS/CALVIS/dataset/cmu\synthetic_images\200x200\male\subject_mesh_0810.png,calvis
M_subject_mesh_0811,M,104.0,91.7,102.5,C:/Users/admin/Downloads/CALVIS/CALVIS/dataset/cmu\synthetic_images\200x200\male\subject_mesh_0811.png,calvis
M_subject_mesh_0812,M,96.2,83.2,99.5,C:/Users/admin/Downloads/CALVIS/CALVIS/dataset/cmu\synthetic_images\200x200\male\subject_mesh_0812.png,calvis
M_subject_mesh_0813,M,117.3,111.1,112.0,C:/Users/admin/Downloads/CALVIS/CALVIS/dataset/cmu\synthetic_images\200x200\male\subject_mesh_0813.png,calvis
M_subject_mesh_0814,M,109.5,99.8,106.2,C:/Users/admin/Downloads/CALVIS/CALVIS/dataset/cmu\synthetic_images\200x200\male\subject_mesh_0814.png,calvis
M_subject_mesh_0815,M,102.3,84.9,101.2,C:/Users/admin/Downloads/CALVIS/CALVIS/dataset/cmu\synthetic_images\200x200\male\subject_mesh_0815.png,calvis
M_subject_mesh_0816,M,95.4,77.4,92.1,C:/Users/admin/Downloads/CALVIS/CALVIS/dataset/cmu\synthetic_images\200x200\male\subject_mesh_0816.png,calvis
M_subject_mesh_0817,M,115.7,101.8,103.7,C:/Users/admin/Downloads/CALVIS/CALVIS/dataset/cmu\synthetic_images\200x200\male\subject_mesh_0817.png,calvis
M_subject_mesh_0818,M,111.9,102.5,106.4,C:/Users/admin/Downloads/CALVIS/CALVIS/dataset/cmu\synthetic_images\200x200\male\subject_mesh_0818.png,calvis
M_subject_mesh_0819,M,102.9,98.0,101.3,C:/Users/admin/Downloads/CALVIS/CALVIS/dataset/cmu\synthetic_images\200x200\male\subject_mesh_0819.png,calvis
M_subject_mesh_0820,M,119.4,108.0,111.7,C:/Users/admin/Downloads/CALVIS/CALVIS/dataset/cmu\synthetic_images\200x200\male\subject_mesh_0820.png,calvis
M_subject_mesh_0821,M,101.9,96.0,102.8,C:/Users/admin/Downloads/CALVIS/CALVIS/dataset/cmu\synthetic_images\200x200\male\subject_mesh_0821.png,calvis
M_subject_mesh_0822,M,105.1,93.5,110.1,C:/Users/admin/Downloads/CALVIS/CALVIS/dataset/cmu\synthetic_images\200x200\male\subject_mesh_0822.png,calvis
M_subject_mesh_0823,M,109.0,97.8,104.8,C:/Users/admin/Downloads/CALVIS/CALVIS/dataset/cmu\synthetic_images\200x200\male\subject_mesh_0823.png,calvis
M_subject_mesh_0824,M,102.1,87.2,103.8,C:/Users/admin/Downloads/CALVIS/CALVIS/dataset/cmu\synthetic_images\200x200\male\subject_mesh_0824.png,calvis
M_subject_mesh_0825,M,107.5,92.5,108.0,C:/Users/admin/Downloads/CALVIS/CALVIS/dataset/cmu\synthetic_images\200x200\male\subject_mesh_0825.png,calvis
M_subject_mesh_0826,M,111.6,103.6,105.5,C:/Users/admin/Downloads/CALVIS/CALVIS/dataset/cmu\synthetic_images\200x200\male\subject_mesh_0826.png,calvis
M_subject_mesh_0827,M,102.3,90.4,102.2,C:/Users/admin/Downloads/CALVIS/CALVIS/dataset/cmu\synthetic_images\200x200\male\subject_mesh_0827.png,calvis
M_subject_mesh_0828,M,106.5,95.5,104.3,C:/Users/admin/Downloads/CALVIS/CALVIS/dataset/cmu\synthetic_images\200x200\male\subject_mesh_0828.png,calvis
M_subject_mesh_0829,M,105.7,90.7,106.9,C:/Users/admin/Downloads/CALVIS/CALVIS/dataset/cmu\synthetic_images\200x200\male\subject_mesh_0829.png,calvis
M_subject_mesh_0830,M,98.6,82.9,99.4,C:/Users/admin/Downloads/CALVIS/CALVIS/dataset/cmu\synthetic_images\200x200\male\subject_mesh_0830.png,calvis
M_subject_mesh_0831,M,114.1,105.4,112.1,C:/Users/admin/Downloads/CALVIS/CALVIS/dataset/cmu\synthetic_images\200x200\male\subject_mesh_0831.png,calvis
M_subject_mesh_0832,M,99.7,87.6,97.2,C:/Users/admin/Downloads/CALVIS/CALVIS/dataset/cmu\synthetic_images\200x200\male\subject_mesh_0832.png,calvis
M_subject_mesh_0833,M,108.6,96.5,105.5,C:/Users/admin/Downloads/CALVIS/CALVIS/dataset/cmu\synthetic_images\200x200\male\subject_mesh_0833.png,calvis
M_subject_mesh_0834,M,103.2,88.1,103.6,C:/Users/admin/Downloads/CALVIS/CALVIS/dataset/cmu\synthetic_images\200x200\male\subject_mesh_0834.png,calvis
M_subject_mesh_0835,M,112.7,98.6,106.6,C:/Users/admin/Downloads/CALVIS/CALVIS/dataset/cmu\synthetic_images\200x200\male\subject_mesh_0835.png,calvis
M_subject_mesh_0836,M,93.8,79.1,93.9,C:/Users/admin/Downloads/CALVIS/CALVIS/dataset/cmu\synthetic_images\200x200\male\subject_mesh_0836.png,calvis
M_subject_mesh_0837,M,100.8,84.5,98.6,C:/Users/admin/Downloads/CALVIS/CALVIS/dataset/cmu\synthetic_images\200x200\male\subject_mesh_0837.png,calvis
M_subject_mesh_0838,M,113.6,104.7,109.8,C:/Users/admin/Downloads/CALVIS/CALVIS/dataset/cmu\synthetic_images\200x200\male\subject_mesh_0838.png,calvis
M_subject_mesh_0839,M,106.0,90.1,102.1,C:/Users/admin/Downloads/CALVIS/CALVIS/dataset/cmu\synthetic_images\200x200\male\subject_mesh_0839.png,calvis
M_subject_mesh_0840,M,113.9,103.8,115.3,C:/Users/admin/Downloads/CALVIS/CALVIS/dataset/cmu\synthetic_images\200x200\male\subject_mesh_0840.png,calvis
M_subject_mesh_0841,M,93.2,80.3,93.8,C:/Users/admin/Downloads/CALVIS/CALVIS/dataset/cmu\synthetic_images\200x200\male\subject_mesh_0841.png,calvis
M_subject_mesh_0842,M,102.6,82.2,95.4,C:/Users/admin/Downloads/CALVIS/CALVIS/dataset/cmu\synthetic_images\200x200\male\subject_mesh_0842.png,calvis
M_subject_mesh_0843,M,93.8,81.5,97.5,C:/Users/admin/Downloads/CALVIS/CALVIS/dataset/cmu\synthetic_images\200x200\male\subject_mesh_0843.png,calvis
M_subject_mesh_0844,M,93.6,82.0,98.7,C:/Users/admin/Downloads/CALVIS/CALVIS/dataset/cmu\synthetic_images\200x200\male\subject_mesh_0844.png,calvis
M_subject_mesh_0845,M,107.2,98.7,98.6,C:/Users/admin/Downloads/CALVIS/CALVIS/dataset/cmu\synthetic_images\200x200\male\subject_mesh_0845.png,calvis
M_subject_mesh_0846,M,134.3,121.8,121.6,C:/Users/admin/Downloads/CALVIS/CALVIS/dataset/cmu\synthetic_images\200x200\male\subject_mesh_0846.png,calvis
M_subject_mesh_0847,M,118.5,111.3,111.7,C:/Users/admin/Downloads/CALVIS/CALVIS/dataset/cmu\synthetic_images\200x200\male\subject_mesh_0847.png,calvis
M_subject_mesh_0848,M,104.0,95.4,104.7,C:/Users/admin/Downloads/CALVIS/CALVIS/dataset/cmu\synthetic_images\200x200\male\subject_mesh_0848.png,calvis
M_subject_mesh_0849,M,107.5,92.2,105.6,C:/Users/admin/Downloads/CALVIS/CALVIS/dataset/cmu\synthetic_images\200x200\male\subject_mesh_0849.png,calvis
M_subject_mesh_0850,M,102.9,98.9,98.8,C:/Users/admin/Downloads/CALVIS/CALVIS/dataset/cmu\synthetic_images\200x200\male\subject_mesh_0850.png,calvis
M_subject_mesh_0851,M,106.6,92.3,102.7,C:/Users/admin/Downloads/CALVIS/CALVIS/dataset/cmu\synthetic_images\200x200\male\subject_mesh_0851.png,calvis
M_subject_mesh_0852,M,94.2,80.4,96.1,C:/Users/admin/Downloads/CALVIS/CALVIS/dataset/cmu\synthetic_images\200x200\male\subject_mesh_0852.png,calvis
M_subject_mesh_0853,M,102.4,89.0,98.3,C:/Users/admin/Downloads/CALVIS/CALVIS/dataset/cmu\synthetic_images\200x200\male\subject_mesh_0853.png,calvis
M_subject_mesh_0854,M,107.5,98.4,101.2,C:/Users/admin/Downloads/CALVIS/CALVIS/dataset/cmu\synthetic_images\200x200\male\subject_mesh_0854.png,calvis
M_subject_mesh_0855,M,97.7,81.6,95.0,C:/Users/admin/Downloads/CALVIS/CALVIS/dataset/cmu\synthetic_images\200x200\male\subject_mesh_0855.png,calvis
M_subject_mesh_0856,M,106.3,95.9,103.3,C:/Users/admin/Downloads/CALVIS/CALVIS/dataset/cmu\synthetic_images\200x200\male\subject_mesh_0856.png,calvis
M_subject_mesh_0857,M,104.4,93.3,101.7,C:/Users/admin/Downloads/CALVIS/CALVIS/dataset/cmu\synthetic_images\200x200\male\subject_mesh_0857.png,calvis
M_subject_mesh_0858,M,107.5,91.2,98.5,C:/Users/admin/Downloads/CALVIS/CALVIS/dataset/cmu\synthetic_images\200x200\male\subject_mesh_0858.png,calvis
M_subject_mesh_0859,M,99.0,91.6,100.7,C:/Users/admin/Downloads/CALVIS/CALVIS/dataset/cmu\synthetic_images\200x200\male\subject_mesh_0859.png,calvis
M_subject_mesh_0860,M,110.2,93.9,107.3,C:/Users/admin/Downloads/CALVIS/CALVIS/dataset/cmu\synthetic_images\200x200\male\subject_mesh_0860.png,calvis
M_subject_mesh_0861,M,104.5,89.9,101.4,C:/Users/admin/Downloads/CALVIS/CALVIS/dataset/cmu\synthetic_images\200x200\male\subject_mesh_0861.png,calvis
M_subject_mesh_0862,M,98.1,82.2,97.0,C:/Users/admin/Downloads/CALVIS/CALVIS/dataset/cmu\synthetic_images\200x200\male\subject_mesh_0862.png,calvis
M_subject_mesh_0863,M,99.1,87.1,102.7,C:/Users/admin/Downloads/CALVIS/CALVIS/dataset/cmu\synthetic_images\200x200\male\subject_mesh_0863.png,calvis
M_subject_mesh_0864,M,107.1,93.4,104.7,C:/Users/admin/Downloads/CALVIS/CALVIS/dataset/cmu\synthetic_images\200x200\male\subject_mesh_0864.png,calvis
M_subject_mesh_0865,M,109.7,97.9,114.8,C:/Users/admin/Downloads/CALVIS/CALVIS/dataset/cmu\synthetic_images\200x200\male\subject_mesh_0865.png,calvis
M_subject_mesh_0866,M,102.4,91.1,104.0,C:/Users/admin/Downloads/CALVIS/CALVIS/dataset/cmu\synthetic_images\200x200\male\subject_mesh_0866.png,calvis
M_subject_mesh_0867,M,117.0,107.1,109.4,C:/Users/admin/Downloads/CALVIS/CALVIS/dataset/cmu\synthetic_images\200x200\male\subject_mesh_0867.png,calvis
M_subject_mesh_0868,M,121.3,114.5,121.0,C:/Users/admin/Downloads/CALVIS/CALVIS/dataset/cmu\synthetic_images\200x200\male\subject_mesh_0868.png,calvis
M_subject_mesh_0869,M,132.5,127.5,127.3,C:/Users/admin/Downloads/CALVIS/CALVIS/dataset/cmu\synthetic_images\200x200\male\subject_mesh_0869.png,calvis
M_subject_mesh_0870,M,110.0,93.1,104.8,C:/Users/admin/Downloads/CALVIS/CALVIS/dataset/cmu\synthetic_images\200x200\male\subject_mesh_0870.png,calvis
M_subject_mesh_0871,M,123.2,116.3,117.4,C:/Users/admin/Downloads/CALVIS/CALVIS/dataset/cmu\synthetic_images\200x200\male\subject_mesh_0871.png,calvis
M_subject_mesh_0872,M,104.2,90.9,99.3,C:/Users/admin/Downloads/CALVIS/CALVIS/dataset/cmu\synthetic_images\200x200\male\subject_mesh_0872.png,calvis
M_subject_mesh_0873,M,104.0,92.1,99.7,C:/Users/admin/Downloads/CALVIS/CALVIS/dataset/cmu\synthetic_images\200x200\male\subject_mesh_0873.png,calvis
M_subject_mesh_0874,M,107.5,103.9,107.2,C:/Users/admin/Downloads/CALVIS/CALVIS/dataset/cmu\synthetic_images\200x200\male\subject_mesh_0874.png,calvis
M_subject_mesh_0875,M,95.6,83.1,100.6,C:/Users/admin/Downloads/CALVIS/CALVIS/dataset/cmu\synthetic_images\200x200\male\subject_mesh_0875.png,calvis
M_subject_mesh_0876,M,93.4,79.1,94.7,C:/Users/admin/Downloads/CALVIS/CALVIS/dataset/cmu\synthetic_images\200x200\male\subject_mesh_0876.png,calvis
M_subject_mesh_0877,M,105.8,96.6,104.3,C:/Users/admin/Downloads/CALVIS/CALVIS/dataset/cmu\synthetic_images\200x200\male\subject_mesh_0877.png,calvis
M_subject_mesh_0878,M,104.0,90.4,102.0,C:/Users/admin/Downloads/CALVIS/CALVIS/dataset/cmu\synthetic_images\200x200\male\subject_mesh_0878.png,calvis
M_subject_mesh_0879,M,99.6,81.7,99.9,C:/Users/admin/Downloads/CALVIS/CALVIS/dataset/cmu\synthetic_images\200x200\male\subject_mesh_0879.png,calvis
M_subject_mesh_0880,M,103.1,84.1,96.8,C:/Users/admin/Downloads/CALVIS/CALVIS/dataset/cmu\synthetic_images\200x200\male\subject_mesh_0880.png,calvis
M_subject_mesh_0881,M,108.5,102.0,117.9,C:/Users/admin/Downloads/CALVIS/CALVIS/dataset/cmu\synthetic_images\200x200\male\subject_mesh_0881.png,calvis
M_subject_mesh_0882,M,107.5,89.8,106.9,C:/Users/admin/Downloads/CALVIS/CALVIS/dataset/cmu\synthetic_images\200x200\male\subject_mesh_0882.png,calvis
M_subject_mesh_0883,M,110.8,99.6,101.6,C:/Users/admin/Downloads/CALVIS/CALVIS/dataset/cmu\synthetic_images\200x200\male\subject_mesh_0883.png,calvis
M_subject_mesh_0884,M,104.1,97.7,105.6,C:/Users/admin/Downloads/CALVIS/CALVIS/dataset/cmu\synthetic_images\200x200\male\subject_mesh_0884.png,calvis
M_subject_mesh_0885,M,94.1,76.9,92.4,C:/Users/admin/Downloads/CALVIS/CALVIS/dataset/cmu\synthetic_images\200x200\male\subject_mesh_0885.png,calvis
M_subject_mesh_0886,M,115.6,110.0,111.3,C:/Users/admin/Downloads/CALVIS/CALVIS/dataset/cmu\synthetic_images\200x200\male\subject_mesh_0886.png,calvis
M_subject_mesh_0887,M,103.5,82.9,92.0,C:/Users/admin/Downloads/CALVIS/CALVIS/dataset/cmu\synthetic_images\200x200\male\subject_mesh_0887.png,calvis
M_subject_mesh_0888,M,113.1,101.7,110.4,C:/Users/admin/Downloads/CALVIS/CALVIS/dataset/cmu\synthetic_images\200x200\male\subject_mesh_0888.png,calvis
M_subject_mesh_0889,M,124.5,120.4,120.8,C:/Users/admin/Downloads/CALVIS/CALVIS/dataset/cmu\synthetic_images\200x200\male\subject_mesh_0889.png,calvis
M_subject_mesh_0890,M,102.4,88.5,96.5,C:/Users/admin/Downloads/CALVIS/CALVIS/dataset/cmu\synthetic_images\200x200\male\subject_mesh_0890.png,calvis
M_subject_mesh_0891,M,111.1,101.7,109.2,C:/Users/admin/Downloads/CALVIS/CALVIS/dataset/cmu\synthetic_images\200x200\male\subject_mesh_0891.png,calvis
M_subject_mesh_0892,M,105.9,96.2,103.0,C:/Users/admin/Downloads/CALVIS/CALVIS/dataset/cmu\synthetic_images\200x200\male\subject_mesh_0892.png,calvis
M_subject_mesh_0893,M,95.9,83.8,93.7,C:/Users/admin/Downloads/CALVIS/CALVIS/dataset/cmu\synthetic_images\200x200\male\subject_mesh_0893.png,calvis
M_subject_mesh_0894,M,101.9,83.6,97.9,C:/Users/admin/Downloads/CALVIS/CALVIS/dataset/cmu\synthetic_images\200x200\male\subject_mesh_0894.png,calvis
M_subject_mesh_0895,M,102.7,92.8,95.4,C:/Users/admin/Downloads/CALVIS/CALVIS/dataset/cmu\synthetic_images\200x200\male\subject_mesh_0895.png,calvis
M_subject_mesh_0896,M,106.1,95.2,102.8,C:/Users/admin/Downloads/CALVIS/CALVIS/dataset/cmu\synthetic_images\200x200\male\subject_mesh_0896.png,calvis
M_subject_mesh_0897,M,115.8,112.0,112.1,C:/Users/admin/Downloads/CALVIS/CALVIS/dataset/cmu\synthetic_images\200x200\male\subject_mesh_0897.png,calvis
M_subject_mesh_0898,M,104.4,93.7,103.8,C:/Users/admin/Downloads/CALVIS/CALVIS/dataset/cmu\synthetic_images\200x200\male\subject_mesh_0898.png,calvis
M_subject_mesh_0899,M,102.4,93.4,100.1,C:/Users/admin/Downloads/CALVIS/CALVIS/dataset/cmu\synthetic_images\200x200\male\subject_mesh_0899.png,calvis
M_subject_mesh_0900,M,99.6,87.1,99.1,C:/Users/admin/Downloads/CALVIS/CALVIS/dataset/cmu\synthetic_images\200x200\male\subject_mesh_0900.png,calvis
M_subject_mesh_0901,M,100.4,82.4,95.9,C:/Users/admin/Downloads/CALVIS/CALVIS/dataset/cmu\synthetic_images\200x200\male\subject_mesh_0901.png,calvis
M_subject_mesh_0902,M,108.0,92.4,105.1,C:/Users/admin/Downloads/CALVIS/CALVIS/dataset/cmu\synthetic_images\200x200\male\subject_mesh_0902.png,calvis
M_subject_mesh_0903,M,110.0,103.8,104.8,C:/Users/admin/Downloads/CALVIS/CALVIS/dataset/cmu\synthetic_images\200x200\male\subject_mesh_0903.png,calvis
M_subject_mesh_0904,M,99.9,85.3,98.5,C:/Users/admin/Downloads/CALVIS/CALVIS/dataset/cmu\synthetic_images\200x200\male\subject_mesh_0904.png,calvis
M_subject_mesh_0905,M,114.4,102.7,106.7,C:/Users/admin/Downloads/CALVIS/CALVIS/dataset/cmu\synthetic_images\200x200\male\subject_mesh_0905.png,calvis
M_subject_mesh_0906,M,99.1,86.3,103.9,C:/Users/admin/Downloads/CALVIS/CALVIS/dataset/cmu\synthetic_images\200x200\male\subject_mesh_0906.png,calvis
M_subject_mesh_0907,M,108.4,91.0,105.0,C:/Users/admin/Downloads/CALVIS/CALVIS/dataset/cmu\synthetic_images\200x200\male\subject_mesh_0907.png,calvis
M_subject_mesh_0908,M,101.0,79.1,97.5,C:/Users/admin/Downloads/CALVIS/CALVIS/dataset/cmu\synthetic_images\200x200\male\subject_mesh_0908.png,calvis
M_subject_mesh_0909,M,96.1,78.8,94.9,C:/Users/admin/Downloads/CALVIS/CALVIS/dataset/cmu\synthetic_images\200x200\male\subject_mesh_0909.png,calvis
M_subject_mesh_0910,M,110.6,102.2,110.5,C:/Users/admin/Downloads/CALVIS/CALVIS/dataset/cmu\synthetic_images\200x200\male\subject_mesh_0910.png,calvis
M_subject_mesh_0911,M,103.4,86.6,101.4,C:/Users/admin/Downloads/CALVIS/CALVIS/dataset/cmu\synthetic_images\200x200\male\subject_mesh_0911.png,calvis
M_subject_mesh_0912,M,112.8,103.2,107.8,C:/Users/admin/Downloads/CALVIS/CALVIS/dataset/cmu\synthetic_images\200x200\male\subject_mesh_0912.png,calvis
M_subject_mesh_0913,M,118.4,109.1,117.4,C:/Users/admin/Downloads/CALVIS/CALVIS/dataset/cmu\synthetic_images\200x200\male\subject_mesh_0913.png,calvis
M_subject_mesh_0914,M,94.3,79.5,98.1,C:/Users/admin/Downloads/CALVIS/CALVIS/dataset/cmu\synthetic_images\200x200\male\subject_mesh_0914.png,calvis
M_subject_mesh_0915,M,111.2,94.0,106.1,C:/Users/admin/Downloads/CALVIS/CALVIS/dataset/cmu\synthetic_images\200x200\male\subject_mesh_0915.png,calvis
M_subject_mesh_0916,M,130.2,124.3,128.4,C:/Users/admin/Downloads/CALVIS/CALVIS/dataset/cmu\synthetic_images\200x200\male\subject_mesh_0916.png,calvis
M_subject_mesh_0917,M,100.8,84.9,101.4,C:/Users/admin/Downloads/CALVIS/CALVIS/dataset/cmu\synthetic_images\200x200\male\subject_mesh_0917.png,calvis
M_subject_mesh_0918,M,102.4,91.1,107.0,C:/Users/admin/Downloads/CALVIS/CALVIS/dataset/cmu\synthetic_images\200x200\male\subject_mesh_0918.png,calvis
M_subject_mesh_0919,M,113.7,100.6,109.1,C:/Users/admin/Downloads/CALVIS/CALVIS/dataset/cmu\synthetic_images\200x200\male\subject_mesh_0919.png,calvis
M_subject_mesh_0920,M,122.5,110.4,115.6,C:/Users/admin/Downloads/CALVIS/CALVIS/dataset/cmu\synthetic_images\200x200\male\subject_mesh_0920.png,calvis
M_subject_mesh_0921,M,97.6,82.5,102.9,C:/Users/admin/Downloads/CALVIS/CALVIS/dataset/cmu\synthetic_images\200x200\male\subject_mesh_0921.png,calvis
M_subject_mesh_0922,M,105.3,93.0,100.2,C:/Users/admin/Downloads/CALVIS/CALVIS/dataset/cmu\synthetic_images\200x200\male\subject_mesh_0922.png,calvis
M_subject_mesh_0923,M,111.1,99.9,100.9,C:/Users/admin/Downloads/CALVIS/CALVIS/dataset/cmu\synthetic_images\200x200\male\subject_mesh_0923.png,calvis
M_subject_mesh_0924,M,95.9,81.5,95.8,C:/Users/admin/Downloads/CALVIS/CALVIS/dataset/cmu\synthetic_images\200x200\male\subject_mesh_0924.png,calvis
M_subject_mesh_0925,M,98.8,80.1,94.9,C:/Users/admin/Downloads/CALVIS/CALVIS/dataset/cmu\synthetic_images\200x200\male\subject_mesh_0925.png,calvis
M_subject_mesh_0926,M,106.3,92.4,94.9,C:/Users/admin/Downloads/CALVIS/CALVIS/dataset/cmu\synthetic_images\200x200\male\subject_mesh_0926.png,calvis
M_subject_mesh_0927,M,128.1,122.5,122.6,C:/Users/admin/Downloads/CALVIS/CALVIS/dataset/cmu\synthetic_images\200x200\male\subject_mesh_0927.png,calvis
M_subject_mesh_0928,M,108.8,85.0,97.0,C:/Users/admin/Downloads/CALVIS/CALVIS/dataset/cmu\synthetic_images\200x200\male\subject_mesh_0928.png,calvis
M_subject_mesh_0929,M,95.7,83.2,101.9,C:/Users/admin/Downloads/CALVIS/CALVIS/dataset/cmu\synthetic_images\200x200\male\subject_mesh_0929.png,calvis
M_subject_mesh_0930,M,106.9,97.3,105.0,C:/Users/admin/Downloads/CALVIS/CALVIS/dataset/cmu\synthetic_images\200x200\male\subject_mesh_0930.png,calvis
M_subject_mesh_0931,M,99.0,83.0,99.7,C:/Users/admin/Downloads/CALVIS/CALVIS/dataset/cmu\synthetic_images\200x200\male\subject_mesh_0931.png,calvis
M_subject_mesh_0932,M,105.6,91.1,104.5,C:/Users/admin/Downloads/CALVIS/CALVIS/dataset/cmu\synthetic_images\200x200\male\subject_mesh_0932.png,calvis
M_subject_mesh_0933,M,103.5,89.3,104.0,C:/Users/admin/Downloads/CALVIS/CALVIS/dataset/cmu\synthetic_images\200x200\male\subject_mesh_0933.png,calvis
M_subject_mesh_0934,M,99.8,83.5,97.8,C:/Users/admin/Downloads/CALVIS/CALVIS/dataset/cmu\synthetic_images\200x200\male\subject_mesh_0934.png,calvis
M_subject_mesh_0935,M,97.0,82.7,93.7,C:/Users/admin/Downloads/CALVIS/CALVIS/dataset/cmu\synthetic_images\200x200\male\subject_mesh_0935.png,calvis
M_subject_mesh_0936,M,106.2,95.0,108.9,C:/Users/admin/Downloads/CALVIS/CALVIS/dataset/cmu\synthetic_images\200x200\male\subject_mesh_0936.png,calvis
M_subject_mesh_0937,M,109.8,96.3,108.5,C:/Users/admin/Downloads/CALVIS/CALVIS/dataset/cmu\synthetic_images\200x200\male\subject_mesh_0937.png,calvis
M_subject_mesh_0938,M,101.0,84.5,98.5,C:/Users/admin/Downloads/CALVIS/CALVIS/dataset/cmu\synthetic_images\200x200\male\subject_mesh_0938.png,calvis
M_subject_mesh_0939,M,128.0,111.3,111.1,C:/Users/admin/Downloads/CALVIS/CALVIS/dataset/cmu\synthetic_images\200x200\male\subject_mesh_0939.png,calvis
M_subject_mesh_0940,M,100.0,84.8,96.9,C:/Users/admin/Downloads/CALVIS/CALVIS/dataset/cmu\synthetic_images\200x200\male\subject_mesh_0940.png,calvis
M_subject_mesh_0941,M,113.2,94.3,99.7,C:/Users/admin/Downloads/CALVIS/CALVIS/dataset/cmu\synthetic_images\200x200\male\subject_mesh_0941.png,calvis
M_subject_mesh_0942,M,99.6,84.0,101.0,C:/Users/admin/Downloads/CALVIS/CALVIS/dataset/cmu\synthetic_images\200x200\male\subject_mesh_0942.png,calvis
M_subject_mesh_0943,M,95.4,82.4,99.0,C:/Users/admin/Downloads/CALVIS/CALVIS/dataset/cmu\synthetic_images\200x200\male\subject_mesh_0943.png,calvis
M_subject_mesh_0944,M,96.8,84.4,97.3,C:/Users/admin/Downloads/CALVIS/CALVIS/dataset/cmu\synthetic_images\200x200\male\subject_mesh_0944.png,calvis
M_subject_mesh_0945,M,156.8,147.5,147.0,C:/Users/admin/Downloads/CALVIS/CALVIS/dataset/cmu\synthetic_images\200x200\male\subject_mesh_0945.png,calvis
M_subject_mesh_0946,M,103.8,88.7,99.7,C:/Users/admin/Downloads/CALVIS/CALVIS/dataset/cmu\synthetic_images\200x200\male\subject_mesh_0946.png,calvis
M_subject_mesh_0947,M,102.2,85.5,100.7,C:/Users/admin/Downloads/CALVIS/CALVIS/dataset/cmu\synthetic_images\200x200\male\subject_mesh_0947.png,calvis
M_subject_mesh_0948,M,131.8,129.5,129.8,C:/Users/admin/Downloads/CALVIS/CALVIS/dataset/cmu\synthetic_images\200x200\male\subject_mesh_0948.png,calvis
M_subject_mesh_0949,M,99.9,91.6,97.1,C:/Users/admin/Downloads/CALVIS/CALVIS/dataset/cmu\synthetic_images\200x200\male\subject_mesh_0949.png,calvis
M_subject_mesh_0950,M,102.9,88.1,105.7,C:/Users/admin/Downloads/CALVIS/CALVIS/dataset/cmu\synthetic_images\200x200\male\subject_mesh_0950.png,calvis
M_subject_mesh_0951,M,94.6,76.9,95.2,C:/Users/admin/Downloads/CALVIS/CALVIS/dataset/cmu\synthetic_images\200x200\male\subject_mesh_0951.png,calvis
M_subject_mesh_0952,M,104.1,85.7,97.8,C:/Users/admin/Downloads/CALVIS/CALVIS/dataset/cmu\synthetic_images\200x200\male\subject_mesh_0952.png,calvis
M_subject_mesh_0953,M,115.0,101.8,110.1,C:/Users/admin/Downloads/CALVIS/CALVIS/dataset/cmu\synthetic_images\200x200\male\subject_mesh_0953.png,calvis
M_subject_mesh_0954,M,107.2,93.0,105.3,C:/Users/admin/Downloads/CALVIS/CALVIS/dataset/cmu\synthetic_images\200x200\male\subject_mesh_0954.png,calvis
M_subject_mesh_0955,M,111.3,96.4,102.2,C:/Users/admin/Downloads/CALVIS/CALVIS/dataset/cmu\synthetic_images\200x200\male\subject_mesh_0955.png,calvis
M_subject_mesh_0956,M,119.1,106.7,106.9,C:/Users/admin/Downloads/CALVIS/CALVIS/dataset/cmu\synthetic_images\200x200\male\subject_mesh_0956.png,calvis
M_subject_mesh_0957,M,98.6,79.8,95.7,C:/Users/admin/Downloads/CALVIS/CALVIS/dataset/cmu\synthetic_images\200x200\male\subject_mesh_0957.png,calvis
M_subject_mesh_0958,M,99.6,86.3,97.4,C:/Users/admin/Downloads/CALVIS/CALVIS/dataset/cmu\synthetic_images\200x200\male\subject_mesh_0958.png,calvis
M_subject_mesh_0959,M,92.2,79.2,95.9,C:/Users/admin/Downloads/CALVIS/CALVIS/dataset/cmu\synthetic_images\200x200\male\subject_mesh_0959.png,calvis
M_subject_mesh_0960,M,103.1,91.6,98.7,C:/Users/admin/Downloads/CALVIS/CALVIS/dataset/cmu\synthetic_images\200x200\male\subject_mesh_0960.png,calvis
M_subject_mesh_0961,M,170.2,163.9,163.3,C:/Users/admin/Downloads/CALVIS/CALVIS/dataset/cmu\synthetic_images\200x200\male\subject_mesh_0961.png,calvis
M_subject_mesh_0962,M,115.4,104.9,109.8,C:/Users/admin/Downloads/CALVIS/CALVIS/dataset/cmu\synthetic_images\200x200\male\subject_mesh_0962.png,calvis
M_subject_mesh_0963,M,115.7,107.4,107.4,C:/Users/admin/Downloads/CALVIS/CALVIS/dataset/cmu\synthetic_images\200x200\male\subject_mesh_0963.png,calvis
M_subject_mesh_0964,M,102.8,90.0,102.2,C:/Users/admin/Downloads/CALVIS/CALVIS/dataset/cmu\synthetic_images\200x200\male\subject_mesh_0964.png,calvis
M_subject_mesh_0965,M,103.6,86.0,98.2,C:/Users/admin/Downloads/CALVIS/CALVIS/dataset/cmu\synthetic_images\200x200\male\subject_mesh_0965.png,calvis
M_subject_mesh_0966,M,113.4,99.1,107.1,C:/Users/admin/Downloads/CALVIS/CALVIS/dataset/cmu\synthetic_images\200x200\male\subject_mesh_0966.png,calvis
M_subject_mesh_0967,M,105.0,84.9,99.5,C:/Users/admin/Downloads/CALVIS/CALVIS/dataset/cmu\synthetic_images\200x200\male\subject_mesh_0967.png,calvis
M_subject_mesh_0968,M,108.0,95.9,99.4,C:/Users/admin/Downloads/CALVIS/CALVIS/dataset/cmu\synthetic_images\200x200\male\subject_mesh_0968.png,calvis
M_subject_mesh_0969,M,102.9,94.7,101.4,C:/Users/admin/Downloads/CALVIS/CALVIS/dataset/cmu\synthetic_images\200x200\male\subject_mesh_0969.png,calvis
M_subject_mesh_0970,M,100.0,90.3,103.7,C:/Users/admin/Downloads/CALVIS/CALVIS/dataset/cmu\synthetic_images\200x200\male\subject_mesh_0970.png,calvis
M_subject_mesh_0971,M,105.4,92.9,103.0,C:/Users/admin/Downloads/CALVIS/CALVIS/dataset/cmu\synthetic_images\200x200\male\subject_mesh_0971.png,calvis
M_subject_mesh_0972,M,116.9,114.0,113.9,C:/Users/admin/Downloads/CALVIS/CALVIS/dataset/cmu\synthetic_images\200x200\male\subject_mesh_0972.png,calvis
M_subject_mesh_0973,M,109.5,104.3,108.5,C:/Users/admin/Downloads/CALVIS/CALVIS/dataset/cmu\synthetic_images\200x200\male\subject_mesh_0973.png,calvis
M_subject_mesh_0974,M,98.0,82.9,100.5,C:/Users/admin/Downloads/CALVIS/CALVIS/dataset/cmu\synthetic_images\200x200\male\subject_mesh_0974.png,calvis
M_subject_mesh_0975,M,97.8,81.1,98.8,C:/Users/admin/Downloads/CALVIS/CALVIS/dataset/cmu\synthetic_images\200x200\male\subject_mesh_0975.png,calvis
M_subject_mesh_0976,M,111.8,99.7,105.0,C:/Users/admin/Downloads/CALVIS/CALVIS/dataset/cmu\synthetic_images\200x200\male\subject_mesh_0976.png,calvis
M_subject_mesh_0977,M,105.9,96.6,104.0,C:/Users/admin/Downloads/CALVIS/CALVIS/dataset/cmu\synthetic_images\200x200\male\subject_mesh_0977.png,calvis
M_subject_mesh_0978,M,99.7,80.5,94.6,C:/Users/admin/Downloads/CALVIS/CALVIS/dataset/cmu\synthetic_images\200x200\male\subject_mesh_0978.png,calvis
M_subject_mesh_0979,M,109.1,89.9,101.0,C:/Users/admin/Downloads/CALVIS/CALVIS/dataset/cmu\synthetic_images\200x200\male\subject_mesh_0979.png,calvis
M_subject_mesh_0980,M,105.2,91.5,98.2,C:/Users/admin/Downloads/CALVIS/CALVIS/dataset/cmu\synthetic_images\200x200\male\subject_mesh_0980.png,calvis
M_subject_mesh_0981,M,104.8,93.3,103.7,C:/Users/admin/Downloads/CALVIS/CALVIS/dataset/cmu\synthetic_images\200x200\male\subject_mesh_0981.png,calvis
M_subject_mesh_0982,M,112.0,95.9,100.7,C:/Users/admin/Downloads/CALVIS/CALVIS/dataset/cmu\synthetic_images\200x200\male\subject_mesh_0982.png,calvis
M_subject_mesh_0983,M,111.6,104.4,108.7,C:/Users/admin/Downloads/CALVIS/CALVIS/dataset/cmu\synthetic_images\200x200\male\subject_mesh_0983.png,calvis
M_subject_mesh_0984,M,117.9,110.3,111.1,C:/Users/admin/Downloads/CALVIS/CALVIS/dataset/cmu\synthetic_images\200x200\male\subject_mesh_0984.png,calvis
M_subject_mesh_0985,M,101.6,90.3,102.5,C:/Users/admin/Downloads/CALVIS/CALVIS/dataset/cmu\synthetic_images\200x200\male\subject_mesh_0985.png,calvis
M_subject_mesh_0986,M,100.1,87.2,104.3,C:/Users/admin/Downloads/CALVIS/CALVIS/dataset/cmu\synthetic_images\200x200\male\subject_mesh_0986.png,calvis
M_subject_mesh_0987,M,97.7,78.0,96.4,C:/Users/admin/Downloads/CALVIS/CALVIS/dataset/cmu\synthetic_images\200x200\male\subject_mesh_0987.png,calvis
M_subject_mesh_0988,M,111.5,97.4,104.2,C:/Users/admin/Downloads/CALVIS/CALVIS/dataset/cmu\synthetic_images\200x200\male\subject_mesh_0988.png,calvis
M_subject_mesh_0989,M,110.3,96.2,104.8,C:/Users/admin/Downloads/CALVIS/CALVIS/dataset/cmu\synthetic_images\200x200\male\subject_mesh_0989.png,calvis
M_subject_mesh_0990,M,125.8,111.1,116.6,C:/Users/admin/Downloads/CALVIS/CALVIS/dataset/cmu\synthetic_images\200x200\male\subject_mesh_0990.png,calvis
M_subject_mesh_0991,M,116.0,100.2,102.8,C:/Users/admin/Downloads/CALVIS/CALVIS/dataset/cmu\synthetic_images\200x200\male\subject_mesh_0991.png,calvis
M_subject_mesh_0992,M,103.2,94.9,107.2,C:/Users/admin/Downloads/CALVIS/CALVIS/dataset/cmu\synthetic_images\200x200\male\subject_mesh_0992.png,calvis
M_subject_mesh_0993,M,118.5,110.2,110.3,C:/Users/admin/Downloads/CALVIS/CALVIS/dataset/cmu\synthetic_images\200x200\male\subject_mesh_0993.png,calvis
M_subject_mesh_0994,M,100.6,82.4,90.9,C:/Users/admin/Downloads/CALVIS/CALVIS/dataset/cmu\synthetic_images\200x200\male\subject_mesh_0994.png,calvis
M_subject_mesh_0995,M,98.1,85.2,98.0,C:/Users/admin/Downloads/CALVIS/CALVIS/dataset/cmu\synthetic_images\200x200\male\subject_mesh_0995.png,calvis
M_subject_mesh_0996,M,116.0,100.3,105.3,C:/Users/admin/Downloads/CALVIS/CALVIS/dataset/cmu\synthetic_images\200x200\male\subject_mesh_0996.png,calvis
M_subject_mesh_0997,M,112.1,101.1,103.2,C:/Users/admin/Downloads/CALVIS/CALVIS/dataset/cmu\synthetic_images\200x200\male\subject_mesh_0997.png,calvis
M_subject_mesh_0998,M,112.3,106.1,112.6,C:/Users/admin/Downloads/CALVIS/CALVIS/dataset/cmu\synthetic_images\200x200\male\subject_mesh_0998.png,calvis
M_subject_mesh_0999,M,103.3,90.9,102.6,C:/Users/admin/Downloads/CALVIS/CALVIS/dataset/cmu\synthetic_images\200x200\male\subject_mesh_0999.png,calvis
M_subject_mesh_1000,M,97.3,79.9,97.9,C:/Users/admin/Downloads/CALVIS/CALVIS/dataset/cmu\synthetic_images\200x200\male\subject_mesh_1000.png,calvis
M_subject_mesh_1001,M,111.3,100.9,103.4,C:/Users/admin/Downloads/CALVIS/CALVIS/dataset/cmu\synthetic_images\200x200\male\subject_mesh_1001.png,calvis
M_subject_mesh_1002,M,96.0,79.7,97.4,C:/Users/admin/Downloads/CALVIS/CALVIS/dataset/cmu\synthetic_images\200x200\male\subject_mesh_1002.png,calvis
M_subject_mesh_1003,M,101.4,89.0,101.5,C:/Users/admin/Downloads/CALVIS/CALVIS/dataset/cmu\synthetic_images\200x200\male\subject_mesh_1003.png,calvis
M_subject_mesh_1004,M,103.1,89.8,102.4,C:/Users/admin/Downloads/CALVIS/CALVIS/dataset/cmu\synthetic_images\200x200\male\subject_mesh_1004.png,calvis
M_subject_mesh_1005,M,104.9,89.1,102.6,C:/Users/admin/Downloads/CALVIS/CALVIS/dataset/cmu\synthetic_images\200x200\male\subject_mesh_1005.png,calvis
M_subject_mesh_1006,M,97.5,85.7,96.6,C:/Users/admin/Downloads/CALVIS/CALVIS/dataset/cmu\synthetic_images\200x200\male\subject_mesh_1006.png,calvis
M_subject_mesh_1007,M,107.5,96.4,100.0,C:/Users/admin/Downloads/CALVIS/CALVIS/dataset/cmu\synthetic_images\200x200\male\subject_mesh_1007.png,calvis
M_subject_mesh_1008,M,99.6,87.8,99.6,C:/Users/admin/Downloads/CALVIS/CALVIS/dataset/cmu\synthetic_images\200x200\male\subject_mesh_1008.png,calvis
M_subject_mesh_1009,M,97.6,81.5,97.6,C:/Users/admin/Downloads/CALVIS/CALVIS/dataset/cmu\synthetic_images\200x200\male\subject_mesh_1009.png,calvis
M_subject_mesh_1010,M,109.7,94.5,102.2,C:/Users/admin/Downloads/CALVIS/CALVIS/dataset/cmu\synthetic_images\200x200\male\subject_mesh_1010.png,calvis
M_subject_mesh_1011,M,97.7,87.6,101.7,C:/Users/admin/Downloads/CALVIS/CALVIS/dataset/cmu\synthetic_images\200x200\male\subject_mesh_1011.png,calvis
M_subject_mesh_1012,M,102.4,85.6,98.1,C:/Users/admin/Downloads/CALVIS/CALVIS/dataset/cmu\synthetic_images\200x200\male\subject_mesh_1012.png,calvis
M_subject_mesh_1013,M,98.0,84.4,104.2,C:/Users/admin/Downloads/CALVIS/CALVIS/dataset/cmu\synthetic_images\200x200\male\subject_mesh_1013.png,calvis
M_subject_mesh_1014,M,114.2,100.0,109.2,C:/Users/admin/Downloads/CALVIS/CALVIS/dataset/cmu\synthetic_images\200x200\male\subject_mesh_1014.png,calvis
M_subject_mesh_1015,M,100.0,85.1,103.1,C:/Users/admin/Downloads/CALVIS/CALVIS/dataset/cmu\synthetic_images\200x200\male\subject_mesh_1015.png,calvis
M_subject_mesh_1016,M,100.9,83.0,97.0,C:/Users/admin/Downloads/CALVIS/CALVIS/dataset/cmu\synthetic_images\200x200\male\subject_mesh_1016.png,calvis
M_subject_mesh_1017,M,98.4,81.9,96.4,C:/Users/admin/Downloads/CALVIS/CALVIS/dataset/cmu\synthetic_images\200x200\male\subject_mesh_1017.png,calvis
M_subject_mesh_1018,M,98.9,83.5,98.9,C:/Users/admin/Downloads/CALVIS/CALVIS/dataset/cmu\synthetic_images\200x200\male\subject_mesh_1018.png,calvis
M_subject_mesh_1019,M,112.5,103.8,110.0,C:/Users/admin/Downloads/CALVIS/CALVIS/dataset/cmu\synthetic_images\200x200\male\subject_mesh_1019.png,calvis
M_subject_mesh_1020,M,113.5,104.1,104.2,C:/Users/admin/Downloads/CALVIS/CALVIS/dataset/cmu\synthetic_images\200x200\male\subject_mesh_1020.png,calvis
M_subject_mesh_1021,M,106.6,95.3,108.2,C:/Users/admin/Downloads/CALVIS/CALVIS/dataset/cmu\synthetic_images\200x200\male\subject_mesh_1021.png,calvis
M_subject_mesh_1022,M,109.5,102.8,106.1,C:/Users/admin/Downloads/CALVIS/CALVIS/dataset/cmu\synthetic_images\200x200\male\subject_mesh_1022.png,calvis
M_subject_mesh_1023,M,96.6,82.9,98.5,C:/Users/admin/Downloads/CALVIS/CALVIS/dataset/cmu\synthetic_images\200x200\male\subject_mesh_1023.png,calvis
M_subject_mesh_1024,M,107.3,95.2,106.5,C:/Users/admin/Downloads/CALVIS/CALVIS/dataset/cmu\synthetic_images\200x200\male\subject_mesh_1024.png,calvis
M_subject_mesh_1025,M,92.0,76.0,92.6,C:/Users/admin/Downloads/CALVIS/CALVIS/dataset/cmu\synthetic_images\200x200\male\subject_mesh_1025.png,calvis
M_subject_mesh_1026,M,106.2,90.6,105.0,C:/Users/admin/Downloads/CALVIS/CALVIS/dataset/cmu\synthetic_images\200x200\male\subject_mesh_1026.png,calvis
M_subject_mesh_1027,M,109.9,99.1,101.9,C:/Users/admin/Downloads/CALVIS/CALVIS/dataset/cmu\synthetic_images\200x200\male\subject_mesh_1027.png,calvis
M_subject_mesh_1028,M,106.5,100.0,107.7,C:/Users/admin/Downloads/CALVIS/CALVIS/dataset/cmu\synthetic_images\200x200\male\subject_mesh_1028.png,calvis
M_subject_mesh_1029,M,108.5,91.0,100.8,C:/Users/admin/Downloads/CALVIS/CALVIS/dataset/cmu\synthetic_images\200x200\male\subject_mesh_1029.png,calvis
M_subject_mesh_1030,M,108.3,98.1,106.8,C:/Users/admin/Downloads/CALVIS/CALVIS/dataset/cmu\synthetic_images\200x200\male\subject_mesh_1030.png,calvis
M_subject_mesh_1031,M,113.0,102.0,111.7,C:/Users/admin/Downloads/CALVIS/CALVIS/dataset/cmu\synthetic_images\200x200\male\subject_mesh_1031.png,calvis
M_subject_mesh_1032,M,110.8,100.1,104.6,C:/Users/admin/Downloads/CALVIS/CALVIS/dataset/cmu\synthetic_images\200x200\male\subject_mesh_1032.png,calvis
M_subject_mesh_1033,M,109.7,99.9,108.8,C:/Users/admin/Downloads/CALVIS/CALVIS/dataset/cmu\synthetic_images\200x200\male\subject_mesh_1033.png,calvis
M_subject_mesh_1034,M,94.2,79.2,94.3,C:/Users/admin/Downloads/CALVIS/CALVIS/dataset/cmu\synthetic_images\200x200\male\subject_mesh_1034.png,calvis
M_subject_mesh_1035,M,106.5,98.4,110.2,C:/Users/admin/Downloads/CALVIS/CALVIS/dataset/cmu\synthetic_images\200x200\male\subject_mesh_1035.png,calvis
M_subject_mesh_1036,M,93.6,84.9,97.4,C:/Users/admin/Downloads/CALVIS/CALVIS/dataset/cmu\synthetic_images\200x200\male\subject_mesh_1036.png,calvis
M_subject_mesh_1037,M,106.2,101.1,104.8,C:/Users/admin/Downloads/CALVIS/CALVIS/dataset/cmu\synthetic_images\200x200\male\subject_mesh_1037.png,calvis
M_subject_mesh_1038,M,94.6,81.6,97.1,C:/Users/admin/Downloads/CALVIS/CALVIS/dataset/cmu\synthetic_images\200x200\male\subject_mesh_1038.png,calvis
M_subject_mesh_1039,M,112.1,102.7,110.0,C:/Users/admin/Downloads/CALVIS/CALVIS/dataset/cmu\synthetic_images\200x200\male\subject_mesh_1039.png,calvis
M_subject_mesh_1040,M,97.1,82.2,97.3,C:/Users/admin/Downloads/CALVIS/CALVIS/dataset/cmu\synthetic_images\200x200\male\subject_mesh_1040.png,calvis
M_subject_mesh_1041,M,99.2,79.7,96.2,C:/Users/admin/Downloads/CALVIS/CALVIS/dataset/cmu\synthetic_images\200x200\male\subject_mesh_1041.png,calvis
M_subject_mesh_1042,M,101.9,88.5,105.1,C:/Users/admin/Downloads/CALVIS/CALVIS/dataset/cmu\synthetic_images\200x200\male\subject_mesh_1042.png,calvis
M_subject_mesh_1043,M,98.7,90.2,101.6,C:/Users/admin/Downloads/CALVIS/CALVIS/dataset/cmu\synthetic_images\200x200\male\subject_mesh_1043.png,calvis
M_subject_mesh_1044,M,113.9,101.0,101.3,C:/Users/admin/Downloads/CALVIS/CALVIS/dataset/cmu\synthetic_images\200x200\male\subject_mesh_1044.png,calvis
M_subject_mesh_1045,M,119.3,106.1,106.0,C:/Users/admin/Downloads/CALVIS/CALVIS/dataset/cmu\synthetic_images\200x200\male\subject_mesh_1045.png,calvis
M_subject_mesh_1046,M,102.5,89.7,102.3,C:/Users/admin/Downloads/CALVIS/CALVIS/dataset/cmu\synthetic_images\200x200\male\subject_mesh_1046.png,calvis
M_subject_mesh_1047,M,111.5,104.5,107.5,C:/Users/admin/Downloads/CALVIS/CALVIS/dataset/cmu\synthetic_images\200x200\male\subject_mesh_1047.png,calvis
M_subject_mesh_1048,M,113.5,104.4,104.7,C:/Users/admin/Downloads/CALVIS/CALVIS/dataset/cmu\synthetic_images\200x200\male\subject_mesh_1048.png,calvis
M_subject_mesh_1049,M,105.4,91.2,104.3,C:/Users/admin/Downloads/CALVIS/CALVIS/dataset/cmu\synthetic_images\200x200\male\subject_mesh_1049.png,calvis
M_subject_mesh_1050,M,106.1,98.2,103.7,C:/Users/admin/Downloads/CALVIS/CALVIS/dataset/cmu\synthetic_images\200x200\male\subject_mesh_1050.png,calvis
M_subject_mesh_1051,M,110.8,101.8,103.4,C:/Users/admin/Downloads/CALVIS/CALVIS/dataset/cmu\synthetic_images\200x200\male\subject_mesh_1051.png,calvis
M_subject_mesh_1052,M,103.2,94.1,103.9,C:/Users/admin/Downloads/CALVIS/CALVIS/dataset/cmu\synthetic_images\200x200\male\subject_mesh_1052.png,calvis
M_subject_mesh_1053,M,96.0,86.6,100.3,C:/Users/admin/Downloads/CALVIS/CALVIS/dataset/cmu\synthetic_images\200x200\male\subject_mesh_1053.png,calvis
M_subject_mesh_1054,M,102.2,91.0,105.9,C:/Users/admin/Downloads/CALVIS/CALVIS/dataset/cmu\synthetic_images\200x200\male\subject_mesh_1054.png,calvis
M_subject_mesh_1055,M,105.6,87.9,98.3,C:/Users/admin/Downloads/CALVIS/CALVIS/dataset/cmu\synthetic_images\200x200\male\subject_mesh_1055.png,calvis
M_subject_mesh_1056,M,102.4,89.2,97.7,C:/Users/admin/Downloads/CALVIS/CALVIS/dataset/cmu\synthetic_images\200x200\male\subject_mesh_1056.png,calvis
M_subject_mesh_1057,M,107.3,95.4,101.5,C:/Users/admin/Downloads/CALVIS/CALVIS/dataset/cmu\synthetic_images\200x200\male\subject_mesh_1057.png,calvis
M_subject_mesh_1058,M,114.2,105.6,108.1,C:/Users/admin/Downloads/CALVIS/CALVIS/dataset/cmu\synthetic_images\200x200\male\subject_mesh_1058.png,calvis
M_subject_mesh_1059,M,102.6,90.1,100.1,C:/Users/admin/Downloads/CALVIS/CALVIS/dataset/cmu\synthetic_images\200x200\male\subject_mesh_1059.png,calvis
M_subject_mesh_1060,M,102.1,86.9,100.7,C:/Users/admin/Downloads/CALVIS/CALVIS/dataset/cmu\synthetic_images\200x200\male\subject_mesh_1060.png,calvis
M_subject_mesh_1061,M,96.3,81.5,98.6,C:/Users/admin/Downloads/CALVIS/CALVIS/dataset/cmu\synthetic_images\200x200\male\subject_mesh_1061.png,calvis
M_subject_mesh_1062,M,107.5,96.1,106.1,C:/Users/admin/Downloads/CALVIS/CALVIS/dataset/cmu\synthetic_images\200x200\male\subject_mesh_1062.png,calvis
M_subject_mesh_1063,M,107.7,89.9,100.7,C:/Users/admin/Downloads/CALVIS/CALVIS/dataset/cmu\synthetic_images\200x200\male\subject_mesh_1063.png,calvis
M_subject_mesh_1064,M,101.3,90.2,94.2,C:/Users/admin/Downloads/CALVIS/CALVIS/dataset/cmu\synthetic_images\200x200\male\subject_mesh_1064.png,calvis
M_subject_mesh_1065,M,102.5,85.4,99.8,C:/Users/admin/Downloads/CALVIS/CALVIS/dataset/cmu\synthetic_images\200x200\male\subject_mesh_1065.png,calvis
M_subject_mesh_1066,M,93.9,75.5,92.0,C:/Users/admin/Downloads/CALVIS/CALVIS/dataset/cmu\synthetic_images\200x200\male\subject_mesh_1066.png,calvis
M_subject_mesh_1067,M,95.9,82.8,97.7,C:/Users/admin/Downloads/CALVIS/CALVIS/dataset/cmu\synthetic_images\200x200\male\subject_mesh_1067.png,calvis
M_subject_mesh_1068,M,100.6,87.4,98.6,C:/Users/admin/Downloads/CALVIS/CALVIS/dataset/cmu\synthetic_images\200x200\male\subject_mesh_1068.png,calvis
M_subject_mesh_1069,M,111.0,101.7,106.5,C:/Users/admin/Downloads/CALVIS/CALVIS/dataset/cmu\synthetic_images\200x200\male\subject_mesh_1069.png,calvis
M_subject_mesh_1070,M,120.3,106.2,106.1,C:/Users/admin/Downloads/CALVIS/CALVIS/dataset/cmu\synthetic_images\200x200\male\subject_mesh_1070.png,calvis
M_subject_mesh_1071,M,118.7,116.0,122.3,C:/Users/admin/Downloads/CALVIS/CALVIS/dataset/cmu\synthetic_images\200x200\male\subject_mesh_1071.png,calvis
M_subject_mesh_1072,M,108.5,102.0,107.5,C:/Users/admin/Downloads/CALVIS/CALVIS/dataset/cmu\synthetic_images\200x200\male\subject_mesh_1072.png,calvis
M_subject_mesh_1073,M,114.2,101.1,106.9,C:/Users/admin/Downloads/CALVIS/CALVIS/dataset/cmu\synthetic_images\200x200\male\subject_mesh_1073.png,calvis
M_subject_mesh_1074,M,102.0,93.7,98.4,C:/Users/admin/Downloads/CALVIS/CALVIS/dataset/cmu\synthetic_images\200x200\male\subject_mesh_1074.png,calvis
M_subject_mesh_1075,M,106.2,95.3,103.7,C:/Users/admin/Downloads/CALVIS/CALVIS/dataset/cmu\synthetic_images\200x200\male\subject_mesh_1075.png,calvis
M_subject_mesh_1076,M,98.3,85.7,103.3,C:/Users/admin/Downloads/CALVIS/CALVIS/dataset/cmu\synthetic_images\200x200\male\subject_mesh_1076.png,calvis
M_subject_mesh_1077,M,108.7,103.2,106.7,C:/Users/admin/Downloads/CALVIS/CALVIS/dataset/cmu\synthetic_images\200x200\male\subject_mesh_1077.png,calvis
M_subject_mesh_1078,M,111.3,98.6,105.0,C:/Users/admin/Downloads/CALVIS/CALVIS/dataset/cmu\synthetic_images\200x200\male\subject_mesh_1078.png,calvis
M_subject_mesh_1079,M,108.6,96.3,103.7,C:/Users/admin/Downloads/CALVIS/CALVIS/dataset/cmu\synthetic_images\200x200\male\subject_mesh_1079.png,calvis
M_subject_mesh_1080,M,109.9,93.7,107.8,C:/Users/admin/Downloads/CALVIS/CALVIS/dataset/cmu\synthetic_images\200x200\male\subject_mesh_1080.png,calvis
M_subject_mesh_1081,M,95.8,80.7,97.5,C:/Users/admin/Downloads/CALVIS/CALVIS/dataset/cmu\synthetic_images\200x200\male\subject_mesh_1081.png,calvis
M_subject_mesh_1082,M,106.7,91.0,100.9,C:/Users/admin/Downloads/CALVIS/CALVIS/dataset/cmu\synthetic_images\200x200\male\subject_mesh_1082.png,calvis
M_subject_mesh_1083,M,111.8,100.0,112.6,C:/Users/admin/Downloads/CALVIS/CALVIS/dataset/cmu\synthetic_images\200x200\male\subject_mesh_1083.png,calvis
M_subject_mesh_1084,M,104.0,94.4,101.6,C:/Users/admin/Downloads/CALVIS/CALVIS/dataset/cmu\synthetic_images\200x200\male\subject_mesh_1084.png,calvis
M_subject_mesh_1085,M,100.3,86.3,100.9,C:/Users/admin/Downloads/CALVIS/CALVIS/dataset/cmu\synthetic_images\200x200\male\subject_mesh_1085.png,calvis
M_subject_mesh_1086,M,98.5,82.0,96.6,C:/Users/admin/Downloads/CALVIS/CALVIS/dataset/cmu\synthetic_images\200x200\male\subject_mesh_1086.png,calvis
M_subject_mesh_1087,M,105.2,88.3,102.2,C:/Users/admin/Downloads/CALVIS/CALVIS/dataset/cmu\synthetic_images\200x200\male\subject_mesh_1087.png,calvis
M_subject_mesh_1088,M,96.7,85.5,98.4,C:/Users/admin/Downloads/CALVIS/CALVIS/dataset/cmu\synthetic_images\200x200\male\subject_mesh_1088.png,calvis
M_subject_mesh_1089,M,107.8,94.9,110.0,C:/Users/admin/Downloads/CALVIS/CALVIS/dataset/cmu\synthetic_images\200x200\male\subject_mesh_1089.png,calvis
M_subject_mesh_1090,M,100.4,88.4,99.4,C:/Users/admin/Downloads/CALVIS/CALVIS/dataset/cmu\synthetic_images\200x200\male\subject_mesh_1090.png,calvis
M_subject_mesh_1091,M,91.4,77.3,89.9,C:/Users/admin/Downloads/CALVIS/CALVIS/dataset/cmu\synthetic_images\200x200\male\subject_mesh_1091.png,calvis
M_subject_mesh_1092,M,100.9,81.8,97.2,C:/Users/admin/Downloads/CALVIS/CALVIS/dataset/cmu\synthetic_images\200x200\male\subject_mesh_1092.png,calvis
M_subject_mesh_1093,M,102.4,94.8,101.5,C:/Users/admin/Downloads/CALVIS/CALVIS/dataset/cmu\synthetic_images\200x200\male\subject_mesh_1093.png,calvis
M_subject_mesh_1094,M,115.4,113.7,116.6,C:/Users/admin/Downloads/CALVIS/CALVIS/dataset/cmu\synthetic_images\200x200\male\subject_mesh_1094.png,calvis
M_subject_mesh_1095,M,116.7,115.0,120.9,C:/Users/admin/Downloads/CALVIS/CALVIS/dataset/cmu\synthetic_images\200x200\male\subject_mesh_1095.png,calvis
M_subject_mesh_1096,M,126.3,115.6,115.7,C:/Users/admin/Downloads/CALVIS/CALVIS/dataset/cmu\synthetic_images\200x200\male\subject_mesh_1096.png,calvis
M_subject_mesh_1097,M,99.5,87.4,98.6,C:/Users/admin/Downloads/CALVIS/CALVIS/dataset/cmu\synthetic_images\200x200\male\subject_mesh_1097.png,calvis
M_subject_mesh_1098,M,100.8,82.8,97.6,C:/Users/admin/Downloads/CALVIS/CALVIS/dataset/cmu\synthetic_images\200x200\male\subject_mesh_1098.png,calvis
M_subject_mesh_1099,M,102.4,87.6,97.3,C:/Users/admin/Downloads/CALVIS/CALVIS/dataset/cmu\synthetic_images\200x200\male\subject_mesh_1099.png,calvis
M_subject_mesh_1100,M,99.6,83.2,98.6,C:/Users/admin/Downloads/CALVIS/CALVIS/dataset/cmu\synthetic_images\200x200\male\subject_mesh_1100.png,calvis
M_subject_mesh_1101,M,100.0,89.0,102.1,C:/Users/admin/Downloads/CALVIS/CALVIS/dataset/cmu\synthetic_images\200x200\male\subject_mesh_1101.png,calvis
M_subject_mesh_1102,M,97.9,82.0,98.9,C:/Users/admin/Downloads/CALVIS/CALVIS/dataset/cmu\synthetic_images\200x200\male\subject_mesh_1102.png,calvis
M_subject_mesh_1103,M,109.2,99.0,104.3,C:/Users/admin/Downloads/CALVIS/CALVIS/dataset/cmu\synthetic_images\200x200\male\subject_mesh_1103.png,calvis
M_subject_mesh_1104,M,102.9,88.9,92.1,C:/Users/admin/Downloads/CALVIS/CALVIS/dataset/cmu\synthetic_images\200x200\male\subject_mesh_1104.png,calvis
M_subject_mesh_1105,M,101.2,90.9,97.9,C:/Users/admin/Downloads/CALVIS/CALVIS/dataset/cmu\synthetic_images\200x200\male\subject_mesh_1105.png,calvis
M_subject_mesh_1106,M,104.1,92.5,104.4,C:/Users/admin/Downloads/CALVIS/CALVIS/dataset/cmu\synthetic_images\200x200\male\subject_mesh_1106.png,calvis
M_subject_mesh_1107,M,106.0,105.2,107.2,C:/Users/admin/Downloads/CALVIS/CALVIS/dataset/cmu\synthetic_images\200x200\male\subject_mesh_1107.png,calvis
M_subject_mesh_1108,M,106.1,93.0,98.5,C:/Users/admin/Downloads/CALVIS/CALVIS/dataset/cmu\synthetic_images\200x200\male\subject_mesh_1108.png,calvis
M_subject_mesh_1109,M,109.8,99.3,108.8,C:/Users/admin/Downloads/CALVIS/CALVIS/dataset/cmu\synthetic_images\200x200\male\subject_mesh_1109.png,calvis
M_subject_mesh_1110,M,107.2,96.9,104.4,C:/Users/admin/Downloads/CALVIS/CALVIS/dataset/cmu\synthetic_images\200x200\male\subject_mesh_1110.png,calvis
M_subject_mesh_1111,M,94.2,80.6,92.7,C:/Users/admin/Downloads/CALVIS/CALVIS/dataset/cmu\synthetic_images\200x200\male\subject_mesh_1111.png,calvis
M_subject_mesh_1112,M,91.4,79.7,97.1,C:/Users/admin/Downloads/CALVIS/CALVIS/dataset/cmu\synthetic_images\200x200\male\subject_mesh_1112.png,calvis
M_subject_mesh_1113,M,110.0,99.5,113.5,C:/Users/admin/Downloads/CALVIS/CALVIS/dataset/cmu\synthetic_images\200x200\male\subject_mesh_1113.png,calvis
M_subject_mesh_1114,M,106.4,92.4,98.0,C:/Users/admin/Downloads/CALVIS/CALVIS/dataset/cmu\synthetic_images\200x200\male\subject_mesh_1114.png,calvis
M_subject_mesh_1115,M,106.4,97.7,103.0,C:/Users/admin/Downloads/CALVIS/CALVIS/dataset/cmu\synthetic_images\200x200\male\subject_mesh_1115.png,calvis
M_subject_mesh_1116,M,110.7,102.7,105.9,C:/Users/admin/Downloads/CALVIS/CALVIS/dataset/cmu\synthetic_images\200x200\male\subject_mesh_1116.png,calvis
M_subject_mesh_1117,M,97.6,91.3,104.9,C:/Users/admin/Downloads/CALVIS/CALVIS/dataset/cmu\synthetic_images\200x200\male\subject_mesh_1117.png,calvis
M_subject_mesh_1118,M,100.0,86.7,103.1,C:/Users/admin/Downloads/CALVIS/CALVIS/dataset/cmu\synthetic_images\200x200\male\subject_mesh_1118.png,calvis
M_subject_mesh_1119,M,108.1,95.0,102.2,C:/Users/admin/Downloads/CALVIS/CALVIS/dataset/cmu\synthetic_images\200x200\male\subject_mesh_1119.png,calvis
M_subject_mesh_1120,M,116.5,113.6,115.0,C:/Users/admin/Downloads/CALVIS/CALVIS/dataset/cmu\synthetic_images\200x200\male\subject_mesh_1120.png,calvis
M_subject_mesh_1121,M,116.1,109.7,113.6,C:/Users/admin/Downloads/CALVIS/CALVIS/dataset/cmu\synthetic_images\200x200\male\subject_mesh_1121.png,calvis
M_subject_mesh_1122,M,110.7,100.9,101.2,C:/Users/admin/Downloads/CALVIS/CALVIS/dataset/cmu\synthetic_images\200x200\male\subject_mesh_1122.png,calvis
M_subject_mesh_1123,M,110.9,100.9,102.1,C:/Users/admin/Downloads/CALVIS/CALVIS/dataset/cmu\synthetic_images\200x200\male\subject_mesh_1123.png,calvis
M_subject_mesh_1124,M,120.5,116.5,119.9,C:/Users/admin/Downloads/CALVIS/CALVIS/dataset/cmu\synthetic_images\200x200\male\subject_mesh_1124.png,calvis
M_subject_mesh_1125,M,107.2,97.5,108.1,C:/Users/admin/Downloads/CALVIS/CALVIS/dataset/cmu\synthetic_images\200x200\male\subject_mesh_1125.png,calvis
M_subject_mesh_1126,M,104.9,88.0,99.1,C:/Users/admin/Downloads/CALVIS/CALVIS/dataset/cmu\synthetic_images\200x200\male\subject_mesh_1126.png,calvis
M_subject_mesh_1127,M,106.4,92.2,103.3,C:/Users/admin/Downloads/CALVIS/CALVIS/dataset/cmu\synthetic_images\200x200\male\subject_mesh_1127.png,calvis
M_subject_mesh_1128,M,96.5,81.5,97.7,C:/Users/admin/Downloads/CALVIS/CALVIS/dataset/cmu\synthetic_images\200x200\male\subject_mesh_1128.png,calvis
M_subject_mesh_1129,M,114.7,105.9,106.4,C:/Users/admin/Downloads/CALVIS/CALVIS/dataset/cmu\synthetic_images\200x200\male\subject_mesh_1129.png,calvis
M_subject_mesh_1130,M,110.3,103.3,109.3,C:/Users/admin/Downloads/CALVIS/CALVIS/dataset/cmu\synthetic_images\200x200\male\subject_mesh_1130.png,calvis
M_subject_mesh_1131,M,97.0,80.2,96.8,C:/Users/admin/Downloads/CALVIS/CALVIS/dataset/cmu\synthetic_images\200x200\male\subject_mesh_1131.png,calvis
M_subject_mesh_1132,M,102.6,84.2,98.1,C:/Users/admin/Downloads/CALVIS/CALVIS/dataset/cmu\synthetic_images\200x200\male\subject_mesh_1132.png,calvis
M_subject_mesh_1133,M,104.6,93.7,101.9,C:/Users/admin/Downloads/CALVIS/CALVIS/dataset/cmu\synthetic_images\200x200\male\subject_mesh_1133.png,calvis
M_subject_mesh_1134,M,107.3,95.0,101.8,C:/Users/admin/Downloads/CALVIS/CALVIS/dataset/cmu\synthetic_images\200x200\male\subject_mesh_1134.png,calvis
M_subject_mesh_1135,M,106.2,88.8,96.7,C:/Users/admin/Downloads/CALVIS/CALVIS/dataset/cmu\synthetic_images\200x200\male\subject_mesh_1135.png,calvis
M_subject_mesh_1136,M,93.4,84.2,97.7,C:/Users/admin/Downloads/CALVIS/CALVIS/dataset/cmu\synthetic_images\200x200\male\subject_mesh_1136.png,calvis
M_subject_mesh_1137,M,107.0,96.8,102.1,C:/Users/admin/Downloads/CALVIS/CALVIS/dataset/cmu\synthetic_images\200x200\male\subject_mesh_1137.png,calvis
M_subject_mesh_1138,M,104.9,87.8,100.9,C:/Users/admin/Downloads/CALVIS/CALVIS/dataset/cmu\synthetic_images\200x200\male\subject_mesh_1138.png,calvis
M_subject_mesh_1139,M,103.9,84.1,100.1,C:/Users/admin/Downloads/CALVIS/CALVIS/dataset/cmu\synthetic_images\200x200\male\subject_mesh_1139.png,calvis
M_subject_mesh_1140,M,111.0,99.8,106.9,C:/Users/admin/Downloads/CALVIS/CALVIS/dataset/cmu\synthetic_images\200x200\male\subject_mesh_1140.png,calvis
M_subject_mesh_1141,M,98.7,83.7,99.9,C:/Users/admin/Downloads/CALVIS/CALVIS/dataset/cmu\synthetic_images\200x200\male\subject_mesh_1141.png,calvis
M_subject_mesh_1142,M,106.7,97.8,104.5,C:/Users/admin/Downloads/CALVIS/CALVIS/dataset/cmu\synthetic_images\200x200\male\subject_mesh_1142.png,calvis
M_subject_mesh_1143,M,114.5,107.0,109.1,C:/Users/admin/Downloads/CALVIS/CALVIS/dataset/cmu\synthetic_images\200x200\male\subject_mesh_1143.png,calvis
M_subject_mesh_1144,M,112.2,101.5,108.2,C:/Users/admin/Downloads/CALVIS/CALVIS/dataset/cmu\synthetic_images\200x200\male\subject_mesh_1144.png,calvis
M_subject_mesh_1145,M,100.6,92.4,106.8,C:/Users/admin/Downloads/CALVIS/CALVIS/dataset/cmu\synthetic_images\200x200\male\subject_mesh_1145.png,calvis
M_subject_mesh_1146,M,106.8,100.4,103.5,C:/Users/admin/Downloads/CALVIS/CALVIS/dataset/cmu\synthetic_images\200x200\male\subject_mesh_1146.png,calvis
M_subject_mesh_1147,M,98.4,89.1,100.2,C:/Users/admin/Downloads/CALVIS/CALVIS/dataset/cmu\synthetic_images\200x200\male\subject_mesh_1147.png,calvis
M_subject_mesh_1148,M,98.0,82.1,95.2,C:/Users/admin/Downloads/CALVIS/CALVIS/dataset/cmu\synthetic_images\200x200\male\subject_mesh_1148.png,calvis
M_subject_mesh_1149,M,106.6,96.5,100.3,C:/Users/admin/Downloads/CALVIS/CALVIS/dataset/cmu\synthetic_images\200x200\male\subject_mesh_1149.png,calvis
M_subject_mesh_1150,M,124.1,112.5,121.0,C:/Users/admin/Downloads/CALVIS/CALVIS/dataset/cmu\synthetic_images\200x200\male\subject_mesh_1150.png,calvis
M_subject_mesh_1151,M,111.5,98.4,106.3,C:/Users/admin/Downloads/CALVIS/CALVIS/dataset/cmu\synthetic_images\200x200\male\subject_mesh_1151.png,calvis
M_subject_mesh_1152,M,104.0,94.4,103.9,C:/Users/admin/Downloads/CALVIS/CALVIS/dataset/cmu\synthetic_images\200x200\male\subject_mesh_1152.png,calvis
M_subject_mesh_1153,M,119.5,109.1,120.8,C:/Users/admin/Downloads/CALVIS/CALVIS/dataset/cmu\synthetic_images\200x200\male\subject_mesh_1153.png,calvis
M_subject_mesh_1154,M,99.4,87.4,99.4,C:/Users/admin/Downloads/CALVIS/CALVIS/dataset/cmu\synthetic_images\200x200\male\subject_mesh_1154.png,calvis
M_subject_mesh_1155,M,108.4,101.8,104.5,C:/Users/admin/Downloads/CALVIS/CALVIS/dataset/cmu\synthetic_images\200x200\male\subject_mesh_1155.png,calvis
M_subject_mesh_1156,M,101.1,82.7,104.8,C:/Users/admin/Downloads/CALVIS/CALVIS/dataset/cmu\synthetic_images\200x200\male\subject_mesh_1156.png,calvis
M_subject_mesh_1157,M,100.5,85.9,98.9,C:/Users/admin/Downloads/CALVIS/CALVIS/dataset/cmu\synthetic_images\200x200\male\subject_mesh_1157.png,calvis
M_subject_mesh_1158,M,108.5,97.5,105.5,C:/Users/admin/Downloads/CALVIS/CALVIS/dataset/cmu\synthetic_images\200x200\male\subject_mesh_1158.png,calvis
M_subject_mesh_1159,M,134.8,130.5,131.2,C:/Users/admin/Downloads/CALVIS/CALVIS/dataset/cmu\synthetic_images\200x200\male\subject_mesh_1159.png,calvis
M_subject_mesh_1160,M,116.5,104.9,104.5,C:/Users/admin/Downloads/CALVIS/CALVIS/dataset/cmu\synthetic_images\200x200\male\subject_mesh_1160.png,calvis
M_subject_mesh_1161,M,108.1,99.8,106.1,C:/Users/admin/Downloads/CALVIS/CALVIS/dataset/cmu\synthetic_images\200x200\male\subject_mesh_1161.png,calvis
M_subject_mesh_1162,M,105.0,96.6,113.3,C:/Users/admin/Downloads/CALVIS/CALVIS/dataset/cmu\synthetic_images\200x200\male\subject_mesh_1162.png,calvis
M_subject_mesh_1163,M,107.5,91.0,103.0,C:/Users/admin/Downloads/CALVIS/CALVIS/dataset/cmu\synthetic_images\200x200\male\subject_mesh_1163.png,calvis
M_subject_mesh_1164,M,99.2,79.4,96.5,C:/Users/admin/Downloads/CALVIS/CALVIS/dataset/cmu\synthetic_images\200x200\male\subject_mesh_1164.png,calvis
M_subject_mesh_1165,M,104.9,92.4,104.8,C:/Users/admin/Downloads/CALVIS/CALVIS/dataset/cmu\synthetic_images\200x200\male\subject_mesh_1165.png,calvis
M_subject_mesh_1166,M,130.0,122.7,123.0,C:/Users/admin/Downloads/CALVIS/CALVIS/dataset/cmu\synthetic_images\200x200\male\subject_mesh_1166.png,calvis
M_subject_mesh_1167,M,119.6,109.2,112.4,C:/Users/admin/Downloads/CALVIS/CALVIS/dataset/cmu\synthetic_images\200x200\male\subject_mesh_1167.png,calvis
M_subject_mesh_1168,M,102.4,84.2,97.0,C:/Users/admin/Downloads/CALVIS/CALVIS/dataset/cmu\synthetic_images\200x200\male\subject_mesh_1168.png,calvis
M_subject_mesh_1169,M,101.9,86.0,102.1,C:/Users/admin/Downloads/CALVIS/CALVIS/dataset/cmu\synthetic_images\200x200\male\subject_mesh_1169.png,calvis
M_subject_mesh_1170,M,100.1,85.3,104.8,C:/Users/admin/Downloads/CALVIS/CALVIS/dataset/cmu\synthetic_images\200x200\male\subject_mesh_1170.png,calvis
M_subject_mesh_1171,M,108.3,89.1,105.4,C:/Users/admin/Downloads/CALVIS/CALVIS/dataset/cmu\synthetic_images\200x200\male\subject_mesh_1171.png,calvis
M_subject_mesh_1172,M,101.6,86.9,99.6,C:/Users/admin/Downloads/CALVIS/CALVIS/dataset/cmu\synthetic_images\200x200\male\subject_mesh_1172.png,calvis
M_subject_mesh_1173,M,111.5,109.1,113.0,C:/Users/admin/Downloads/CALVIS/CALVIS/dataset/cmu\synthetic_images\200x200\male\subject_mesh_1173.png,calvis
M_subject_mesh_1174,M,94.7,79.8,95.3,C:/Users/admin/Downloads/CALVIS/CALVIS/dataset/cmu\synthetic_images\200x200\male\subject_mesh_1174.png,calvis
M_subject_mesh_1175,M,108.1,96.8,114.9,C:/Users/admin/Downloads/CALVIS/CALVIS/dataset/cmu\synthetic_images\200x200\male\subject_mesh_1175.png,calvis
M_subject_mesh_1176,M,101.9,91.9,104.6,C:/Users/admin/Downloads/CALVIS/CALVIS/dataset/cmu\synthetic_images\200x200\male\subject_mesh_1176.png,calvis
M_subject_mesh_1177,M,107.4,99.8,106.7,C:/Users/admin/Downloads/CALVIS/CALVIS/dataset/cmu\synthetic_images\200x200\male\subject_mesh_1177.png,calvis
M_subject_mesh_1178,M,107.1,90.7,102.0,C:/Users/admin/Downloads/CALVIS/CALVIS/dataset/cmu\synthetic_images\200x200\male\subject_mesh_1178.png,calvis
M_subject_mesh_1179,M,104.2,91.0,102.8,C:/Users/admin/Downloads/CALVIS/CALVIS/dataset/cmu\synthetic_images\200x200\male\subject_mesh_1179.png,calvis
M_subject_mesh_1180,M,104.2,87.9,98.6,C:/Users/admin/Downloads/CALVIS/CALVIS/dataset/cmu\synthetic_images\200x200\male\subject_mesh_1180.png,calvis
M_subject_mesh_1181,M,113.5,100.2,103.8,C:/Users/admin/Downloads/CALVIS/CALVIS/dataset/cmu\synthetic_images\200x200\male\subject_mesh_1181.png,calvis
M_subject_mesh_1182,M,111.4,96.6,105.7,C:/Users/admin/Downloads/CALVIS/CALVIS/dataset/cmu\synthetic_images\200x200\male\subject_mesh_1182.png,calvis
M_subject_mesh_1183,M,108.8,101.0,105.3,C:/Users/admin/Downloads/CALVIS/CALVIS/dataset/cmu\synthetic_images\200x200\male\subject_mesh_1183.png,calvis
M_subject_mesh_1184,M,91.3,71.5,90.0,C:/Users/admin/Downloads/CALVIS/CALVIS/dataset/cmu\synthetic_images\200x200\male\subject_mesh_1184.png,calvis
M_subject_mesh_1185,M,105.4,94.0,101.9,C:/Users/admin/Downloads/CALVIS/CALVIS/dataset/cmu\synthetic_images\200x200\male\subject_mesh_1185.png,calvis
M_subject_mesh_1186,M,98.6,81.2,99.1,C:/Users/admin/Downloads/CALVIS/CALVIS/dataset/cmu\synthetic_images\200x200\male\subject_mesh_1186.png,calvis
M_subject_mesh_1187,M,110.9,99.0,105.3,C:/Users/admin/Downloads/CALVIS/CALVIS/dataset/cmu\synthetic_images\200x200\male\subject_mesh_1187.png,calvis
M_subject_mesh_1188,M,103.3,91.3,102.9,C:/Users/admin/Downloads/CALVIS/CALVIS/dataset/cmu\synthetic_images\200x200\male\subject_mesh_1188.png,calvis
M_subject_mesh_1189,M,101.7,88.6,93.5,C:/Users/admin/Downloads/CALVIS/CALVIS/dataset/cmu\synthetic_images\200x200\male\subject_mesh_1189.png,calvis
M_subject_mesh_1190,M,113.8,106.3,109.5,C:/Users/admin/Downloads/CALVIS/CALVIS/dataset/cmu\synthetic_images\200x200\male\subject_mesh_1190.png,calvis
M_subject_mesh_1191,M,124.6,121.0,120.9,C:/Users/admin/Downloads/CALVIS/CALVIS/dataset/cmu\synthetic_images\200x200\male\subject_mesh_1191.png,calvis
M_subject_mesh_1192,M,101.3,89.9,102.3,C:/Users/admin/Downloads/CALVIS/CALVIS/dataset/cmu\synthetic_images\200x200\male\subject_mesh_1192.png,calvis
M_subject_mesh_1193,M,99.5,89.9,98.5,C:/Users/admin/Downloads/CALVIS/CALVIS/dataset/cmu\synthetic_images\200x200\male\subject_mesh_1193.png,calvis
M_subject_mesh_1194,M,103.3,86.0,96.1,C:/Users/admin/Downloads/CALVIS/CALVIS/dataset/cmu\synthetic_images\200x200\male\subject_mesh_1194.png,calvis
M_subject_mesh_1195,M,96.9,84.8,101.1,C:/Users/admin/Downloads/CALVIS/CALVIS/dataset/cmu\synthetic_images\200x200\male\subject_mesh_1195.png,calvis
M_subject_mesh_1196,M,102.1,87.9,99.2,C:/Users/admin/Downloads/CALVIS/CALVIS/dataset/cmu\synthetic_images\200x200\male\subject_mesh_1196.png,calvis
M_subject_mesh_1197,M,109.0,98.7,113.4,C:/Users/admin/Downloads/CALVIS/CALVIS/dataset/cmu\synthetic_images\200x200\male\subject_mesh_1197.png,calvis
M_subject_mesh_1198,M,110.9,103.2,110.0,C:/Users/admin/Downloads/CALVIS/CALVIS/dataset/cmu\synthetic_images\200x200\male\subject_mesh_1198.png,calvis
M_subject_mesh_1199,M,115.1,93.1,99.1,C:/Users/admin/Downloads/CALVIS/CALVIS/dataset/cmu\synthetic_images\200x200\male\subject_mesh_1199.png,calvis
M_subject_mesh_1200,M,106.1,91.9,105.2,C:/Users/admin/Downloads/CALVIS/CALVIS/dataset/cmu\synthetic_images\200x200\male\subject_mesh_1200.png,calvis
M_subject_mesh_1201,M,110.4,101.8,103.6,C:/Users/admin/Downloads/CALVIS/CALVIS/dataset/cmu\synthetic_images\200x200\male\subject_mesh_1201.png,calvis
M_subject_mesh_1202,M,101.8,92.6,105.9,C:/Users/admin/Downloads/CALVIS/CALVIS/dataset/cmu\synthetic_images\200x200\male\subject_mesh_1202.png,calvis
M_subject_mesh_1203,M,98.9,87.1,97.4,C:/Users/admin/Downloads/CALVIS/CALVIS/dataset/cmu\synthetic_images\200x200\male\subject_mesh_1203.png,calvis
M_subject_mesh_1204,M,105.9,94.9,100.8,C:/Users/admin/Downloads/CALVIS/CALVIS/dataset/cmu\synthetic_images\200x200\male\subject_mesh_1204.png,calvis
M_subject_mesh_1205,M,122.4,111.0,110.9,C:/Users/admin/Downloads/CALVIS/CALVIS/dataset/cmu\synthetic_images\200x200\male\subject_mesh_1205.png,calvis
M_subject_mesh_1206,M,105.9,96.1,102.4,C:/Users/admin/Downloads/CALVIS/CALVIS/dataset/cmu\synthetic_images\200x200\male\subject_mesh_1206.png,calvis
M_subject_mesh_1207,M,104.0,92.9,106.3,C:/Users/admin/Downloads/CALVIS/CALVIS/dataset/cmu\synthetic_images\200x200\male\subject_mesh_1207.png,calvis
M_subject_mesh_1208,M,104.3,93.3,105.6,C:/Users/admin/Downloads/CALVIS/CALVIS/dataset/cmu\synthetic_images\200x200\male\subject_mesh_1208.png,calvis
M_subject_mesh_1209,M,120.7,107.5,107.5,C:/Users/admin/Downloads/CALVIS/CALVIS/dataset/cmu\synthetic_images\200x200\male\subject_mesh_1209.png,calvis
M_subject_mesh_1210,M,101.1,87.0,96.8,C:/Users/admin/Downloads/CALVIS/CALVIS/dataset/cmu\synthetic_images\200x200\male\subject_mesh_1210.png,calvis
M_subject_mesh_1211,M,101.4,90.0,102.1,C:/Users/admin/Downloads/CALVIS/CALVIS/dataset/cmu\synthetic_images\200x200\male\subject_mesh_1211.png,calvis
M_subject_mesh_1212,M,113.2,105.6,107.1,C:/Users/admin/Downloads/CALVIS/CALVIS/dataset/cmu\synthetic_images\200x200\male\subject_mesh_1212.png,calvis
M_subject_mesh_1213,M,99.8,88.1,103.8,C:/Users/admin/Downloads/CALVIS/CALVIS/dataset/cmu\synthetic_images\200x200\male\subject_mesh_1213.png,calvis
M_subject_mesh_1214,M,93.7,76.1,88.6,C:/Users/admin/Downloads/CALVIS/CALVIS/dataset/cmu\synthetic_images\200x200\male\subject_mesh_1214.png,calvis
M_subject_mesh_1215,M,103.2,96.5,99.8,C:/Users/admin/Downloads/CALVIS/CALVIS/dataset/cmu\synthetic_images\200x200\male\subject_mesh_1215.png,calvis
M_subject_mesh_1216,M,108.3,97.0,108.0,C:/Users/admin/Downloads/CALVIS/CALVIS/dataset/cmu\synthetic_images\200x200\male\subject_mesh_1216.png,calvis
M_subject_mesh_1217,M,104.5,96.0,115.6,C:/Users/admin/Downloads/CALVIS/CALVIS/dataset/cmu\synthetic_images\200x200\male\subject_mesh_1217.png,calvis
M_subject_mesh_1218,M,99.6,88.2,104.8,C:/Users/admin/Downloads/CALVIS/CALVIS/dataset/cmu\synthetic_images\200x200\male\subject_mesh_1218.png,calvis
M_subject_mesh_1219,M,107.5,96.4,106.8,C:/Users/admin/Downloads/CALVIS/CALVIS/dataset/cmu\synthetic_images\200x200\male\subject_mesh_1219.png,calvis
M_subject_mesh_1220,M,109.6,101.4,102.9,C:/Users/admin/Downloads/CALVIS/CALVIS/dataset/cmu\synthetic_images\200x200\male\subject_mesh_1220.png,calvis
M_subject_mesh_1221,M,92.4,80.9,95.0,C:/Users/admin/Downloads/CALVIS/CALVIS/dataset/cmu\synthetic_images\200x200\male\subject_mesh_1221.png,calvis
M_subject_mesh_1222,M,105.3,95.5,107.7,C:/Users/admin/Downloads/CALVIS/CALVIS/dataset/cmu\synthetic_images\200x200\male\subject_mesh_1222.png,calvis
M_subject_mesh_1223,M,101.8,90.5,103.5,C:/Users/admin/Downloads/CALVIS/CALVIS/dataset/cmu\synthetic_images\200x200\male\subject_mesh_1223.png,calvis
M_subject_mesh_1224,M,109.5,94.0,101.9,C:/Users/admin/Downloads/CALVIS/CALVIS/dataset/cmu\synthetic_images\200x200\male\subject_mesh_1224.png,calvis
M_subject_mesh_1225,M,124.9,112.6,118.3,C:/Users/admin/Downloads/CALVIS/CALVIS/dataset/cmu\synthetic_images\200x200\male\subject_mesh_1225.png,calvis
M_subject_mesh_1226,M,96.0,79.8,97.4,C:/Users/admin/Downloads/CALVIS/CALVIS/dataset/cmu\synthetic_images\200x200\male\subject_mesh_1226.png,calvis
M_subject_mesh_1227,M,105.4,93.6,101.8,C:/Users/admin/Downloads/CALVIS/CALVIS/dataset/cmu\synthetic_images\200x200\male\subject_mesh_1227.png,calvis
M_subject_mesh_1228,M,97.1,85.7,99.8,C:/Users/admin/Downloads/CALVIS/CALVIS/dataset/cmu\synthetic_images\200x200\male\subject_mesh_1228.png,calvis
M_subject_mesh_1229,M,115.7,109.7,112.1,C:/Users/admin/Downloads/CALVIS/CALVIS/dataset/cmu\synthetic_images\200x200\male\subject_mesh_1229.png,calvis
M_subject_mesh_1230,M,104.0,89.8,107.4,C:/Users/admin/Downloads/CALVIS/CALVIS/dataset/cmu\synthetic_images\200x200\male\subject_mesh_1230.png,calvis
M_subject_mesh_1231,M,101.2,88.5,100.2,C:/Users/admin/Downloads/CALVIS/CALVIS/dataset/cmu\synthetic_images\200x200\male\subject_mesh_1231.png,calvis
M_subject_mesh_1232,M,101.5,90.3,95.8,C:/Users/admin/Downloads/CALVIS/CALVIS/dataset/cmu\synthetic_images\200x200\male\subject_mesh_1232.png,calvis
M_subject_mesh_1233,M,103.6,89.7,103.2,C:/Users/admin/Downloads/CALVIS/CALVIS/dataset/cmu\synthetic_images\200x200\male\subject_mesh_1233.png,calvis
M_subject_mesh_1234,M,110.1,97.5,109.4,C:/Users/admin/Downloads/CALVIS/CALVIS/dataset/cmu\synthetic_images\200x200\male\subject_mesh_1234.png,calvis
M_subject_mesh_1235,M,93.0,77.1,92.5,C:/Users/admin/Downloads/CALVIS/CALVIS/dataset/cmu\synthetic_images\200x200\male\subject_mesh_1235.png,calvis
M_subject_mesh_1236,M,104.2,90.6,108.2,C:/Users/admin/Downloads/CALVIS/CALVIS/dataset/cmu\synthetic_images\200x200\male\subject_mesh_1236.png,calvis
M_subject_mesh_1237,M,125.4,116.8,120.0,C:/Users/admin/Downloads/CALVIS/CALVIS/dataset/cmu\synthetic_images\200x200\male\subject_mesh_1237.png,calvis
M_subject_mesh_1238,M,107.2,95.3,101.1,C:/Users/admin/Downloads/CALVIS/CALVIS/dataset/cmu\synthetic_images\200x200\male\subject_mesh_1238.png,calvis
M_subject_mesh_1239,M,104.8,98.2,103.4,C:/Users/admin/Downloads/CALVIS/CALVIS/dataset/cmu\synthetic_images\200x200\male\subject_mesh_1239.png,calvis
M_subject_mesh_1240,M,118.3,109.4,109.6,C:/Users/admin/Downloads/CALVIS/CALVIS/dataset/cmu\synthetic_images\200x200\male\subject_mesh_1240.png,calvis
M_subject_mesh_1241,M,105.0,90.2,104.8,C:/Users/admin/Downloads/CALVIS/CALVIS/dataset/cmu\synthetic_images\200x200\male\subject_mesh_1241.png,calvis
M_subject_mesh_1242,M,94.7,80.4,100.1,C:/Users/admin/Downloads/CALVIS/CALVIS/dataset/cmu\synthetic_images\200x200\male\subject_mesh_1242.png,calvis
M_subject_mesh_1243,M,109.2,95.4,102.6,C:/Users/admin/Downloads/CALVIS/CALVIS/dataset/cmu\synthetic_images\200x200\male\subject_mesh_1243.png,calvis
M_subject_mesh_1244,M,107.3,99.4,103.9,C:/Users/admin/Downloads/CALVIS/CALVIS/dataset/cmu\synthetic_images\200x200\male\subject_mesh_1244.png,calvis
M_subject_mesh_1245,M,104.8,98.9,102.4,C:/Users/admin/Downloads/CALVIS/CALVIS/dataset/cmu\synthetic_images\200x200\male\subject_mesh_1245.png,calvis
M_subject_mesh_1246,M,97.6,84.6,97.4,C:/Users/admin/Downloads/CALVIS/CALVIS/dataset/cmu\synthetic_images\200x200\male\subject_mesh_1246.png,calvis
M_subject_mesh_1247,M,104.5,90.9,107.8,C:/Users/admin/Downloads/CALVIS/CALVIS/dataset/cmu\synthetic_images\200x200\male\subject_mesh_1247.png,calvis
M_subject_mesh_1248,M,101.7,86.8,96.9,C:/Users/admin/Downloads/CALVIS/CALVIS/dataset/cmu\synthetic_images\200x200\male\subject_mesh_1248.png,calvis
M_subject_mesh_1249,M,101.0,91.5,98.3,C:/Users/admin/Downloads/CALVIS/CALVIS/dataset/cmu\synthetic_images\200x200\male\subject_mesh_1249.png,calvis
M_subject_mesh_1250,M,111.4,104.5,104.5,C:/Users/admin/Downloads/CALVIS/CALVIS/dataset/cmu\synthetic_images\200x200\male\subject_mesh_1250.png,calvis
M_subject_mesh_1251,M,110.1,97.3,103.8,C:/Users/admin/Downloads/CALVIS/CALVIS/dataset/cmu\synthetic_images\200x200\male\subject_mesh_1251.png,calvis
M_subject_mesh_1252,M,96.8,84.0,99.0,C:/Users/admin/Downloads/CALVIS/CALVIS/dataset/cmu\synthetic_images\200x200\male\subject_mesh_1252.png,calvis
M_subject_mesh_1253,M,120.6,113.8,120.0,C:/Users/admin/Downloads/CALVIS/CALVIS/dataset/cmu\synthetic_images\200x200\male\subject_mesh_1253.png,calvis
M_subject_mesh_1254,M,102.1,90.6,103.1,C:/Users/admin/Downloads/CALVIS/CALVIS/dataset/cmu\synthetic_images\200x200\male\subject_mesh_1254.png,calvis
M_subject_mesh_1255,M,126.0,119.8,119.5,C:/Users/admin/Downloads/CALVIS/CALVIS/dataset/cmu\synthetic_images\200x200\male\subject_mesh_1255.png,calvis
M_subject_mesh_1256,M,107.1,93.9,104.1,C:/Users/admin/Downloads/CALVIS/CALVIS/dataset/cmu\synthetic_images\200x200\male\subject_mesh_1256.png,calvis
M_subject_mesh_1257,M,108.7,94.0,103.7,C:/Users/admin/Downloads/CALVIS/CALVIS/dataset/cmu\synthetic_images\200x200\male\subject_mesh_1257.png,calvis
M_subject_mesh_1258,M,119.8,112.0,111.8,C:/Users/admin/Downloads/CALVIS/CALVIS/dataset/cmu\synthetic_images\200x200\male\subject_mesh_1258.png,calvis
M_subject_mesh_1259,M,98.1,79.4,99.9,C:/Users/admin/Downloads/CALVIS/CALVIS/dataset/cmu\synthetic_images\200x200\male\subject_mesh_1259.png,calvis
M_subject_mesh_1260,M,102.4,84.7,103.9,C:/Users/admin/Downloads/CALVIS/CALVIS/dataset/cmu\synthetic_images\200x200\male\subject_mesh_1260.png,calvis
M_subject_mesh_1261,M,106.6,97.9,101.1,C:/Users/admin/Downloads/CALVIS/CALVIS/dataset/cmu\synthetic_images\200x200\male\subject_mesh_1261.png,calvis
M_subject_mesh_1262,M,109.0,99.8,102.1,C:/Users/admin/Downloads/CALVIS/CALVIS/dataset/cmu\synthetic_images\200x200\male\subject_mesh_1262.png,calvis
M_subject_mesh_1263,M,114.6,108.7,114.7,C:/Users/admin/Downloads/CALVIS/CALVIS/dataset/cmu\synthetic_images\200x200\male\subject_mesh_1263.png,calvis
M_subject_mesh_1264,M,95.1,77.4,94.5,C:/Users/admin/Downloads/CALVIS/CALVIS/dataset/cmu\synthetic_images\200x200\male\subject_mesh_1264.png,calvis
M_subject_mesh_1265,M,102.5,90.1,101.3,C:/Users/admin/Downloads/CALVIS/CALVIS/dataset/cmu\synthetic_images\200x200\male\subject_mesh_1265.png,calvis
M_subject_mesh_1266,M,97.6,80.0,97.8,C:/Users/admin/Downloads/CALVIS/CALVIS/dataset/cmu\synthetic_images\200x200\male\subject_mesh_1266.png,calvis
M_subject_mesh_1267,M,104.6,93.7,106.6,C:/Users/admin/Downloads/CALVIS/CALVIS/dataset/cmu\synthetic_images\200x200\male\subject_mesh_1267.png,calvis
M_subject_mesh_1268,M,124.4,117.3,118.0,C:/Users/admin/Downloads/CALVIS/CALVIS/dataset/cmu\synthetic_images\200x200\male\subject_mesh_1268.png,calvis
M_subject_mesh_1269,M,103.2,82.8,97.6,C:/Users/admin/Downloads/CALVIS/CALVIS/dataset/cmu\synthetic_images\200x200\male\subject_mesh_1269.png,calvis
M_subject_mesh_1270,M,101.1,85.3,102.9,C:/Users/admin/Downloads/CALVIS/CALVIS/dataset/cmu\synthetic_images\200x200\male\subject_mesh_1270.png,calvis
M_subject_mesh_1271,M,100.9,86.9,99.0,C:/Users/admin/Downloads/CALVIS/CALVIS/dataset/cmu\synthetic_images\200x200\male\subject_mesh_1271.png,calvis
M_subject_mesh_1272,M,97.6,86.4,101.3,C:/Users/admin/Downloads/CALVIS/CALVIS/dataset/cmu\synthetic_images\200x200\male\subject_mesh_1272.png,calvis
M_subject_mesh_1273,M,120.3,110.1,118.3,C:/Users/admin/Downloads/CALVIS/CALVIS/dataset/cmu\synthetic_images\200x200\male\subject_mesh_1273.png,calvis
M_subject_mesh_1274,M,117.8,111.0,111.0,C:/Users/admin/Downloads/CALVIS/CALVIS/dataset/cmu\synthetic_images\200x200\male\subject_mesh_1274.png,calvis
M_subject_mesh_1275,M,111.7,99.3,108.8,C:/Users/admin/Downloads/CALVIS/CALVIS/dataset/cmu\synthetic_images\200x200\male\subject_mesh_1275.png,calvis
M_subject_mesh_1276,M,105.8,92.6,102.9,C:/Users/admin/Downloads/CALVIS/CALVIS/dataset/cmu\synthetic_images\200x200\male\subject_mesh_1276.png,calvis
M_subject_mesh_1277,M,100.1,82.9,97.3,C:/Users/admin/Downloads/CALVIS/CALVIS/dataset/cmu\synthetic_images\200x200\male\subject_mesh_1277.png,calvis
M_subject_mesh_1278,M,131.7,132.1,133.6,C:/Users/admin/Downloads/CALVIS/CALVIS/dataset/cmu\synthetic_images\200x200\male\subject_mesh_1278.png,calvis
M_subject_mesh_1279,M,97.5,83.7,98.7,C:/Users/admin/Downloads/CALVIS/CALVIS/dataset/cmu\synthetic_images\200x200\male\subject_mesh_1279.png,calvis
M_subject_mesh_1280,M,101.1,87.6,101.8,C:/Users/admin/Downloads/CALVIS/CALVIS/dataset/cmu\synthetic_images\200x200\male\subject_mesh_1280.png,calvis
M_subject_mesh_1281,M,101.5,89.1,97.6,C:/Users/admin/Downloads/CALVIS/CALVIS/dataset/cmu\synthetic_images\200x200\male\subject_mesh_1281.png,calvis
M_subject_mesh_1282,M,103.1,88.7,96.7,C:/Users/admin/Downloads/CALVIS/CALVIS/dataset/cmu\synthetic_images\200x200\male\subject_mesh_1282.png,calvis
M_subject_mesh_1283,M,108.0,91.9,101.9,C:/Users/admin/Downloads/CALVIS/CALVIS/dataset/cmu\synthetic_images\200x200\male\subject_mesh_1283.png,calvis
M_subject_mesh_1284,M,98.8,85.8,100.8,C:/Users/admin/Downloads/CALVIS/CALVIS/dataset/cmu\synthetic_images\200x200\male\subject_mesh_1284.png,calvis
M_subject_mesh_1285,M,120.7,109.5,121.9,C:/Users/admin/Downloads/CALVIS/CALVIS/dataset/cmu\synthetic_images\200x200\male\subject_mesh_1285.png,calvis
M_subject_mesh_1286,M,103.4,91.2,100.6,C:/Users/admin/Downloads/CALVIS/CALVIS/dataset/cmu\synthetic_images\200x200\male\subject_mesh_1286.png,calvis
M_subject_mesh_1287,M,135.9,123.5,123.3,C:/Users/admin/Downloads/CALVIS/CALVIS/dataset/cmu\synthetic_images\200x200\male\subject_mesh_1287.png,calvis
M_subject_mesh_1288,M,112.5,102.9,109.9,C:/Users/admin/Downloads/CALVIS/CALVIS/dataset/cmu\synthetic_images\200x200\male\subject_mesh_1288.png,calvis
M_subject_mesh_1289,M,98.0,86.6,100.2,C:/Users/admin/Downloads/CALVIS/CALVIS/dataset/cmu\synthetic_images\200x200\male\subject_mesh_1289.png,calvis
M_subject_mesh_1290,M,104.5,94.4,106.2,C:/Users/admin/Downloads/CALVIS/CALVIS/dataset/cmu\synthetic_images\200x200\male\subject_mesh_1290.png,calvis
M_subject_mesh_1291,M,100.4,85.9,96.5,C:/Users/admin/Downloads/CALVIS/CALVIS/dataset/cmu\synthetic_images\200x200\male\subject_mesh_1291.png,calvis
M_subject_mesh_1292,M,114.7,106.8,106.8,C:/Users/admin/Downloads/CALVIS/CALVIS/dataset/cmu\synthetic_images\200x200\male\subject_mesh_1292.png,calvis
M_subject_mesh_1293,M,113.7,99.5,102.4,C:/Users/admin/Downloads/CALVIS/CALVIS/dataset/cmu\synthetic_images\200x200\male\subject_mesh_1293.png,calvis
M_subject_mesh_1294,M,106.7,94.2,99.1,C:/Users/admin/Downloads/CALVIS/CALVIS/dataset/cmu\synthetic_images\200x200\male\subject_mesh_1294.png,calvis
M_subject_mesh_1295,M,107.3,100.7,103.8,C:/Users/admin/Downloads/CALVIS/CALVIS/dataset/cmu\synthetic_images\200x200\male\subject_mesh_1295.png,calvis
M_subject_mesh_1296,M,103.8,90.0,101.2,C:/Users/admin/Downloads/CALVIS/CALVIS/dataset/cmu\synthetic_images\200x200\male\subject_mesh_1296.png,calvis
M_subject_mesh_1297,M,114.0,102.3,107.0,C:/Users/admin/Downloads/CALVIS/CALVIS/dataset/cmu\synthetic_images\200x200\male\subject_mesh_1297.png,calvis
M_subject_mesh_1298,M,104.8,93.1,102.0,C:/Users/admin/Downloads/CALVIS/CALVIS/dataset/cmu\synthetic_images\200x200\male\subject_mesh_1298.png,calvis
M_subject_mesh_1299,M,136.4,125.9,125.7,C:/Users/admin/Downloads/CALVIS/CALVIS/dataset/cmu\synthetic_images\200x200\male\subject_mesh_1299.png,calvis
M_subject_mesh_1300,M,111.4,108.9,110.5,C:/Users/admin/Downloads/CALVIS/CALVIS/dataset/cmu\synthetic_images\200x200\male\subject_mesh_1300.png,calvis
M_subject_mesh_1301,M,120.8,109.4,109.7,C:/Users/admin/Downloads/CALVIS/CALVIS/dataset/cmu\synthetic_images\200x200\male\subject_mesh_1301.png,calvis
M_subject_mesh_1302,M,115.5,110.4,118.8,C:/Users/admin/Downloads/CALVIS/CALVIS/dataset/cmu\synthetic_images\200x200\male\subject_mesh_1302.png,calvis
M_subject_mesh_1303,M,115.5,100.6,111.9,C:/Users/admin/Downloads/CALVIS/CALVIS/dataset/cmu\synthetic_images\200x200\male\subject_mesh_1303.png,calvis
M_subject_mesh_1304,M,106.6,93.0,104.5,C:/Users/admin/Downloads/CALVIS/CALVIS/dataset/cmu\synthetic_images\200x200\male\subject_mesh_1304.png,calvis
M_subject_mesh_1305,M,98.3,79.8,96.4,C:/Users/admin/Downloads/CALVIS/CALVIS/dataset/cmu\synthetic_images\200x200\male\subject_mesh_1305.png,calvis
M_subject_mesh_1306,M,106.6,98.2,102.9,C:/Users/admin/Downloads/CALVIS/CALVIS/dataset/cmu\synthetic_images\200x200\male\subject_mesh_1306.png,calvis
M_subject_mesh_1307,M,97.3,76.3,93.8,C:/Users/admin/Downloads/CALVIS/CALVIS/dataset/cmu\synthetic_images\200x200\male\subject_mesh_1307.png,calvis
M_subject_mesh_1308,M,95.3,77.0,97.5,C:/Users/admin/Downloads/CALVIS/CALVIS/dataset/cmu\synthetic_images\200x200\male\subject_mesh_1308.png,calvis
M_subject_mesh_1309,M,101.3,87.3,100.5,C:/Users/admin/Downloads/CALVIS/CALVIS/dataset/cmu\synthetic_images\200x200\male\subject_mesh_1309.png,calvis
M_subject_mesh_1310,M,102.2,88.4,100.1,C:/Users/admin/Downloads/CALVIS/CALVIS/dataset/cmu\synthetic_images\200x200\male\subject_mesh_1310.png,calvis
M_subject_mesh_1311,M,102.5,95.0,99.9,C:/Users/admin/Downloads/CALVIS/CALVIS/dataset/cmu\synthetic_images\200x200\male\subject_mesh_1311.png,calvis
M_subject_mesh_1312,M,111.3,94.5,104.6,C:/Users/admin/Downloads/CALVIS/CALVIS/dataset/cmu\synthetic_images\200x200\male\subject_mesh_1312.png,calvis
M_subject_mesh_1313,M,119.4,108.5,108.4,C:/Users/admin/Downloads/CALVIS/CALVIS/dataset/cmu\synthetic_images\200x200\male\subject_mesh_1313.png,calvis
M_subject_mesh_1314,M,94.7,79.8,92.3,C:/Users/admin/Downloads/CALVIS/CALVIS/dataset/cmu\synthetic_images\200x200\male\subject_mesh_1314.png,calvis
M_subject_mesh_1315,M,103.5,89.0,96.1,C:/Users/admin/Downloads/CALVIS/CALVIS/dataset/cmu\synthetic_images\200x200\male\subject_mesh_1315.png,calvis
M_subject_mesh_1316,M,110.9,103.7,111.3,C:/Users/admin/Downloads/CALVIS/CALVIS/dataset/cmu\synthetic_images\200x200\male\subject_mesh_1316.png,calvis
M_subject_mesh_1317,M,101.7,86.8,103.2,C:/Users/admin/Downloads/CALVIS/CALVIS/dataset/cmu\synthetic_images\200x200\male\subject_mesh_1317.png,calvis
M_subject_mesh_1318,M,95.5,79.4,95.3,C:/Users/admin/Downloads/CALVIS/CALVIS/dataset/cmu\synthetic_images\200x200\male\subject_mesh_1318.png,calvis
M_subject_mesh_1319,M,102.2,90.1,97.7,C:/Users/admin/Downloads/CALVIS/CALVIS/dataset/cmu\synthetic_images\200x200\male\subject_mesh_1319.png,calvis
M_subject_mesh_1320,M,103.4,98.6,104.8,C:/Users/admin/Downloads/CALVIS/CALVIS/dataset/cmu\synthetic_images\200x200\male\subject_mesh_1320.png,calvis
M_subject_mesh_1321,M,96.9,81.1,96.9,C:/Users/admin/Downloads/CALVIS/CALVIS/dataset/cmu\synthetic_images\200x200\male\subject_mesh_1321.png,calvis
M_subject_mesh_1322,M,99.2,82.4,96.5,C:/Users/admin/Downloads/CALVIS/CALVIS/dataset/cmu\synthetic_images\200x200\male\subject_mesh_1322.png,calvis
M_subject_mesh_1323,M,101.6,89.4,99.9,C:/Users/admin/Downloads/CALVIS/CALVIS/dataset/cmu\synthetic_images\200x200\male\subject_mesh_1323.png,calvis
M_subject_mesh_1324,M,105.2,94.7,98.8,C:/Users/admin/Downloads/CALVIS/CALVIS/dataset/cmu\synthetic_images\200x200\male\subject_mesh_1324.png,calvis
M_subject_mesh_1325,M,109.1,100.7,104.9,C:/Users/admin/Downloads/CALVIS/CALVIS/dataset/cmu\synthetic_images\200x200\male\subject_mesh_1325.png,calvis
M_subject_mesh_1326,M,108.3,98.9,106.2,C:/Users/admin/Downloads/CALVIS/CALVIS/dataset/cmu\synthetic_images\200x200\male\subject_mesh_1326.png,calvis
M_subject_mesh_1327,M,119.0,108.9,111.3,C:/Users/admin/Downloads/CALVIS/CALVIS/dataset/cmu\synthetic_images\200x200\male\subject_mesh_1327.png,calvis
M_subject_mesh_1328,M,102.7,98.6,102.6,C:/Users/admin/Downloads/CALVIS/CALVIS/dataset/cmu\synthetic_images\200x200\male\subject_mesh_1328.png,calvis
M_subject_mesh_1329,M,115.8,110.1,110.0,C:/Users/admin/Downloads/CALVIS/CALVIS/dataset/cmu\synthetic_images\200x200\male\subject_mesh_1329.png,calvis
M_subject_mesh_1330,M,99.4,80.9,97.1,C:/Users/admin/Downloads/CALVIS/CALVIS/dataset/cmu\synthetic_images\200x200\male\subject_mesh_1330.png,calvis
M_subject_mesh_1331,M,111.6,95.6,108.1,C:/Users/admin/Downloads/CALVIS/CALVIS/dataset/cmu\synthetic_images\200x200\male\subject_mesh_1331.png,calvis
M_subject_mesh_1332,M,103.0,92.0,106.1,C:/Users/admin/Downloads/CALVIS/CALVIS/dataset/cmu\synthetic_images\200x200\male\subject_mesh_1332.png,calvis
M_subject_mesh_1333,M,107.9,97.5,112.7,C:/Users/admin/Downloads/CALVIS/CALVIS/dataset/cmu\synthetic_images\200x200\male\subject_mesh_1333.png,calvis
M_subject_mesh_1334,M,101.2,90.9,105.4,C:/Users/admin/Downloads/CALVIS/CALVIS/dataset/cmu\synthetic_images\200x200\male\subject_mesh_1334.png,calvis
M_subject_mesh_1335,M,104.9,94.4,105.6,C:/Users/admin/Downloads/CALVIS/CALVIS/dataset/cmu\synthetic_images\200x200\male\subject_mesh_1335.png,calvis
M_subject_mesh_1336,M,96.4,82.2,97.0,C:/Users/admin/Downloads/CALVIS/CALVIS/dataset/cmu\synthetic_images\200x200\male\subject_mesh_1336.png,calvis
M_subject_mesh_1337,M,104.9,93.0,101.3,C:/Users/admin/Downloads/CALVIS/CALVIS/dataset/cmu\synthetic_images\200x200\male\subject_mesh_1337.png,calvis
M_subject_mesh_1338,M,109.7,99.4,103.4,C:/Users/admin/Downloads/CALVIS/CALVIS/dataset/cmu\synthetic_images\200x200\male\subject_mesh_1338.png,calvis
M_subject_mesh_1339,M,98.5,88.8,99.7,C:/Users/admin/Downloads/CALVIS/CALVIS/dataset/cmu\synthetic_images\200x200\male\subject_mesh_1339.png,calvis
M_subject_mesh_1340,M,98.9,80.0,100.2,C:/Users/admin/Downloads/CALVIS/CALVIS/dataset/cmu\synthetic_images\200x200\male\subject_mesh_1340.png,calvis
M_subject_mesh_1341,M,99.9,81.6,94.2,C:/Users/admin/Downloads/CALVIS/CALVIS/dataset/cmu\synthetic_images\200x200\male\subject_mesh_1341.png,calvis
M_subject_mesh_1342,M,104.4,90.9,104.0,C:/Users/admin/Downloads/CALVIS/CALVIS/dataset/cmu\synthetic_images\200x200\male\subject_mesh_1342.png,calvis
M_subject_mesh_1343,M,113.1,103.4,112.0,C:/Users/admin/Downloads/CALVIS/CALVIS/dataset/cmu\synthetic_images\200x200\male\subject_mesh_1343.png,calvis
M_subject_mesh_1344,M,97.0,87.5,96.8,C:/Users/admin/Downloads/CALVIS/CALVIS/dataset/cmu\synthetic_images\200x200\male\subject_mesh_1344.png,calvis
M_subject_mesh_1345,M,102.4,87.8,96.8,C:/Users/admin/Downloads/CALVIS/CALVIS/dataset/cmu\synthetic_images\200x200\male\subject_mesh_1345.png,calvis
M_subject_mesh_1346,M,98.4,84.9,97.1,C:/Users/admin/Downloads/CALVIS/CALVIS/dataset/cmu\synthetic_images\200x200\male\subject_mesh_1346.png,calvis
M_subject_mesh_1347,M,99.6,82.3,101.4,C:/Users/admin/Downloads/CALVIS/CALVIS/dataset/cmu\synthetic_images\200x200\male\subject_mesh_1347.png,calvis
M_subject_mesh_1348,M,111.3,96.3,105.5,C:/Users/admin/Downloads/CALVIS/CALVIS/dataset/cmu\synthetic_images\200x200\male\subject_mesh_1348.png,calvis
M_subject_mesh_1349,M,115.4,109.5,109.4,C:/Users/admin/Downloads/CALVIS/CALVIS/dataset/cmu\synthetic_images\200x200\male\subject_mesh_1349.png,calvis
M_subject_mesh_1350,M,107.4,97.1,101.8,C:/Users/admin/Downloads/CALVIS/CALVIS/dataset/cmu\synthetic_images\200x200\male\subject_mesh_1350.png,calvis
M_subject_mesh_1351,M,110.3,109.8,111.5,C:/Users/admin/Downloads/CALVIS/CALVIS/dataset/cmu\synthetic_images\200x200\male\subject_mesh_1351.png,calvis
M_subject_mesh_1352,M,104.6,92.7,104.2,C:/Users/admin/Downloads/CALVIS/CALVIS/dataset/cmu\synthetic_images\200x200\male\subject_mesh_1352.png,calvis
M_subject_mesh_1353,M,107.1,94.4,110.1,C:/Users/admin/Downloads/CALVIS/CALVIS/dataset/cmu\synthetic_images\200x200\male\subject_mesh_1353.png,calvis
M_subject_mesh_1354,M,110.5,98.4,103.6,C:/Users/admin/Downloads/CALVIS/CALVIS/dataset/cmu\synthetic_images\200x200\male\subject_mesh_1354.png,calvis
M_subject_mesh_1355,M,112.3,108.0,109.7,C:/Users/admin/Downloads/CALVIS/CALVIS/dataset/cmu\synthetic_images\200x200\male\subject_mesh_1355.png,calvis
M_subject_mesh_1356,M,105.5,83.1,99.8,C:/Users/admin/Downloads/CALVIS/CALVIS/dataset/cmu\synthetic_images\200x200\male\subject_mesh_1356.png,calvis
M_subject_mesh_1357,M,120.5,107.0,115.2,C:/Users/admin/Downloads/CALVIS/CALVIS/dataset/cmu\synthetic_images\200x200\male\subject_mesh_1357.png,calvis
M_subject_mesh_1358,M,114.2,102.1,109.8,C:/Users/admin/Downloads/CALVIS/CALVIS/dataset/cmu\synthetic_images\200x200\male\subject_mesh_1358.png,calvis
M_subject_mesh_1359,M,102.8,91.0,103.3,C:/Users/admin/Downloads/CALVIS/CALVIS/dataset/cmu\synthetic_images\200x200\male\subject_mesh_1359.png,calvis
M_subject_mesh_1360,M,107.0,96.4,101.3,C:/Users/admin/Downloads/CALVIS/CALVIS/dataset/cmu\synthetic_images\200x200\male\subject_mesh_1360.png,calvis
M_subject_mesh_1361,M,103.7,96.0,101.8,C:/Users/admin/Downloads/CALVIS/CALVIS/dataset/cmu\synthetic_images\200x200\male\subject_mesh_1361.png,calvis
M_subject_mesh_1362,M,108.4,92.2,106.0,C:/Users/admin/Downloads/CALVIS/CALVIS/dataset/cmu\synthetic_images\200x200\male\subject_mesh_1362.png,calvis
M_subject_mesh_1363,M,121.5,113.8,119.0,C:/Users/admin/Downloads/CALVIS/CALVIS/dataset/cmu\synthetic_images\200x200\male\subject_mesh_1363.png,calvis
M_subject_mesh_1364,M,102.7,83.9,98.7,C:/Users/admin/Downloads/CALVIS/CALVIS/dataset/cmu\synthetic_images\200x200\male\subject_mesh_1364.png,calvis
M_subject_mesh_1365,M,111.5,106.9,107.5,C:/Users/admin/Downloads/CALVIS/CALVIS/dataset/cmu\synthetic_images\200x200\male\subject_mesh_1365.png,calvis
M_subject_mesh_1366,M,119.8,106.1,108.0,C:/Users/admin/Downloads/CALVIS/CALVIS/dataset/cmu\synthetic_images\200x200\male\subject_mesh_1366.png,calvis
M_subject_mesh_1367,M,107.9,94.8,100.9,C:/Users/admin/Downloads/CALVIS/CALVIS/dataset/cmu\synthetic_images\200x200\male\subject_mesh_1367.png,calvis
M_subject_mesh_1368,M,108.7,101.6,108.4,C:/Users/admin/Downloads/CALVIS/CALVIS/dataset/cmu\synthetic_images\200x200\male\subject_mesh_1368.png,calvis
M_subject_mesh_1369,M,101.3,85.3,99.5,C:/Users/admin/Downloads/CALVIS/CALVIS/dataset/cmu\synthetic_images\200x200\male\subject_mesh_1369.png,calvis
M_subject_mesh_1370,M,131.9,130.8,130.8,C:/Users/admin/Downloads/CALVIS/CALVIS/dataset/cmu\synthetic_images\200x200\male\subject_mesh_1370.png,calvis
M_subject_mesh_1371,M,108.7,99.4,104.3,C:/Users/admin/Downloads/CALVIS/CALVIS/dataset/cmu\synthetic_images\200x200\male\subject_mesh_1371.png,calvis
M_subject_mesh_1372,M,110.3,100.5,101.4,C:/Users/admin/Downloads/CALVIS/CALVIS/dataset/cmu\synthetic_images\200x200\male\subject_mesh_1372.png,calvis
M_subject_mesh_1373,M,102.6,91.6,98.8,C:/Users/admin/Downloads/CALVIS/CALVIS/dataset/cmu\synthetic_images\200x200\male\subject_mesh_1373.png,calvis
M_subject_mesh_1374,M,104.7,97.0,102.5,C:/Users/admin/Downloads/CALVIS/CALVIS/dataset/cmu\synthetic_images\200x200\male\subject_mesh_1374.png,calvis
M_subject_mesh_1375,M,109.9,106.5,110.6,C:/Users/admin/Downloads/CALVIS/CALVIS/dataset/cmu\synthetic_images\200x200\male\subject_mesh_1375.png,calvis
M_subject_mesh_1376,M,117.8,106.5,113.1,C:/Users/admin/Downloads/CALVIS/CALVIS/dataset/cmu\synthetic_images\200x200\male\subject_mesh_1376.png,calvis
M_subject_mesh_1377,M,107.9,97.4,105.8,C:/Users/admin/Downloads/CALVIS/CALVIS/dataset/cmu\synthetic_images\200x200\male\subject_mesh_1377.png,calvis
M_subject_mesh_1378,M,101.4,95.3,104.0,C:/Users/admin/Downloads/CALVIS/CALVIS/dataset/cmu\synthetic_images\200x200\male\subject_mesh_1378.png,calvis
M_subject_mesh_1379,M,107.9,100.3,109.8,C:/Users/admin/Downloads/CALVIS/CALVIS/dataset/cmu\synthetic_images\200x200\male\subject_mesh_1379.png,calvis
M_subject_mesh_1380,M,94.9,77.6,92.2,C:/Users/admin/Downloads/CALVIS/CALVIS/dataset/cmu\synthetic_images\200x200\male\subject_mesh_1380.png,calvis
M_subject_mesh_1381,M,104.1,92.9,99.3,C:/Users/admin/Downloads/CALVIS/CALVIS/dataset/cmu\synthetic_images\200x200\male\subject_mesh_1381.png,calvis
M_subject_mesh_1382,M,130.9,119.9,119.5,C:/Users/admin/Downloads/CALVIS/CALVIS/dataset/cmu\synthetic_images\200x200\male\subject_mesh_1382.png,calvis
M_subject_mesh_1383,M,121.8,113.6,114.2,C:/Users/admin/Downloads/CALVIS/CALVIS/dataset/cmu\synthetic_images\200x200\male\subject_mesh_1383.png,calvis
M_subject_mesh_1384,M,114.1,105.6,110.2,C:/Users/admin/Downloads/CALVIS/CALVIS/dataset/cmu\synthetic_images\200x200\male\subject_mesh_1384.png,calvis
M_subject_mesh_1385,M,96.8,80.4,102.5,C:/Users/admin/Downloads/CALVIS/CALVIS/dataset/cmu\synthetic_images\200x200\male\subject_mesh_1385.png,calvis
M_subject_mesh_1386,M,102.3,90.5,97.7,C:/Users/admin/Downloads/CALVIS/CALVIS/dataset/cmu\synthetic_images\200x200\male\subject_mesh_1386.png,calvis
M_subject_mesh_1387,M,107.9,95.6,100.0,C:/Users/admin/Downloads/CALVIS/CALVIS/dataset/cmu\synthetic_images\200x200\male\subject_mesh_1387.png,calvis
M_subject_mesh_1388,M,99.6,84.7,100.8,C:/Users/admin/Downloads/CALVIS/CALVIS/dataset/cmu\synthetic_images\200x200\male\subject_mesh_1388.png,calvis
M_subject_mesh_1389,M,110.8,103.0,110.4,C:/Users/admin/Downloads/CALVIS/CALVIS/dataset/cmu\synthetic_images\200x200\male\subject_mesh_1389.png,calvis
M_subject_mesh_1390,M,103.0,93.9,102.2,C:/Users/admin/Downloads/CALVIS/CALVIS/dataset/cmu\synthetic_images\200x200\male\subject_mesh_1390.png,calvis
M_subject_mesh_1391,M,95.8,81.1,100.6,C:/Users/admin/Downloads/CALVIS/CALVIS/dataset/cmu\synthetic_images\200x200\male\subject_mesh_1391.png,calvis
M_subject_mesh_1392,M,113.7,105.0,107.0,C:/Users/admin/Downloads/CALVIS/CALVIS/dataset/cmu\synthetic_images\200x200\male\subject_mesh_1392.png,calvis
M_subject_mesh_1393,M,126.7,119.6,121.3,C:/Users/admin/Downloads/CALVIS/CALVIS/dataset/cmu\synthetic_images\200x200\male\subject_mesh_1393.png,calvis
M_subject_mesh_1394,M,102.2,86.4,100.7,C:/Users/admin/Downloads/CALVIS/CALVIS/dataset/cmu\synthetic_images\200x200\male\subject_mesh_1394.png,calvis
M_subject_mesh_1395,M,118.3,106.8,110.8,C:/Users/admin/Downloads/CALVIS/CALVIS/dataset/cmu\synthetic_images\200x200\male\subject_mesh_1395.png,calvis
M_subject_mesh_1396,M,104.7,95.8,107.2,C:/Users/admin/Downloads/CALVIS/CALVIS/dataset/cmu\synthetic_images\200x200\male\subject_mesh_1396.png,calvis
M_subject_mesh_1397,M,92.7,75.5,90.3,C:/Users/admin/Downloads/CALVIS/CALVIS/dataset/cmu\synthetic_images\200x200\male\subject_mesh_1397.png,calvis
M_subject_mesh_1398,M,108.1,104.3,108.1,C:/Users/admin/Downloads/CALVIS/CALVIS/dataset/cmu\synthetic_images\200x200\male\subject_mesh_1398.png,calvis
M_subject_mesh_1399,M,103.4,84.7,98.9,C:/Users/admin/Downloads/CALVIS/CALVIS/dataset/cmu\synthetic_images\200x200\male\subject_mesh_1399.png,calvis
M_subject_mesh_1400,M,98.2,84.0,101.1,C:/Users/admin/Downloads/CALVIS/CALVIS/dataset/cmu\synthetic_images\200x200\male\subject_mesh_1400.png,calvis
M_subject_mesh_1401,M,105.3,94.9,107.6,C:/Users/admin/Downloads/CALVIS/CALVIS/dataset/cmu\synthetic_images\200x200\male\subject_mesh_1401.png,calvis
M_subject_mesh_1402,M,108.8,102.4,109.3,C:/Users/admin/Downloads/CALVIS/CALVIS/dataset/cmu\synthetic_images\200x200\male\subject_mesh_1402.png,calvis
M_subject_mesh_1403,M,102.1,91.3,100.2,C:/Users/admin/Downloads/CALVIS/CALVIS/dataset/cmu\synthetic_images\200x200\male\subject_mesh_1403.png,calvis
M_subject_mesh_1404,M,96.8,84.4,95.9,C:/Users/admin/Downloads/CALVIS/CALVIS/dataset/cmu\synthetic_images\200x200\male\subject_mesh_1404.png,calvis
M_subject_mesh_1405,M,108.0,92.7,102.1,C:/Users/admin/Downloads/CALVIS/CALVIS/dataset/cmu\synthetic_images\200x200\male\subject_mesh_1405.png,calvis
M_subject_mesh_1406,M,111.9,101.5,110.7,C:/Users/admin/Downloads/CALVIS/CALVIS/dataset/cmu\synthetic_images\200x200\male\subject_mesh_1406.png,calvis
M_subject_mesh_1407,M,112.0,109.2,111.8,C:/Users/admin/Downloads/CALVIS/CALVIS/dataset/cmu\synthetic_images\200x200\male\subject_mesh_1407.png,calvis
M_subject_mesh_1408,M,107.0,92.2,101.7,C:/Users/admin/Downloads/CALVIS/CALVIS/dataset/cmu\synthetic_images\200x200\male\subject_mesh_1408.png,calvis
M_subject_mesh_1409,M,108.4,95.1,108.5,C:/Users/admin/Downloads/CALVIS/CALVIS/dataset/cmu\synthetic_images\200x200\male\subject_mesh_1409.png,calvis
M_subject_mesh_1410,M,113.4,105.7,112.2,C:/Users/admin/Downloads/CALVIS/CALVIS/dataset/cmu\synthetic_images\200x200\male\subject_mesh_1410.png,calvis
M_subject_mesh_1411,M,99.9,83.9,95.6,C:/Users/admin/Downloads/CALVIS/CALVIS/dataset/cmu\synthetic_images\200x200\male\subject_mesh_1411.png,calvis
M_subject_mesh_1412,M,104.9,93.0,102.6,C:/Users/admin/Downloads/CALVIS/CALVIS/dataset/cmu\synthetic_images\200x200\male\subject_mesh_1412.png,calvis
M_subject_mesh_1413,M,108.1,87.4,98.6,C:/Users/admin/Downloads/CALVIS/CALVIS/dataset/cmu\synthetic_images\200x200\male\subject_mesh_1413.png,calvis
M_subject_mesh_1414,M,98.3,80.2,98.9,C:/Users/admin/Downloads/CALVIS/CALVIS/dataset/cmu\synthetic_images\200x200\male\subject_mesh_1414.png,calvis
M_subject_mesh_1415,M,97.0,80.1,91.1,C:/Users/admin/Downloads/CALVIS/CALVIS/dataset/cmu\synthetic_images\200x200\male\subject_mesh_1415.png,calvis
M_subject_mesh_1416,M,120.1,108.2,111.2,C:/Users/admin/Downloads/CALVIS/CALVIS/dataset/cmu\synthetic_images\200x200\male\subject_mesh_1416.png,calvis
M_subject_mesh_1417,M,102.3,89.7,95.1,C:/Users/admin/Downloads/CALVIS/CALVIS/dataset/cmu\synthetic_images\200x200\male\subject_mesh_1417.png,calvis
M_subject_mesh_1418,M,100.2,84.7,97.9,C:/Users/admin/Downloads/CALVIS/CALVIS/dataset/cmu\synthetic_images\200x200\male\subject_mesh_1418.png,calvis
M_subject_mesh_1419,M,112.7,101.5,104.8,C:/Users/admin/Downloads/CALVIS/CALVIS/dataset/cmu\synthetic_images\200x200\male\subject_mesh_1419.png,calvis
M_subject_mesh_1420,M,118.5,108.5,108.8,C:/Users/admin/Downloads/CALVIS/CALVIS/dataset/cmu\synthetic_images\200x200\male\subject_mesh_1420.png,calvis
M_subject_mesh_1421,M,107.9,91.7,104.0,C:/Users/admin/Downloads/CALVIS/CALVIS/dataset/cmu\synthetic_images\200x200\male\subject_mesh_1421.png,calvis
M_subject_mesh_1422,M,104.8,93.6,93.6,C:/Users/admin/Downloads/CALVIS/CALVIS/dataset/cmu\synthetic_images\200x200\male\subject_mesh_1422.png,calvis
M_subject_mesh_1423,M,108.9,102.2,104.0,C:/Users/admin/Downloads/CALVIS/CALVIS/dataset/cmu\synthetic_images\200x200\male\subject_mesh_1423.png,calvis
M_subject_mesh_1424,M,112.3,104.4,106.9,C:/Users/admin/Downloads/CALVIS/CALVIS/dataset/cmu\synthetic_images\200x200\male\subject_mesh_1424.png,calvis
M_subject_mesh_1425,M,99.1,81.0,96.9,C:/Users/admin/Downloads/CALVIS/CALVIS/dataset/cmu\synthetic_images\200x200\male\subject_mesh_1425.png,calvis
M_subject_mesh_1426,M,109.2,100.2,107.0,C:/Users/admin/Downloads/CALVIS/CALVIS/dataset/cmu\synthetic_images\200x200\male\subject_mesh_1426.png,calvis
M_subject_mesh_1427,M,102.8,89.6,104.4,C:/Users/admin/Downloads/CALVIS/CALVIS/dataset/cmu\synthetic_images\200x200\male\subject_mesh_1427.png,calvis
M_subject_mesh_1428,M,113.4,107.1,112.4,C:/Users/admin/Downloads/CALVIS/CALVIS/dataset/cmu\synthetic_images\200x200\male\subject_mesh_1428.png,calvis
M_subject_mesh_1429,M,107.4,96.4,104.8,C:/Users/admin/Downloads/CALVIS/CALVIS/dataset/cmu\synthetic_images\200x200\male\subject_mesh_1429.png,calvis
M_subject_mesh_1430,M,106.9,95.0,107.7,C:/Users/admin/Downloads/CALVIS/CALVIS/dataset/cmu\synthetic_images\200x200\male\subject_mesh_1430.png,calvis
M_subject_mesh_1431,M,137.9,131.8,131.5,C:/Users/admin/Downloads/CALVIS/CALVIS/dataset/cmu\synthetic_images\200x200\male\subject_mesh_1431.png,calvis
M_subject_mesh_1432,M,93.8,77.3,92.3,C:/Users/admin/Downloads/CALVIS/CALVIS/dataset/cmu\synthetic_images\200x200\male\subject_mesh_1432.png,calvis
M_subject_mesh_1433,M,109.1,101.0,106.8,C:/Users/admin/Downloads/CALVIS/CALVIS/dataset/cmu\synthetic_images\200x200\male\subject_mesh_1433.png,calvis
M_subject_mesh_1434,M,106.5,98.8,101.4,C:/Users/admin/Downloads/CALVIS/CALVIS/dataset/cmu\synthetic_images\200x200\male\subject_mesh_1434.png,calvis
M_subject_mesh_1435,M,105.3,99.9,103.4,C:/Users/admin/Downloads/CALVIS/CALVIS/dataset/cmu\synthetic_images\200x200\male\subject_mesh_1435.png,calvis
M_subject_mesh_1436,M,99.3,85.2,101.3,C:/Users/admin/Downloads/CALVIS/CALVIS/dataset/cmu\synthetic_images\200x200\male\subject_mesh_1436.png,calvis
M_subject_mesh_1437,M,113.1,104.8,106.3,C:/Users/admin/Downloads/CALVIS/CALVIS/dataset/cmu\synthetic_images\200x200\male\subject_mesh_1437.png,calvis
M_subject_mesh_1438,M,114.4,108.5,111.8,C:/Users/admin/Downloads/CALVIS/CALVIS/dataset/cmu\synthetic_images\200x200\male\subject_mesh_1438.png,calvis
M_subject_mesh_1439,M,98.6,79.5,98.3,C:/Users/admin/Downloads/CALVIS/CALVIS/dataset/cmu\synthetic_images\200x200\male\subject_mesh_1439.png,calvis
M_subject_mesh_1440,M,105.2,90.0,103.1,C:/Users/admin/Downloads/CALVIS/CALVIS/dataset/cmu\synthetic_images\200x200\male\subject_mesh_1440.png,calvis
M_subject_mesh_1441,M,103.7,90.6,100.4,C:/Users/admin/Downloads/CALVIS/CALVIS/dataset/cmu\synthetic_images\200x200\male\subject_mesh_1441.png,calvis
M_subject_mesh_1442,M,119.0,113.2,113.5,C:/Users/admin/Downloads/CALVIS/CALVIS/dataset/cmu\synthetic_images\200x200\male\subject_mesh_1442.png,calvis
M_subject_mesh_1443,M,115.1,104.7,109.4,C:/Users/admin/Downloads/CALVIS/CALVIS/dataset/cmu\synthetic_images\200x200\male\subject_mesh_1443.png,calvis
M_subject_mesh_1444,M,113.4,101.5,108.5,C:/Users/admin/Downloads/CALVIS/CALVIS/dataset/cmu\synthetic_images\200x200\male\subject_mesh_1444.png,calvis
M_subject_mesh_1445,M,109.8,96.5,102.2,C:/Users/admin/Downloads/CALVIS/CALVIS/dataset/cmu\synthetic_images\200x200\male\subject_mesh_1445.png,calvis
M_subject_mesh_1446,M,114.0,105.8,106.3,C:/Users/admin/Downloads/CALVIS/CALVIS/dataset/cmu\synthetic_images\200x200\male\subject_mesh_1446.png,calvis
M_subject_mesh_1447,M,89.8,76.3,93.9,C:/Users/admin/Downloads/CALVIS/CALVIS/dataset/cmu\synthetic_images\200x200\male\subject_mesh_1447.png,calvis
M_subject_mesh_1448,M,102.1,91.5,100.0,C:/Users/admin/Downloads/CALVIS/CALVIS/dataset/cmu\synthetic_images\200x200\male\subject_mesh_1448.png,calvis
M_subject_mesh_1449,M,107.7,98.6,100.4,C:/Users/admin/Downloads/CALVIS/CALVIS/dataset/cmu\synthetic_images\200x200\male\subject_mesh_1449.png,calvis
M_subject_mesh_1450,M,106.0,93.7,101.1,C:/Users/admin/Downloads/CALVIS/CALVIS/dataset/cmu\synthetic_images\200x200\male\subject_mesh_1450.png,calvis
M_subject_mesh_1451,M,113.6,105.9,107.1,C:/Users/admin/Downloads/CALVIS/CALVIS/dataset/cmu\synthetic_images\200x200\male\subject_mesh_1451.png,calvis
M_subject_mesh_1452,M,104.5,94.6,100.5,C:/Users/admin/Downloads/CALVIS/CALVIS/dataset/cmu\synthetic_images\200x200\male\subject_mesh_1452.png,calvis
M_subject_mesh_1453,M,109.9,96.2,102.6,C:/Users/admin/Downloads/CALVIS/CALVIS/dataset/cmu\synthetic_images\200x200\male\subject_mesh_1453.png,calvis
M_subject_mesh_1454,M,95.0,83.5,93.3,C:/Users/admin/Downloads/CALVIS/CALVIS/dataset/cmu\synthetic_images\200x200\male\subject_mesh_1454.png,calvis
M_subject_mesh_1455,M,103.8,89.7,100.9,C:/Users/admin/Downloads/CALVIS/CALVIS/dataset/cmu\synthetic_images\200x200\male\subject_mesh_1455.png,calvis
M_subject_mesh_1456,M,102.7,89.4,97.2,C:/Users/admin/Downloads/CALVIS/CALVIS/dataset/cmu\synthetic_images\200x200\male\subject_mesh_1456.png,calvis
M_subject_mesh_1457,M,104.0,94.2,105.8,C:/Users/admin/Downloads/CALVIS/CALVIS/dataset/cmu\synthetic_images\200x200\male\subject_mesh_1457.png,calvis
M_subject_mesh_1458,M,102.0,88.7,106.7,C:/Users/admin/Downloads/CALVIS/CALVIS/dataset/cmu\synthetic_images\200x200\male\subject_mesh_1458.png,calvis
M_subject_mesh_1459,M,91.6,74.2,91.5,C:/Users/admin/Downloads/CALVIS/CALVIS/dataset/cmu\synthetic_images\200x200\male\subject_mesh_1459.png,calvis
M_subject_mesh_1460,M,101.6,90.9,100.1,C:/Users/admin/Downloads/CALVIS/CALVIS/dataset/cmu\synthetic_images\200x200\male\subject_mesh_1460.png,calvis
M_subject_mesh_1461,M,109.9,98.4,105.5,C:/Users/admin/Downloads/CALVIS/CALVIS/dataset/cmu\synthetic_images\200x200\male\subject_mesh_1461.png,calvis
M_subject_mesh_1462,M,107.7,102.4,106.7,C:/Users/admin/Downloads/CALVIS/CALVIS/dataset/cmu\synthetic_images\200x200\male\subject_mesh_1462.png,calvis
M_subject_mesh_1463,M,104.5,95.1,101.6,C:/Users/admin/Downloads/CALVIS/CALVIS/dataset/cmu\synthetic_images\200x200\male\subject_mesh_1463.png,calvis
M_subject_mesh_1464,M,102.1,87.4,99.8,C:/Users/admin/Downloads/CALVIS/CALVIS/dataset/cmu\synthetic_images\200x200\male\subject_mesh_1464.png,calvis
M_subject_mesh_1465,M,106.5,87.7,102.7,C:/Users/admin/Downloads/CALVIS/CALVIS/dataset/cmu\synthetic_images\200x200\male\subject_mesh_1465.png,calvis
M_subject_mesh_1466,M,101.8,86.7,105.0,C:/Users/admin/Downloads/CALVIS/CALVIS/dataset/cmu\synthetic_images\200x200\male\subject_mesh_1466.png,calvis
M_subject_mesh_1467,M,112.6,103.5,111.7,C:/Users/admin/Downloads/CALVIS/CALVIS/dataset/cmu\synthetic_images\200x200\male\subject_mesh_1467.png,calvis
M_subject_mesh_1468,M,105.8,91.0,103.7,C:/Users/admin/Downloads/CALVIS/CALVIS/dataset/cmu\synthetic_images\200x200\male\subject_mesh_1468.png,calvis
M_subject_mesh_1469,M,132.7,123.4,123.2,C:/Users/admin/Downloads/CALVIS/CALVIS/dataset/cmu\synthetic_images\200x200\male\subject_mesh_1469.png,calvis
M_subject_mesh_1470,M,103.4,99.1,107.9,C:/Users/admin/Downloads/CALVIS/CALVIS/dataset/cmu\synthetic_images\200x200\male\subject_mesh_1470.png,calvis
M_subject_mesh_1471,M,100.9,94.2,107.7,C:/Users/admin/Downloads/CALVIS/CALVIS/dataset/cmu\synthetic_images\200x200\male\subject_mesh_1471.png,calvis
M_subject_mesh_1472,M,103.8,90.2,100.5,C:/Users/admin/Downloads/CALVIS/CALVIS/dataset/cmu\synthetic_images\200x200\male\subject_mesh_1472.png,calvis
M_subject_mesh_1473,M,114.3,105.7,110.3,C:/Users/admin/Downloads/CALVIS/CALVIS/dataset/cmu\synthetic_images\200x200\male\subject_mesh_1473.png,calvis
M_subject_mesh_1474,M,103.0,88.7,102.7,C:/Users/admin/Downloads/CALVIS/CALVIS/dataset/cmu\synthetic_images\200x200\male\subject_mesh_1474.png,calvis
M_subject_mesh_1475,M,103.1,90.1,104.8,C:/Users/admin/Downloads/CALVIS/CALVIS/dataset/cmu\synthetic_images\200x200\male\subject_mesh_1475.png,calvis
M_subject_mesh_1476,M,104.7,92.6,106.6,C:/Users/admin/Downloads/CALVIS/CALVIS/dataset/cmu\synthetic_images\200x200\male\subject_mesh_1476.png,calvis
M_subject_mesh_1477,M,99.4,84.4,97.3,C:/Users/admin/Downloads/CALVIS/CALVIS/dataset/cmu\synthetic_images\200x200\male\subject_mesh_1477.png,calvis
M_subject_mesh_1478,M,108.3,101.0,107.1,C:/Users/admin/Downloads/CALVIS/CALVIS/dataset/cmu\synthetic_images\200x200\male\subject_mesh_1478.png,calvis
M_subject_mesh_1479,M,108.4,98.8,105.6,C:/Users/admin/Downloads/CALVIS/CALVIS/dataset/cmu\synthetic_images\200x200\male\subject_mesh_1479.png,calvis
M_subject_mesh_1480,M,108.9,96.0,108.5,C:/Users/admin/Downloads/CALVIS/CALVIS/dataset/cmu\synthetic_images\200x200\male\subject_mesh_1480.png,calvis
M_subject_mesh_1481,M,92.3,78.6,93.6,C:/Users/admin/Downloads/CALVIS/CALVIS/dataset/cmu\synthetic_images\200x200\male\subject_mesh_1481.png,calvis
M_subject_mesh_1482,M,109.9,100.3,110.7,C:/Users/admin/Downloads/CALVIS/CALVIS/dataset/cmu\synthetic_images\200x200\male\subject_mesh_1482.png,calvis
M_subject_mesh_1483,M,100.8,89.6,103.5,C:/Users/admin/Downloads/CALVIS/CALVIS/dataset/cmu\synthetic_images\200x200\male\subject_mesh_1483.png,calvis
M_subject_mesh_1484,M,120.4,118.1,120.4,C:/Users/admin/Downloads/CALVIS/CALVIS/dataset/cmu\synthetic_images\200x200\male\subject_mesh_1484.png,calvis
M_subject_mesh_1485,M,107.6,97.9,107.0,C:/Users/admin/Downloads/CALVIS/CALVIS/dataset/cmu\synthetic_images\200x200\male\subject_mesh_1485.png,calvis
M_subject_mesh_1486,M,98.0,83.7,92.0,C:/Users/admin/Downloads/CALVIS/CALVIS/dataset/cmu\synthetic_images\200x200\male\subject_mesh_1486.png,calvis
M_subject_mesh_1487,M,116.3,111.5,114.0,C:/Users/admin/Downloads/CALVIS/CALVIS/dataset/cmu\synthetic_images\200x200\male\subject_mesh_1487.png,calvis
M_subject_mesh_1488,M,101.0,90.3,97.7,C:/Users/admin/Downloads/CALVIS/CALVIS/dataset/cmu\synthetic_images\200x200\male\subject_mesh_1488.png,calvis
M_subject_mesh_1489,M,103.3,87.8,106.1,C:/Users/admin/Downloads/CALVIS/CALVIS/dataset/cmu\synthetic_images\200x200\male\subject_mesh_1489.png,calvis
M_subject_mesh_1490,M,113.0,99.0,107.7,C:/Users/admin/Downloads/CALVIS/CALVIS/dataset/cmu\synthetic_images\200x200\male\subject_mesh_1490.png,calvis
M_subject_mesh_1491,M,101.1,89.9,106.8,C:/Users/admin/Downloads/CALVIS/CALVIS/dataset/cmu\synthetic_images\200x200\male\subject_mesh_1491.png,calvis
M_subject_mesh_1492,M,115.4,108.1,108.5,C:/Users/admin/Downloads/CALVIS/CALVIS/dataset/cmu\synthetic_images\200x200\male\subject_mesh_1492.png,calvis
M_subject_mesh_1493,M,115.0,106.5,110.5,C:/Users/admin/Downloads/CALVIS/CALVIS/dataset/cmu\synthetic_images\200x200\male\subject_mesh_1493.png,calvis
M_subject_mesh_1494,M,107.8,99.5,101.2,C:/Users/admin/Downloads/CALVIS/CALVIS/dataset/cmu\synthetic_images\200x200\male\subject_mesh_1494.png,calvis
M_subject_mesh_1495,M,105.1,94.8,101.5,C:/Users/admin/Downloads/CALVIS/CALVIS/dataset/cmu\synthetic_images\200x200\male\subject_mesh_1495.png,calvis
M_subject_mesh_1496,M,100.4,84.4,96.4,C:/Users/admin/Downloads/CALVIS/CALVIS/dataset/cmu\synthetic_images\200x200\male\subject_mesh_1496.png,calvis
M_subject_mesh_1497,M,96.2,81.4,95.7,C:/Users/admin/Downloads/CALVIS/CALVIS/dataset/cmu\synthetic_images\200x200\male\subject_mesh_1497.png,calvis
M_subject_mesh_1498,M,112.7,98.1,109.4,C:/Users/admin/Downloads/CALVIS/CALVIS/dataset/cmu\synthetic_images\200x200\male\subject_mesh_1498.png,calvis
M_subject_mesh_1499,M,118.0,108.7,118.6,C:/Users/admin/Downloads/CALVIS/CALVIS/dataset/cmu\synthetic_images\200x200\male\subject_mesh_1499.png,calvis
M_subject_mesh_1500,M,103.0,92.5,101.6,C:/Users/admin/Downloads/CALVIS/CALVIS/dataset/cmu\synthetic_images\200x200\male\subject_mesh_1500.png,calvis
M_subject_mesh_1501,M,94.9,85.5,98.2,C:/Users/admin/Downloads/CALVIS/CALVIS/dataset/cmu\synthetic_images\200x200\male\subject_mesh_1501.png,calvis
M_subject_mesh_1502,M,106.7,95.1,106.1,C:/Users/admin/Downloads/CALVIS/CALVIS/dataset/cmu\synthetic_images\200x200\male\subject_mesh_1502.png,calvis
M_subject_mesh_1503,M,100.3,91.2,104.2,C:/Users/admin/Downloads/CALVIS/CALVIS/dataset/cmu\synthetic_images\200x200\male\subject_mesh_1503.png,calvis
M_subject_mesh_1504,M,99.3,88.7,103.7,C:/Users/admin/Downloads/CALVIS/CALVIS/dataset/cmu\synthetic_images\200x200\male\subject_mesh_1504.png,calvis
M_subject_mesh_1505,M,92.7,79.9,99.1,C:/Users/admin/Downloads/CALVIS/CALVIS/dataset/cmu\synthetic_images\200x200\male\subject_mesh_1505.png,calvis
M_subject_mesh_1506,M,114.2,100.7,105.1,C:/Users/admin/Downloads/CALVIS/CALVIS/dataset/cmu\synthetic_images\200x200\male\subject_mesh_1506.png,calvis
M_subject_mesh_1507,M,114.2,106.4,111.6,C:/Users/admin/Downloads/CALVIS/CALVIS/dataset/cmu\synthetic_images\200x200\male\subject_mesh_1507.png,calvis
M_subject_mesh_1508,M,94.1,82.4,98.6,C:/Users/admin/Downloads/CALVIS/CALVIS/dataset/cmu\synthetic_images\200x200\male\subject_mesh_1508.png,calvis
M_subject_mesh_1509,M,97.9,82.7,96.8,C:/Users/admin/Downloads/CALVIS/CALVIS/dataset/cmu\synthetic_images\200x200\male\subject_mesh_1509.png,calvis
M_subject_mesh_1510,M,106.5,93.7,102.6,C:/Users/admin/Downloads/CALVIS/CALVIS/dataset/cmu\synthetic_images\200x200\male\subject_mesh_1510.png,calvis
M_subject_mesh_1511,M,108.2,96.2,98.6,C:/Users/admin/Downloads/CALVIS/CALVIS/dataset/cmu\synthetic_images\200x200\male\subject_mesh_1511.png,calvis
M_subject_mesh_1512,M,119.5,112.4,112.3,C:/Users/admin/Downloads/CALVIS/CALVIS/dataset/cmu\synthetic_images\200x200\male\subject_mesh_1512.png,calvis
M_subject_mesh_1513,M,108.1,92.6,109.0,C:/Users/admin/Downloads/CALVIS/CALVIS/dataset/cmu\synthetic_images\200x200\male\subject_mesh_1513.png,calvis
M_subject_mesh_1514,M,113.8,102.0,105.3,C:/Users/admin/Downloads/CALVIS/CALVIS/dataset/cmu\synthetic_images\200x200\male\subject_mesh_1514.png,calvis
M_subject_mesh_1515,M,98.4,83.0,102.1,C:/Users/admin/Downloads/CALVIS/CALVIS/dataset/cmu\synthetic_images\200x200\male\subject_mesh_1515.png,calvis
M_subject_mesh_1516,M,107.5,101.1,107.0,C:/Users/admin/Downloads/CALVIS/CALVIS/dataset/cmu\synthetic_images\200x200\male\subject_mesh_1516.png,calvis
M_subject_mesh_1517,M,104.5,89.3,97.9,C:/Users/admin/Downloads/CALVIS/CALVIS/dataset/cmu\synthetic_images\200x200\male\subject_mesh_1517.png,calvis
M_subject_mesh_1518,M,107.7,92.5,100.0,C:/Users/admin/Downloads/CALVIS/CALVIS/dataset/cmu\synthetic_images\200x200\male\subject_mesh_1518.png,calvis
M_subject_mesh_1519,M,107.8,91.4,103.6,C:/Users/admin/Downloads/CALVIS/CALVIS/dataset/cmu\synthetic_images\200x200\male\subject_mesh_1519.png,calvis
M_subject_mesh_1520,M,106.0,93.8,101.2,C:/Users/admin/Downloads/CALVIS/CALVIS/dataset/cmu\synthetic_images\200x200\male\subject_mesh_1520.png,calvis
M_subject_mesh_1521,M,102.2,92.2,104.3,C:/Users/admin/Downloads/CALVIS/CALVIS/dataset/cmu\synthetic_images\200x200\male\subject_mesh_1521.png,calvis
M_subject_mesh_1522,M,97.1,86.3,93.6,C:/Users/admin/Downloads/CALVIS/CALVIS/dataset/cmu\synthetic_images\200x200\male\subject_mesh_1522.png,calvis
M_subject_mesh_1523,M,106.9,96.8,106.0,C:/Users/admin/Downloads/CALVIS/CALVIS/dataset/cmu\synthetic_images\200x200\male\subject_mesh_1523.png,calvis
M_subject_mesh_1524,M,104.7,100.0,106.5,C:/Users/admin/Downloads/CALVIS/CALVIS/dataset/cmu\synthetic_images\200x200\male\subject_mesh_1524.png,calvis
M_subject_mesh_1525,M,101.2,89.3,97.2,C:/Users/admin/Downloads/CALVIS/CALVIS/dataset/cmu\synthetic_images\200x200\male\subject_mesh_1525.png,calvis
M_subject_mesh_1526,M,95.5,80.6,99.9,C:/Users/admin/Downloads/CALVIS/CALVIS/dataset/cmu\synthetic_images\200x200\male\subject_mesh_1526.png,calvis
M_subject_mesh_1527,M,93.9,84.6,98.5,C:/Users/admin/Downloads/CALVIS/CALVIS/dataset/cmu\synthetic_images\200x200\male\subject_mesh_1527.png,calvis
M_subject_mesh_1528,M,103.2,90.0,102.5,C:/Users/admin/Downloads/CALVIS/CALVIS/dataset/cmu\synthetic_images\200x200\male\subject_mesh_1528.png,calvis
M_subject_mesh_1529,M,114.8,105.1,105.7,C:/Users/admin/Downloads/CALVIS/CALVIS/dataset/cmu\synthetic_images\200x200\male\subject_mesh_1529.png,calvis
M_subject_mesh_1530,M,112.0,102.8,103.1,C:/Users/admin/Downloads/CALVIS/CALVIS/dataset/cmu\synthetic_images\200x200\male\subject_mesh_1530.png,calvis
M_subject_mesh_1531,M,102.7,91.2,103.7,C:/Users/admin/Downloads/CALVIS/CALVIS/dataset/cmu\synthetic_images\200x200\male\subject_mesh_1531.png,calvis
M_subject_mesh_1532,M,114.5,107.0,119.1,C:/Users/admin/Downloads/CALVIS/CALVIS/dataset/cmu\synthetic_images\200x200\male\subject_mesh_1532.png,calvis
M_subject_mesh_1533,M,103.9,94.9,101.9,C:/Users/admin/Downloads/CALVIS/CALVIS/dataset/cmu\synthetic_images\200x200\male\subject_mesh_1533.png,calvis
M_subject_mesh_1534,M,116.1,108.1,114.1,C:/Users/admin/Downloads/CALVIS/CALVIS/dataset/cmu\synthetic_images\200x200\male\subject_mesh_1534.png,calvis
M_subject_mesh_1535,M,97.0,81.6,102.3,C:/Users/admin/Downloads/CALVIS/CALVIS/dataset/cmu\synthetic_images\200x200\male\subject_mesh_1535.png,calvis
M_subject_mesh_1536,M,104.7,95.4,101.2,C:/Users/admin/Downloads/CALVIS/CALVIS/dataset/cmu\synthetic_images\200x200\male\subject_mesh_1536.png,calvis
M_subject_mesh_1537,M,97.5,82.9,98.1,C:/Users/admin/Downloads/CALVIS/CALVIS/dataset/cmu\synthetic_images\200x200\male\subject_mesh_1537.png,calvis
M_subject_mesh_1538,M,120.7,109.2,111.3,C:/Users/admin/Downloads/CALVIS/CALVIS/dataset/cmu\synthetic_images\200x200\male\subject_mesh_1538.png,calvis
M_subject_mesh_1539,M,99.7,83.8,96.6,C:/Users/admin/Downloads/CALVIS/CALVIS/dataset/cmu\synthetic_images\200x200\male\subject_mesh_1539.png,calvis
M_subject_mesh_1540,M,107.0,95.9,104.6,C:/Users/admin/Downloads/CALVIS/CALVIS/dataset/cmu\synthetic_images\200x200\male\subject_mesh_1540.png,calvis
M_subject_mesh_1541,M,105.1,95.2,104.5,C:/Users/admin/Downloads/CALVIS/CALVIS/dataset/cmu\synthetic_images\200x200\male\subject_mesh_1541.png,calvis
M_subject_mesh_1542,M,101.9,85.7,100.1,C:/Users/admin/Downloads/CALVIS/CALVIS/dataset/cmu\synthetic_images\200x200\male\subject_mesh_1542.png,calvis
M_subject_mesh_1543,M,105.3,90.3,103.6,C:/Users/admin/Downloads/CALVIS/CALVIS/dataset/cmu\synthetic_images\200x200\male\subject_mesh_1543.png,calvis
M_subject_mesh_1544,M,100.2,84.4,98.6,C:/Users/admin/Downloads/CALVIS/CALVIS/dataset/cmu\synthetic_images\200x200\male\subject_mesh_1544.png,calvis
M_subject_mesh_1545,M,105.4,100.4,108.2,C:/Users/admin/Downloads/CALVIS/CALVIS/dataset/cmu\synthetic_images\200x200\male\subject_mesh_1545.png,calvis
M_subject_mesh_1546,M,105.5,94.7,99.7,C:/Users/admin/Downloads/CALVIS/CALVIS/dataset/cmu\synthetic_images\200x200\male\subject_mesh_1546.png,calvis
M_subject_mesh_1547,M,102.3,94.9,100.7,C:/Users/admin/Downloads/CALVIS/CALVIS/dataset/cmu\synthetic_images\200x200\male\subject_mesh_1547.png,calvis
M_subject_mesh_1548,M,101.2,92.5,102.4,C:/Users/admin/Downloads/CALVIS/CALVIS/dataset/cmu\synthetic_images\200x200\male\subject_mesh_1548.png,calvis
M_subject_mesh_1549,M,95.4,84.0,98.9,C:/Users/admin/Downloads/CALVIS/CALVIS/dataset/cmu\synthetic_images\200x200\male\subject_mesh_1549.png,calvis
M_subject_mesh_1550,M,107.8,106.4,107.6,C:/Users/admin/Downloads/CALVIS/CALVIS/dataset/cmu\synthetic_images\200x200\male\subject_mesh_1550.png,calvis
M_subject_mesh_1551,M,94.9,79.1,93.8,C:/Users/admin/Downloads/CALVIS/CALVIS/dataset/cmu\synthetic_images\200x200\male\subject_mesh_1551.png,calvis
M_subject_mesh_1552,M,114.3,105.8,106.7,C:/Users/admin/Downloads/CALVIS/CALVIS/dataset/cmu\synthetic_images\200x200\male\subject_mesh_1552.png,calvis
M_subject_mesh_1553,M,111.8,105.2,109.1,C:/Users/admin/Downloads/CALVIS/CALVIS/dataset/cmu\synthetic_images\200x200\male\subject_mesh_1553.png,calvis
M_subject_mesh_1554,M,100.6,84.6,104.4,C:/Users/admin/Downloads/CALVIS/CALVIS/dataset/cmu\synthetic_images\200x200\male\subject_mesh_1554.png,calvis
M_subject_mesh_1555,M,96.6,80.3,98.3,C:/Users/admin/Downloads/CALVIS/CALVIS/dataset/cmu\synthetic_images\200x200\male\subject_mesh_1555.png,calvis
M_subject_mesh_1556,M,103.4,90.0,103.1,C:/Users/admin/Downloads/CALVIS/CALVIS/dataset/cmu\synthetic_images\200x200\male\subject_mesh_1556.png,calvis
M_subject_mesh_1557,M,111.1,102.9,103.2,C:/Users/admin/Downloads/CALVIS/CALVIS/dataset/cmu\synthetic_images\200x200\male\subject_mesh_1557.png,calvis
M_subject_mesh_1558,M,101.7,88.1,100.8,C:/Users/admin/Downloads/CALVIS/CALVIS/dataset/cmu\synthetic_images\200x200\male\subject_mesh_1558.png,calvis
M_subject_mesh_1559,M,105.3,90.3,98.1,C:/Users/admin/Downloads/CALVIS/CALVIS/dataset/cmu\synthetic_images\200x200\male\subject_mesh_1559.png,calvis
M_subject_mesh_1560,M,102.1,93.5,95.1,C:/Users/admin/Downloads/CALVIS/CALVIS/dataset/cmu\synthetic_images\200x200\male\subject_mesh_1560.png,calvis
M_subject_mesh_1561,M,95.7,83.5,91.8,C:/Users/admin/Downloads/CALVIS/CALVIS/dataset/cmu\synthetic_images\200x200\male\subject_mesh_1561.png,calvis
M_subject_mesh_1562,M,102.4,89.4,99.0,C:/Users/admin/Downloads/CALVIS/CALVIS/dataset/cmu\synthetic_images\200x200\male\subject_mesh_1562.png,calvis
M_subject_mesh_1563,M,118.4,108.4,111.7,C:/Users/admin/Downloads/CALVIS/CALVIS/dataset/cmu\synthetic_images\200x200\male\subject_mesh_1563.png,calvis
M_subject_mesh_1564,M,103.3,95.9,101.3,C:/Users/admin/Downloads/CALVIS/CALVIS/dataset/cmu\synthetic_images\200x200\male\subject_mesh_1564.png,calvis
M_subject_mesh_1565,M,115.0,101.7,102.9,C:/Users/admin/Downloads/CALVIS/CALVIS/dataset/cmu\synthetic_images\200x200\male\subject_mesh_1565.png,calvis
M_subject_mesh_1566,M,115.6,112.6,115.5,C:/Users/admin/Downloads/CALVIS/CALVIS/dataset/cmu\synthetic_images\200x200\male\subject_mesh_1566.png,calvis
M_subject_mesh_1567,M,104.6,89.1,97.7,C:/Users/admin/Downloads/CALVIS/CALVIS/dataset/cmu\synthetic_images\200x200\male\subject_mesh_1567.png,calvis
M_subject_mesh_1568,M,105.9,93.8,99.4,C:/Users/admin/Downloads/CALVIS/CALVIS/dataset/cmu\synthetic_images\200x200\male\subject_mesh_1568.png,calvis
M_subject_mesh_1569,M,105.1,91.0,98.7,C:/Users/admin/Downloads/CALVIS/CALVIS/dataset/cmu\synthetic_images\200x200\male\subject_mesh_1569.png,calvis
M_subject_mesh_1570,M,112.6,103.6,104.1,C:/Users/admin/Downloads/CALVIS/CALVIS/dataset/cmu\synthetic_images\200x200\male\subject_mesh_1570.png,calvis
M_subject_mesh_1571,M,99.3,86.6,97.1,C:/Users/admin/Downloads/CALVIS/CALVIS/dataset/cmu\synthetic_images\200x200\male\subject_mesh_1571.png,calvis
M_subject_mesh_1572,M,107.7,96.6,104.6,C:/Users/admin/Downloads/CALVIS/CALVIS/dataset/cmu\synthetic_images\200x200\male\subject_mesh_1572.png,calvis
M_subject_mesh_1573,M,110.3,102.8,106.7,C:/Users/admin/Downloads/CALVIS/CALVIS/dataset/cmu\synthetic_images\200x200\male\subject_mesh_1573.png,calvis
M_subject_mesh_1574,M,97.8,77.1,92.1,C:/Users/admin/Downloads/CALVIS/CALVIS/dataset/cmu\synthetic_images\200x200\male\subject_mesh_1574.png,calvis
M_subject_mesh_1575,M,109.4,98.7,106.4,C:/Users/admin/Downloads/CALVIS/CALVIS/dataset/cmu\synthetic_images\200x200\male\subject_mesh_1575.png,calvis
M_subject_mesh_1576,M,100.2,91.0,91.4,C:/Users/admin/Downloads/CALVIS/CALVIS/dataset/cmu\synthetic_images\200x200\male\subject_mesh_1576.png,calvis
M_subject_mesh_1577,M,103.8,98.2,102.7,C:/Users/admin/Downloads/CALVIS/CALVIS/dataset/cmu\synthetic_images\200x200\male\subject_mesh_1577.png,calvis
M_subject_mesh_1578,M,105.0,93.0,103.5,C:/Users/admin/Downloads/CALVIS/CALVIS/dataset/cmu\synthetic_images\200x200\male\subject_mesh_1578.png,calvis
M_subject_mesh_1579,M,111.6,100.8,102.7,C:/Users/admin/Downloads/CALVIS/CALVIS/dataset/cmu\synthetic_images\200x200\male\subject_mesh_1579.png,calvis
M_subject_mesh_1580,M,103.7,95.0,102.6,C:/Users/admin/Downloads/CALVIS/CALVIS/dataset/cmu\synthetic_images\200x200\male\subject_mesh_1580.png,calvis
M_subject_mesh_1581,M,108.7,97.3,108.6,C:/Users/admin/Downloads/CALVIS/CALVIS/dataset/cmu\synthetic_images\200x200\male\subject_mesh_1581.png,calvis
M_subject_mesh_1582,M,104.3,93.8,102.5,C:/Users/admin/Downloads/CALVIS/CALVIS/dataset/cmu\synthetic_images\200x200\male\subject_mesh_1582.png,calvis
M_subject_mesh_1583,M,113.2,102.6,108.8,C:/Users/admin/Downloads/CALVIS/CALVIS/dataset/cmu\synthetic_images\200x200\male\subject_mesh_1583.png,calvis
M_subject_mesh_1584,M,104.2,86.7,101.5,C:/Users/admin/Downloads/CALVIS/CALVIS/dataset/cmu\synthetic_images\200x200\male\subject_mesh_1584.png,calvis
M_subject_mesh_1585,M,101.5,91.5,103.9,C:/Users/admin/Downloads/CALVIS/CALVIS/dataset/cmu\synthetic_images\200x200\male\subject_mesh_1585.png,calvis
M_subject_mesh_1586,M,95.0,82.3,99.8,C:/Users/admin/Downloads/CALVIS/CALVIS/dataset/cmu\synthetic_images\200x200\male\subject_mesh_1586.png,calvis
M_subject_mesh_1587,M,113.7,106.5,106.5,C:/Users/admin/Downloads/CALVIS/CALVIS/dataset/cmu\synthetic_images\200x200\male\subject_mesh_1587.png,calvis
M_subject_mesh_1588,M,107.3,95.3,102.5,C:/Users/admin/Downloads/CALVIS/CALVIS/dataset/cmu\synthetic_images\200x200\male\subject_mesh_1588.png,calvis
M_subject_mesh_1589,M,104.0,94.1,103.0,C:/Users/admin/Downloads/CALVIS/CALVIS/dataset/cmu\synthetic_images\200x200\male\subject_mesh_1589.png,calvis
M_subject_mesh_1590,M,107.8,96.5,101.5,C:/Users/admin/Downloads/CALVIS/CALVIS/dataset/cmu\synthetic_images\200x200\male\subject_mesh_1590.png,calvis
M_subject_mesh_1591,M,110.0,100.5,102.4,C:/Users/admin/Downloads/CALVIS/CALVIS/dataset/cmu\synthetic_images\200x200\male\subject_mesh_1591.png,calvis
M_subject_mesh_1592,M,96.2,82.5,96.5,C:/Users/admin/Downloads/CALVIS/CALVIS/dataset/cmu\synthetic_images\200x200\male\subject_mesh_1592.png,calvis
M_subject_mesh_1593,M,104.3,94.6,97.6,C:/Users/admin/Downloads/CALVIS/CALVIS/dataset/cmu\synthetic_images\200x200\male\subject_mesh_1593.png,calvis
M_subject_mesh_1594,M,107.4,96.1,98.9,C:/Users/admin/Downloads/CALVIS/CALVIS/dataset/cmu\synthetic_images\200x200\male\subject_mesh_1594.png,calvis
M_subject_mesh_1595,M,99.1,83.8,97.2,C:/Users/admin/Downloads/CALVIS/CALVIS/dataset/cmu\synthetic_images\200x200\male\subject_mesh_1595.png,calvis
M_subject_mesh_1596,M,117.8,106.4,106.3,C:/Users/admin/Downloads/CALVIS/CALVIS/dataset/cmu\synthetic_images\200x200\male\subject_mesh_1596.png,calvis
M_subject_mesh_1597,M,106.3,88.8,104.4,C:/Users/admin/Downloads/CALVIS/CALVIS/dataset/cmu\synthetic_images\200x200\male\subject_mesh_1597.png,calvis
M_subject_mesh_1598,M,101.5,84.8,95.8,C:/Users/admin/Downloads/CALVIS/CALVIS/dataset/cmu\synthetic_images\200x200\male\subject_mesh_1598.png,calvis
M_subject_mesh_1599,M,108.8,94.1,104.5,C:/Users/admin/Downloads/CALVIS/CALVIS/dataset/cmu\synthetic_images\200x200\male\subject_mesh_1599.png,calvis
M_subject_mesh_1600,M,98.3,92.7,96.6,C:/Users/admin/Downloads/CALVIS/CALVIS/dataset/cmu\synthetic_images\200x200\male\subject_mesh_1600.png,calvis
M_subject_mesh_1601,M,101.5,96.9,100.0,C:/Users/admin/Downloads/CALVIS/CALVIS/dataset/cmu\synthetic_images\200x200\male\subject_mesh_1601.png,calvis
M_subject_mesh_1602,M,111.4,102.1,107.1,C:/Users/admin/Downloads/CALVIS/CALVIS/dataset/cmu\synthetic_images\200x200\male\subject_mesh_1602.png,calvis
M_subject_mesh_1603,M,110.9,103.1,108.5,C:/Users/admin/Downloads/CALVIS/CALVIS/dataset/cmu\synthetic_images\200x200\male\subject_mesh_1603.png,calvis
M_subject_mesh_1604,M,110.5,96.0,103.8,C:/Users/admin/Downloads/CALVIS/CALVIS/dataset/cmu\synthetic_images\200x200\male\subject_mesh_1604.png,calvis
M_subject_mesh_1605,M,100.6,88.1,102.1,C:/Users/admin/Downloads/CALVIS/CALVIS/dataset/cmu\synthetic_images\200x200\male\subject_mesh_1605.png,calvis
M_subject_mesh_1606,M,102.4,86.7,101.9,C:/Users/admin/Downloads/CALVIS/CALVIS/dataset/cmu\synthetic_images\200x200\male\subject_mesh_1606.png,calvis
M_subject_mesh_1607,M,103.5,93.3,101.9,C:/Users/admin/Downloads/CALVIS/CALVIS/dataset/cmu\synthetic_images\200x200\male\subject_mesh_1607.png,calvis
M_subject_mesh_1608,M,95.8,75.4,95.0,C:/Users/admin/Downloads/CALVIS/CALVIS/dataset/cmu\synthetic_images\200x200\male\subject_mesh_1608.png,calvis
M_subject_mesh_1609,M,104.0,94.4,104.4,C:/Users/admin/Downloads/CALVIS/CALVIS/dataset/cmu\synthetic_images\200x200\male\subject_mesh_1609.png,calvis
M_subject_mesh_1610,M,89.9,73.8,93.7,C:/Users/admin/Downloads/CALVIS/CALVIS/dataset/cmu\synthetic_images\200x200\male\subject_mesh_1610.png,calvis
M_subject_mesh_1611,M,97.8,80.8,96.2,C:/Users/admin/Downloads/CALVIS/CALVIS/dataset/cmu\synthetic_images\200x200\male\subject_mesh_1611.png,calvis
M_subject_mesh_1612,M,101.6,87.1,101.0,C:/Users/admin/Downloads/CALVIS/CALVIS/dataset/cmu\synthetic_images\200x200\male\subject_mesh_1612.png,calvis
M_subject_mesh_1613,M,104.9,93.1,106.1,C:/Users/admin/Downloads/CALVIS/CALVIS/dataset/cmu\synthetic_images\200x200\male\subject_mesh_1613.png,calvis
M_subject_mesh_1614,M,102.9,84.6,97.7,C:/Users/admin/Downloads/CALVIS/CALVIS/dataset/cmu\synthetic_images\200x200\male\subject_mesh_1614.png,calvis
M_subject_mesh_1615,M,102.1,86.7,99.4,C:/Users/admin/Downloads/CALVIS/CALVIS/dataset/cmu\synthetic_images\200x200\male\subject_mesh_1615.png,calvis
M_subject_mesh_1616,M,100.9,84.1,97.1,C:/Users/admin/Downloads/CALVIS/CALVIS/dataset/cmu\synthetic_images\200x200\male\subject_mesh_1616.png,calvis
M_subject_mesh_1617,M,109.8,101.7,104.0,C:/Users/admin/Downloads/CALVIS/CALVIS/dataset/cmu\synthetic_images\200x200\male\subject_mesh_1617.png,calvis
M_subject_mesh_1618,M,99.3,85.6,101.9,C:/Users/admin/Downloads/CALVIS/CALVIS/dataset/cmu\synthetic_images\200x200\male\subject_mesh_1618.png,calvis
M_subject_mesh_1619,M,106.3,99.8,114.8,C:/Users/admin/Downloads/CALVIS/CALVIS/dataset/cmu\synthetic_images\200x200\male\subject_mesh_1619.png,calvis
M_subject_mesh_1620,M,99.5,85.1,97.3,C:/Users/admin/Downloads/CALVIS/CALVIS/dataset/cmu\synthetic_images\200x200\male\subject_mesh_1620.png,calvis
M_subject_mesh_1621,M,124.5,119.0,118.9,C:/Users/admin/Downloads/CALVIS/CALVIS/dataset/cmu\synthetic_images\200x200\male\subject_mesh_1621.png,calvis
M_subject_mesh_1622,M,107.9,93.2,101.7,C:/Users/admin/Downloads/CALVIS/CALVIS/dataset/cmu\synthetic_images\200x200\male\subject_mesh_1622.png,calvis
M_subject_mesh_1623,M,103.7,87.6,104.3,C:/Users/admin/Downloads/CALVIS/CALVIS/dataset/cmu\synthetic_images\200x200\male\subject_mesh_1623.png,calvis
M_subject_mesh_1624,M,115.3,115.0,116.7,C:/Users/admin/Downloads/CALVIS/CALVIS/dataset/cmu\synthetic_images\200x200\male\subject_mesh_1624.png,calvis
M_subject_mesh_1625,M,106.8,96.8,107.1,C:/Users/admin/Downloads/CALVIS/CALVIS/dataset/cmu\synthetic_images\200x200\male\subject_mesh_1625.png,calvis
M_subject_mesh_1626,M,100.4,84.6,101.0,C:/Users/admin/Downloads/CALVIS/CALVIS/dataset/cmu\synthetic_images\200x200\male\subject_mesh_1626.png,calvis
M_subject_mesh_1627,M,102.6,89.2,106.9,C:/Users/admin/Downloads/CALVIS/CALVIS/dataset/cmu\synthetic_images\200x200\male\subject_mesh_1627.png,calvis
M_subject_mesh_1628,M,131.3,123.2,123.1,C:/Users/admin/Downloads/CALVIS/CALVIS/dataset/cmu\synthetic_images\200x200\male\subject_mesh_1628.png,calvis
M_subject_mesh_1629,M,104.0,93.3,96.1,C:/Users/admin/Downloads/CALVIS/CALVIS/dataset/cmu\synthetic_images\200x200\male\subject_mesh_1629.png,calvis
M_subject_mesh_1630,M,102.9,90.5,104.8,C:/Users/admin/Downloads/CALVIS/CALVIS/dataset/cmu\synthetic_images\200x200\male\subject_mesh_1630.png,calvis
M_subject_mesh_1631,M,99.0,84.7,101.0,C:/Users/admin/Downloads/CALVIS/CALVIS/dataset/cmu\synthetic_images\200x200\male\subject_mesh_1631.png,calvis
M_subject_mesh_1632,M,100.1,80.2,95.8,C:/Users/admin/Downloads/CALVIS/CALVIS/dataset/cmu\synthetic_images\200x200\male\subject_mesh_1632.png,calvis
M_subject_mesh_1633,M,106.9,98.2,104.7,C:/Users/admin/Downloads/CALVIS/CALVIS/dataset/cmu\synthetic_images\200x200\male\subject_mesh_1633.png,calvis
M_subject_mesh_1634,M,107.3,105.6,108.8,C:/Users/admin/Downloads/CALVIS/CALVIS/dataset/cmu\synthetic_images\200x200\male\subject_mesh_1634.png,calvis
M_subject_mesh_1635,M,102.9,88.1,103.4,C:/Users/admin/Downloads/CALVIS/CALVIS/dataset/cmu\synthetic_images\200x200\male\subject_mesh_1635.png,calvis
M_subject_mesh_1636,M,102.5,89.6,94.0,C:/Users/admin/Downloads/CALVIS/CALVIS/dataset/cmu\synthetic_images\200x200\male\subject_mesh_1636.png,calvis
M_subject_mesh_1637,M,103.3,89.5,106.0,C:/Users/admin/Downloads/CALVIS/CALVIS/dataset/cmu\synthetic_images\200x200\male\subject_mesh_1637.png,calvis
M_subject_mesh_1638,M,104.5,98.0,107.8,C:/Users/admin/Downloads/CALVIS/CALVIS/dataset/cmu\synthetic_images\200x200\male\subject_mesh_1638.png,calvis
M_subject_mesh_1639,M,103.0,86.1,103.8,C:/Users/admin/Downloads/CALVIS/CALVIS/dataset/cmu\synthetic_images\200x200\male\subject_mesh_1639.png,calvis
M_subject_mesh_1640,M,108.1,100.3,103.2,C:/Users/admin/Downloads/CALVIS/CALVIS/dataset/cmu\synthetic_images\200x200\male\subject_mesh_1640.png,calvis
M_subject_mesh_1641,M,96.4,88.0,97.9,C:/Users/admin/Downloads/CALVIS/CALVIS/dataset/cmu\synthetic_images\200x200\male\subject_mesh_1641.png,calvis
M_subject_mesh_1642,M,113.0,97.9,104.2,C:/Users/admin/Downloads/CALVIS/CALVIS/dataset/cmu\synthetic_images\200x200\male\subject_mesh_1642.png,calvis
M_subject_mesh_1643,M,108.8,108.5,110.9,C:/Users/admin/Downloads/CALVIS/CALVIS/dataset/cmu\synthetic_images\200x200\male\subject_mesh_1643.png,calvis
M_subject_mesh_1644,M,97.6,86.9,95.1,C:/Users/admin/Downloads/CALVIS/CALVIS/dataset/cmu\synthetic_images\200x200\male\subject_mesh_1644.png,calvis
M_subject_mesh_1645,M,99.9,92.5,95.3,C:/Users/admin/Downloads/CALVIS/CALVIS/dataset/cmu\synthetic_images\200x200\male\subject_mesh_1645.png,calvis
M_subject_mesh_1646,M,95.6,85.1,96.9,C:/Users/admin/Downloads/CALVIS/CALVIS/dataset/cmu\synthetic_images\200x200\male\subject_mesh_1646.png,calvis
M_subject_mesh_1647,M,96.5,85.5,98.6,C:/Users/admin/Downloads/CALVIS/CALVIS/dataset/cmu\synthetic_images\200x200\male\subject_mesh_1647.png,calvis
M_subject_mesh_1648,M,95.5,81.6,94.3,C:/Users/admin/Downloads/CALVIS/CALVIS/dataset/cmu\synthetic_images\200x200\male\subject_mesh_1648.png,calvis
M_subject_mesh_1649,M,125.9,109.7,109.4,C:/Users/admin/Downloads/CALVIS/CALVIS/dataset/cmu\synthetic_images\200x200\male\subject_mesh_1649.png,calvis
M_subject_mesh_1650,M,98.1,84.5,97.2,C:/Users/admin/Downloads/CALVIS/CALVIS/dataset/cmu\synthetic_images\200x200\male\subject_mesh_1650.png,calvis
M_subject_mesh_1651,M,97.3,80.1,96.5,C:/Users/admin/Downloads/CALVIS/CALVIS/dataset/cmu\synthetic_images\200x200\male\subject_mesh_1651.png,calvis
M_subject_mesh_1652,M,101.7,90.6,95.6,C:/Users/admin/Downloads/CALVIS/CALVIS/dataset/cmu\synthetic_images\200x200\male\subject_mesh_1652.png,calvis
M_subject_mesh_1653,M,104.8,96.4,108.9,C:/Users/admin/Downloads/CALVIS/CALVIS/dataset/cmu\synthetic_images\200x200\male\subject_mesh_1653.png,calvis
M_subject_mesh_1654,M,102.6,90.5,103.0,C:/Users/admin/Downloads/CALVIS/CALVIS/dataset/cmu\synthetic_images\200x200\male\subject_mesh_1654.png,calvis
M_subject_mesh_1655,M,107.1,96.3,100.4,C:/Users/admin/Downloads/CALVIS/CALVIS/dataset/cmu\synthetic_images\200x200\male\subject_mesh_1655.png,calvis
M_subject_mesh_1656,M,97.2,82.3,94.4,C:/Users/admin/Downloads/CALVIS/CALVIS/dataset/cmu\synthetic_images\200x200\male\subject_mesh_1656.png,calvis
M_subject_mesh_1657,M,99.6,84.4,95.2,C:/Users/admin/Downloads/CALVIS/CALVIS/dataset/cmu\synthetic_images\200x200\male\subject_mesh_1657.png,calvis
M_subject_mesh_1658,M,98.5,85.6,101.9,C:/Users/admin/Downloads/CALVIS/CALVIS/dataset/cmu\synthetic_images\200x200\male\subject_mesh_1658.png,calvis
M_subject_mesh_1659,M,129.6,123.5,123.5,C:/Users/admin/Downloads/CALVIS/CALVIS/dataset/cmu\synthetic_images\200x200\male\subject_mesh_1659.png,calvis
M_subject_mesh_1660,M,102.2,88.2,102.1,C:/Users/admin/Downloads/CALVIS/CALVIS/dataset/cmu\synthetic_images\200x200\male\subject_mesh_1660.png,calvis
M_subject_mesh_1661,M,97.9,77.3,93.0,C:/Users/admin/Downloads/CALVIS/CALVIS/dataset/cmu\synthetic_images\200x200\male\subject_mesh_1661.png,calvis
M_subject_mesh_1662,M,106.8,95.1,100.3,C:/Users/admin/Downloads/CALVIS/CALVIS/dataset/cmu\synthetic_images\200x200\male\subject_mesh_1662.png,calvis
M_subject_mesh_1663,M,102.6,93.5,107.3,C:/Users/admin/Downloads/CALVIS/CALVIS/dataset/cmu\synthetic_images\200x200\male\subject_mesh_1663.png,calvis
M_subject_mesh_1664,M,118.8,109.6,109.5,C:/Users/admin/Downloads/CALVIS/CALVIS/dataset/cmu\synthetic_images\200x200\male\subject_mesh_1664.png,calvis
M_subject_mesh_1665,M,104.8,96.3,104.3,C:/Users/admin/Downloads/CALVIS/CALVIS/dataset/cmu\synthetic_images\200x200\male\subject_mesh_1665.png,calvis
M_subject_mesh_1666,M,101.2,90.1,100.7,C:/Users/admin/Downloads/CALVIS/CALVIS/dataset/cmu\synthetic_images\200x200\male\subject_mesh_1666.png,calvis
M_subject_mesh_1667,M,109.1,100.8,102.4,C:/Users/admin/Downloads/CALVIS/CALVIS/dataset/cmu\synthetic_images\200x200\male\subject_mesh_1667.png,calvis
M_subject_mesh_1668,M,105.4,91.3,103.4,C:/Users/admin/Downloads/CALVIS/CALVIS/dataset/cmu\synthetic_images\200x200\male\subject_mesh_1668.png,calvis
M_subject_mesh_1669,M,102.3,89.7,102.8,C:/Users/admin/Downloads/CALVIS/CALVIS/dataset/cmu\synthetic_images\200x200\male\subject_mesh_1669.png,calvis
M_subject_mesh_1670,M,110.9,101.9,103.8,C:/Users/admin/Downloads/CALVIS/CALVIS/dataset/cmu\synthetic_images\200x200\male\subject_mesh_1670.png,calvis
M_subject_mesh_1671,M,126.2,117.3,117.1,C:/Users/admin/Downloads/CALVIS/CALVIS/dataset/cmu\synthetic_images\200x200\male\subject_mesh_1671.png,calvis
M_subject_mesh_1672,M,96.8,84.6,90.9,C:/Users/admin/Downloads/CALVIS/CALVIS/dataset/cmu\synthetic_images\200x200\male\subject_mesh_1672.png,calvis
M_subject_mesh_1673,M,104.0,92.8,108.9,C:/Users/admin/Downloads/CALVIS/CALVIS/dataset/cmu\synthetic_images\200x200\male\subject_mesh_1673.png,calvis
M_subject_mesh_1674,M,107.7,92.6,96.2,C:/Users/admin/Downloads/CALVIS/CALVIS/dataset/cmu\synthetic_images\200x200\male\subject_mesh_1674.png,calvis
M_subject_mesh_1675,M,113.6,103.3,108.7,C:/Users/admin/Downloads/CALVIS/CALVIS/dataset/cmu\synthetic_images\200x200\male\subject_mesh_1675.png,calvis
M_subject_mesh_1676,M,105.8,97.3,104.1,C:/Users/admin/Downloads/CALVIS/CALVIS/dataset/cmu\synthetic_images\200x200\male\subject_mesh_1676.png,calvis
M_subject_mesh_1677,M,97.2,83.6,97.4,C:/Users/admin/Downloads/CALVIS/CALVIS/dataset/cmu\synthetic_images\200x200\male\subject_mesh_1677.png,calvis
M_subject_mesh_1678,M,100.9,87.5,101.0,C:/Users/admin/Downloads/CALVIS/CALVIS/dataset/cmu\synthetic_images\200x200\male\subject_mesh_1678.png,calvis
M_subject_mesh_1679,M,103.0,89.8,98.5,C:/Users/admin/Downloads/CALVIS/CALVIS/dataset/cmu\synthetic_images\200x200\male\subject_mesh_1679.png,calvis
M_subject_mesh_1680,M,118.1,108.4,110.0,C:/Users/admin/Downloads/CALVIS/CALVIS/dataset/cmu\synthetic_images\200x200\male\subject_mesh_1680.png,calvis
M_subject_mesh_1681,M,106.2,98.3,111.3,C:/Users/admin/Downloads/CALVIS/CALVIS/dataset/cmu\synthetic_images\200x200\male\subject_mesh_1681.png,calvis
M_subject_mesh_1682,M,102.0,89.3,101.9,C:/Users/admin/Downloads/CALVIS/CALVIS/dataset/cmu\synthetic_images\200x200\male\subject_mesh_1682.png,calvis
M_subject_mesh_1683,M,115.9,102.4,108.5,C:/Users/admin/Downloads/CALVIS/CALVIS/dataset/cmu\synthetic_images\200x200\male\subject_mesh_1683.png,calvis
M_subject_mesh_1684,M,100.6,85.7,102.0,C:/Users/admin/Downloads/CALVIS/CALVIS/dataset/cmu\synthetic_images\200x200\male\subject_mesh_1684.png,calvis
M_subject_mesh_1685,M,109.5,95.9,102.1,C:/Users/admin/Downloads/CALVIS/CALVIS/dataset/cmu\synthetic_images\200x200\male\subject_mesh_1685.png,calvis
M_subject_mesh_1686,M,94.7,80.6,98.6,C:/Users/admin/Downloads/CALVIS/CALVIS/dataset/cmu\synthetic_images\200x200\male\subject_mesh_1686.png,calvis
M_subject_mesh_1687,M,105.8,90.6,103.8,C:/Users/admin/Downloads/CALVIS/CALVIS/dataset/cmu\synthetic_images\200x200\male\subject_mesh_1687.png,calvis
M_subject_mesh_1688,M,105.0,96.7,97.0,C:/Users/admin/Downloads/CALVIS/CALVIS/dataset/cmu\synthetic_images\200x200\male\subject_mesh_1688.png,calvis
M_subject_mesh_1689,M,105.3,91.3,97.7,C:/Users/admin/Downloads/CALVIS/CALVIS/dataset/cmu\synthetic_images\200x200\male\subject_mesh_1689.png,calvis
M_subject_mesh_1690,M,111.4,105.2,106.1,C:/Users/admin/Downloads/CALVIS/CALVIS/dataset/cmu\synthetic_images\200x200\male\subject_mesh_1690.png,calvis
M_subject_mesh_1691,M,105.2,90.1,103.4,C:/Users/admin/Downloads/CALVIS/CALVIS/dataset/cmu\synthetic_images\200x200\male\subject_mesh_1691.png,calvis
M_subject_mesh_1692,M,109.7,92.8,100.6,C:/Users/admin/Downloads/CALVIS/CALVIS/dataset/cmu\synthetic_images\200x200\male\subject_mesh_1692.png,calvis
M_subject_mesh_1693,M,104.4,91.4,99.6,C:/Users/admin/Downloads/CALVIS/CALVIS/dataset/cmu\synthetic_images\200x200\male\subject_mesh_1693.png,calvis
M_subject_mesh_1694,M,99.0,78.4,98.6,C:/Users/admin/Downloads/CALVIS/CALVIS/dataset/cmu\synthetic_images\200x200\male\subject_mesh_1694.png,calvis
M_subject_mesh_1695,M,113.2,97.5,106.8,C:/Users/admin/Downloads/CALVIS/CALVIS/dataset/cmu\synthetic_images\200x200\male\subject_mesh_1695.png,calvis
M_subject_mesh_1696,M,116.6,106.6,106.4,C:/Users/admin/Downloads/CALVIS/CALVIS/dataset/cmu\synthetic_images\200x200\male\subject_mesh_1696.png,calvis
M_subject_mesh_1697,M,101.3,90.5,92.1,C:/Users/admin/Downloads/CALVIS/CALVIS/dataset/cmu\synthetic_images\200x200\male\subject_mesh_1697.png,calvis
M_subject_mesh_1698,M,112.0,107.3,107.2,C:/Users/admin/Downloads/CALVIS/CALVIS/dataset/cmu\synthetic_images\200x200\male\subject_mesh_1698.png,calvis
M_subject_mesh_1699,M,102.0,92.4,100.3,C:/Users/admin/Downloads/CALVIS/CALVIS/dataset/cmu\synthetic_images\200x200\male\subject_mesh_1699.png,calvis
M_subject_mesh_1700,M,105.8,96.9,108.0,C:/Users/admin/Downloads/CALVIS/CALVIS/dataset/cmu\synthetic_images\200x200\male\subject_mesh_1700.png,calvis
