id,sex,height_cm,weight_kg,shoulder_cm,bust_cm,waist_cm,hip_cm,waist_hip,waist_bust,bust_hip,shoulder_hip,body_shape,confidence,source
1,F,156.0,65.7,37.3,92.2,85.0,101.1,0.841,0.922,0.912,0.369,RECTANGLE,0.5,ansur2
2,F,166.5,53.4,37.2,83.9,70.8,89.3,0.793,0.844,0.94,0.417,RECTANGLE,0.5,ansur2
3,F,171.1,66.3,39.7,87.4,72.7,98.7,0.737,0.832,0.886,0.402,PEAR,0.707,ansur2
4,F,166.0,78.2,38.4,100.8,92.3,101.2,0.912,0.916,0.996,0.379,RECTANGLE,0.715,ansur2
5,F,157.2,88.6,37.8,108.9,116.3,128.1,0.908,1.068,0.85,0.295,APPLE,0.785,ansur2
6,F,170.7,83.7,35.6,103.1,96.8,108.5,0.892,0.939,0.95,0.328,RECTANGLE,0.5,ansur2
7,F,164.4,73.2,35.8,98.8,96.4,104.9,0.919,0.976,0.942,0.341,RECTANGLE,0.5,ansur2
8,F,167.1,76.0,36.5,96.8,91.4,109.5,0.835,0.944,0.884,0.333,PEAR,0.743,ansur2
9,F,152.1,54.5,35.5,83.1,75.5,96.5,0.782,0.909,0.861,0.368,PEAR,0.76,ansur2
10,F,159.0,68.4,32.3,101.0,94.4,104.5,0.903,0.935,0.967,0.309,RECTANGLE,0.637,ansur2
11,F,170.7,99.0,40.6,106.5,93.5,124.8,0.749,0.878,0.853,0.325,PEAR,0.882,ansur2
12,F,166.8,74.2,38.7,103.4,94.2,101.4,0.929,0.911,1.02,0.382,RECTANGLE,0.675,ansur2
13,F,165.4,78.1,38.4,106.3,99.5,104.9,0.949,0.936,1.013,0.366,RECTANGLE,0.69,ansur2
14,F,166.6,71.8,41.8,93.7,84.8,101.2,0.838,0.905,0.926,0.413,RECTANGLE,0.5,ansur2
15,F,159.9,70.9,36.5,98.9,92.9,100.0,0.929,0.939,0.989,0.365,RECTANGLE,0.698,ansur2
16,F,167.3,67.2,36.7,94.0,83.5,100.7,0.829,0.888,0.933,0.364,RECTANGLE,0.5,ansur2
17,F,164.7,62.0,37.1,83.5,77.2,96.9,0.797,0.925,0.862,0.383,PEAR,0.76,ansur2
18,F,167.8,59.5,36.5,89.7,80.5,94.1,0.855,0.897,0.953,0.388,HOURGLASS,0.655,ansur2
19,F,167.9,74.1,39.3,97.9,86.8,101.1,0.859,0.887,0.968,0.389,HOURGLASS,0.703,ansur2
20,F,161.5,60.5,35.9,85.3,79.2,102.1,0.776,0.928,0.835,0.352,PEAR,0.845,ansur2
21,F,151.7,80.0,34.2,109.0,113.7,110.7,1.027,1.043,0.985,0.309,APPLE,0.718,ansur2
22,F,167.4,74.7,38.8,94.1,88.1,105.0,0.839,0.936,0.896,0.37,PEAR,0.698,ansur2
23,F,162.3,49.1,33.0,85.7,70.2,86.7,0.81,0.819,0.988,0.381,HOURGLASS,0.812,ansur2
24,F,166.8,70.3,37.2,97.3,95.4,103.8,0.919,0.98,0.937,0.358,APPLE,0.647,ansur2
25,F,164.4,71.5,38.3,97.5,79.6,98.1,0.811,0.816,0.994,0.39,HOURGLASS,0.873,ansur2
26,F,157.9,70.8,37.0,102.6,100.0,106.9,0.935,0.975,0.96,0.346,RECTANGLE,0.617,ansur2
27,F,144.6,48.8,33.8,83.2,74.2,91.7,0.809,0.892,0.907,0.369,RECTANGLE,0.5,ansur2
28,F,162.0,69.1,37.3,92.1,91.2,99.7,0.915,0.99,0.924,0.374,APPLE,0.622,ansur2
29,F,168.4,73.0,38.6,103.2,91.3,104.2,0.876,0.885,0.99,0.37,HOURGLASS,0.723,ansur2
30,F,161.9,61.0,37.0,90.4,82.1,96.0,0.855,0.908,0.942,0.385,RECTANGLE,0.5,ansur2
31,F,159.2,65.8,36.3,95.1,93.0,105.6,0.881,0.978,0.901,0.344,PEAR,0.688,ansur2
32,F,165.5,70.9,32.9,95.0,90.1,103.5,0.871,0.948,0.918,0.318,RECTANGLE,0.5,ansur2
33,F,172.3,72.8,37.0,96.5,93.5,103.4,0.904,0.969,0.933,0.358,RECTANGLE,0.5,ansur2
34,F,167.7,84.6,37.0,111.5,107.7,115.4,0.933,0.966,0.966,0.321,RECTANGLE,0.627,ansur2
35,F,165.4,94.5,34.8,117.0,111.2,118.4,0.939,0.95,0.988,0.294,RECTANGLE,0.69,ansur2
36,F,163.4,62.7,36.5,89.5,81.2,99.1,0.819,0.907,0.903,0.368,PEAR,0.665,ansur2
37,F,168.3,57.8,35.6,94.4,86.9,93.3,0.931,0.921,1.012,0.382,RECTANGLE,0.697,ansur2
38,F,155.2,52.4,33.4,83.3,71.2,90.0,0.791,0.855,0.926,0.371,RECTANGLE,0.5,ansur2
39,F,161.7,73.2,36.0,102.5,105.7,105.2,1.005,1.031,0.974,0.342,APPLE,0.68,ansur2
40,F,158.8,79.1,34.7,98.2,96.4,108.6,0.888,0.982,0.904,0.32,APPLE,0.645,ansur2
41,F,164.1,89.4,37.3,106.0,113.4,117.5,0.965,1.07,0.902,0.317,APPLE,0.785,ansur2
42,F,168.5,68.9,36.8,99.1,86.9,97.9,0.888,0.877,1.012,0.376,HOURGLASS,0.7,ansur2
43,F,165.6,75.8,37.1,99.4,94.2,102.1,0.923,0.948,0.974,0.363,RECTANGLE,0.658,ansur2
44,F,160.3,73.1,36.0,107.1,101.9,104.1,0.979,0.951,1.029,0.346,RECTANGLE,0.65,ansur2
45,F,160.8,74.8,37.5,94.5,86.5,113.6,0.761,0.915,0.832,0.33,PEAR,0.902,ansur2
46,F,166.4,80.6,39.5,109.4,97.5,104.6,0.932,0.891,1.046,0.378,RECTANGLE,0.605,ansur2
47,F,161.9,71.4,39.1,93.2,81.4,103.0,0.79,0.873,0.905,0.38,PEAR,0.67,ansur2
48,F,162.0,71.2,40.3,101.3,94.7,105.3,0.899,0.935,0.962,0.383,RECTANGLE,0.625,ansur2
49,F,172.0,65.7,37.9,91.0,79.4,100.9,0.787,0.873,0.902,0.376,PEAR,0.673,ansur2
50,F,158.2,47.7,34.0,79.3,67.9,88.0,0.772,0.856,0.901,0.386,RECTANGLE,0.5,ansur2
51,F,172.0,69.6,37.9,95.4,89.0,105.0,0.848,0.933,0.909,0.361,PEAR,0.665,ansur2
52,F,172.0,119.6,34.9,116.1,133.4,130.6,1.021,1.149,0.889,0.267,APPLE,0.95,ansur2
53,F,170.1,88.7,37.6,113.5,107.6,116.0,0.928,0.948,0.978,0.324,RECTANGLE,0.662,ansur2
54,F,162.7,75.4,35.5,109.5,100.7,107.5,0.937,0.92,1.019,0.33,RECTANGLE,0.675,ansur2
55,F,153.6,67.8,37.3,101.4,89.7,104.4,0.859,0.885,0.971,0.357,HOURGLASS,0.718,ansur2
56,F,154.6,60.7,38.2,94.6,83.2,100.6,0.827,0.879,0.94,0.38,RECTANGLE,0.5,ansur2
57,F,165.4,57.2,35.6,81.4,76.6,98.1,0.781,0.941,0.83,0.363,PEAR,0.842,ansur2
58,F,160.5,68.9,38.1,94.0,87.8,102.8,0.854,0.934,0.914,0.371,RECTANGLE,0.5,ansur2
59,F,163.0,71.2,35.6,98.8,94.3,105.5,0.894,0.954,0.936,0.337,RECTANGLE,0.5,ansur2
60,F,161.2,60.4,37.1,90.4,82.5,97.9,0.843,0.913,0.923,0.379,RECTANGLE,0.5,ansur2
61,F,175.7,69.7,36.7,87.6,81.2,98.5,0.824,0.927,0.889,0.373,PEAR,0.698,ansur2
62,F,167.0,85.4,36.8,109.0,106.2,116.7,0.91,0.974,0.934,0.315,RECTANGLE,0.5,ansur2
63,F,163.2,61.7,35.3,94.3,91.4,105.1,0.87,0.969,0.897,0.336,PEAR,0.695,ansur2
64,F,163.5,79.0,38.8,113.2,98.7,106.6,0.926,0.872,1.062,0.364,RECTANGLE,0.5,ansur2
65,F,168.2,67.2,38.5,97.7,86.8,100.7,0.862,0.888,0.97,0.382,HOURGLASS,0.698,ansur2
66,F,166.1,69.5,36.0,97.7,83.9,105.0,0.799,0.859,0.93,0.343,RECTANGLE,0.5,ansur2
67,F,159.6,66.9,34.9,100.6,81.4,97.4,0.836,0.809,1.033,0.358,HOURGLASS,0.825,ansur2
68,F,159.6,57.4,38.5,93.6,80.4,98.9,0.813,0.859,0.946,0.389,RECTANGLE,0.5,ansur2
69,F,166.5,81.5,39.4,106.5,92.5,108.8,0.85,0.869,0.979,0.362,HOURGLASS,0.775,ansur2
70,F,161.7,61.8,37.4,89.0,80.5,99.3,0.811,0.904,0.896,0.377,PEAR,0.682,ansur2
71,F,155.5,64.5,35.9,90.0,81.1,104.2,0.778,0.901,0.864,0.345,PEAR,0.78,ansur2
72,F,157.8,55.7,34.1,86.2,75.7,96.9,0.781,0.878,0.89,0.352,PEAR,0.693,ansur2
73,F,158.1,61.4,36.0,89.6,83.9,96.7,0.868,0.936,0.927,0.372,RECTANGLE,0.5,ansur2
74,F,169.8,66.8,38.0,94.3,82.1,105.1,0.781,0.871,0.897,0.362,PEAR,0.695,ansur2
75,F,155.4,73.0,36.0,109.2,100.1,102.8,0.974,0.917,1.062,0.35,RECTANGLE,0.5,ansur2
76,F,175.6,73.7,38.7,92.0,86.0,104.5,0.823,0.935,0.88,0.37,PEAR,0.738,ansur2
77,F,156.6,69.3,35.4,107.1,92.2,101.6,0.907,0.861,1.054,0.348,RECTANGLE,0.5,ansur2
78,F,165.1,75.7,37.2,100.1,101.2,105.7,0.957,1.011,0.947,0.352,APPLE,0.628,ansur2
79,F,158.5,74.0,37.9,112.6,98.1,104.9,0.935,0.871,1.073,0.361,RECTANGLE,0.5,ansur2
80,F,165.7,68.2,36.6,98.2,87.0,103.0,0.845,0.886,0.953,0.355,HOURGLASS,0.705,ansur2
81,F,171.9,86.7,41.0,106.9,93.1,120.0,0.776,0.871,0.891,0.342,PEAR,0.752,ansur2
82,F,182.2,88.2,41.6,106.1,89.5,116.5,0.768,0.844,0.911,0.357,PEAR,0.685,ansur2
83,F,164.9,78.6,38.0,103.1,92.5,114.1,0.811,0.897,0.904,0.333,PEAR,0.7,ansur2
84,F,168.7,62.2,36.4,92.4,75.1,98.5,0.762,0.813,0.938,0.37,RECTANGLE,0.5,ansur2
85,F,169.8,78.2,38.2,99.9,101.9,111.5,0.914,1.02,0.896,0.343,APPLE,0.65,ansur2
86,F,153.0,60.8,33.7,86.5,78.4,106.0,0.74,0.906,0.816,0.318,PEAR,0.913,ansur2
87,F,158.1,67.4,35.9,99.8,91.7,102.3,0.896,0.919,0.976,0.351,RECTANGLE,0.662,ansur2
88,F,160.9,68.6,37.0,93.0,86.5,103.2,0.838,0.93,0.901,0.359,PEAR,0.68,ansur2
89,F,164.4,67.0,37.6,93.4,84.7,101.5,0.834,0.907,0.92,0.37,RECTANGLE,0.5,ansur2
90,F,154.8,63.5,36.8,85.6,78.5,101.1,0.776,0.917,0.847,0.364,PEAR,0.812,ansur2
91,F,160.6,77.3,36.1,97.9,100.4,108.4,0.926,1.026,0.903,0.333,APPLE,0.662,ansur2
92,F,164.2,55.5,36.1,85.2,75.9,94.5,0.803,0.891,0.902,0.382,PEAR,0.657,ansur2
93,F,162.2,72.7,36.0,101.4,95.5,110.4,0.865,0.942,0.918,0.326,PEAR,0.65,ansur2
94,F,166.9,59.3,36.6,84.1,69.4,94.7,0.733,0.825,0.888,0.386,PEAR,0.69,ansur2
95,F,174.5,99.8,40.4,105.7,106.8,120.5,0.886,1.01,0.877,0.335,APPLE,0.627,ansur2
96,F,149.5,58.1,35.6,98.6,94.8,99.9,0.949,0.961,0.987,0.356,RECTANGLE,0.692,ansur2
97,F,149.3,64.2,35.0,95.1,91.2,104.5,0.873,0.959,0.91,0.335,PEAR,0.66,ansur2
98,F,164.1,75.8,37.3,106.8,98.9,102.7,0.963,0.926,1.04,0.363,RECTANGLE,0.623,ansur2
99,F,160.7,68.3,37.9,94.5,88.7,105.1,0.844,0.939,0.899,0.361,PEAR,0.69,ansur2
100,F,156.0,47.1,35.0,82.6,69.8,87.1,0.801,0.845,0.948,0.402,HOURGLASS,0.745,ansur2
101,F,162.5,66.5,35.4,97.8,82.2,97.5,0.843,0.84,1.003,0.363,HOURGLASS,0.807,ansur2
102,F,167.0,68.5,37.3,97.8,88.5,102.7,0.862,0.905,0.952,0.363,HOURGLASS,0.657,ansur2
103,F,161.6,57.9,37.2,87.0,76.4,94.7,0.807,0.878,0.919,0.393,RECTANGLE,0.5,ansur2
104,F,158.2,64.7,37.7,108.0,94.3,96.6,0.976,0.873,1.118,0.39,INVERTED_TRIANGLE,0.71,ansur2
105,F,173.0,59.1,40.1,92.1,80.9,95.1,0.851,0.878,0.968,0.422,HOURGLASS,0.705,ansur2
106,F,150.1,45.0,35.5,84.6,73.9,87.4,0.846,0.874,0.968,0.406,HOURGLASS,0.692,ansur2
107,F,151.5,57.2,33.9,95.9,82.6,96.0,0.86,0.861,0.999,0.353,HOURGLASS,0.758,ansur2
108,F,157.6,72.1,38.7,102.2,96.2,103.0,0.934,0.941,0.992,0.376,RECTANGLE,0.705,ansur2
109,F,162.8,67.6,37.4,87.8,84.9,102.9,0.825,0.967,0.853,0.363,PEAR,0.803,ansur2
110,F,158.6,71.1,36.1,102.9,95.1,104.8,0.907,0.924,0.982,0.344,RECTANGLE,0.678,ansur2
111,F,173.7,79.1,39.8,93.6,88.9,108.3,0.821,0.95,0.864,0.367,PEAR,0.793,ansur2
112,F,157.6,53.6,34.8,83.4,79.0,97.4,0.811,0.947,0.856,0.357,PEAR,0.775,ansur2
113,F,162.6,63.9,36.9,93.1,81.1,96.6,0.84,0.871,0.964,0.382,HOURGLASS,0.725,ansur2
114,F,160.4,62.8,38.0,98.1,83.1,99.1,0.839,0.847,0.99,0.383,HOURGLASS,0.8,ansur2
115,F,167.3,78.8,36.7,103.7,95.8,106.9,0.896,0.924,0.97,0.343,RECTANGLE,0.645,ansur2
116,F,164.2,59.8,35.3,98.1,76.1,95.5,0.797,0.776,1.027,0.37,HOURGLASS,0.91,ansur2
117,F,153.8,75.2,37.7,105.2,107.0,107.9,0.992,1.017,0.975,0.349,APPLE,0.645,ansur2
118,F,157.4,68.6,36.7,102.8,92.3,100.5,0.918,0.898,1.023,0.365,RECTANGLE,0.668,ansur2
119,F,163.7,66.8,35.3,94.6,94.9,105.5,0.9,1.003,0.897,0.335,APPLE,0.608,ansur2
120,F,162.0,61.3,36.1,93.0,85.8,97.6,0.879,0.923,0.953,0.37,RECTANGLE,0.61,ansur2
121,F,173.3,74.2,38.0,93.7,85.9,104.1,0.825,0.917,0.9,0.365,PEAR,0.685,ansur2
122,F,152.6,52.2,35.2,81.0,72.1,87.6,0.823,0.89,0.925,0.402,RECTANGLE,0.5,ansur2
123,F,173.2,76.7,37.1,99.1,90.8,106.9,0.849,0.916,0.927,0.347,RECTANGLE,0.5,ansur2
124,F,162.4,66.1,37.8,98.5,88.0,103.0,0.854,0.893,0.956,0.367,HOURGLASS,0.688,ansur2
125,F,150.7,50.5,34.2,84.4,75.9,90.2,0.841,0.899,0.936,0.379,RECTANGLE,0.5,ansur2
126,F,156.0,63.7,34.7,96.5,91.9,103.3,0.89,0.952,0.934,0.336,RECTANGLE,0.5,ansur2
127,F,164.0,66.6,36.9,98.5,90.8,98.0,0.927,0.922,1.005,0.377,RECTANGLE,0.713,ansur2
128,F,167.5,61.0,36.5,86.2,73.1,96.5,0.758,0.848,0.893,0.378,PEAR,0.682,ansur2
129,F,152.6,58.1,35.0,86.3,82.0,97.5,0.841,0.95,0.885,0.359,PEAR,0.705,ansur2
130,F,162.3,60.9,37.0,87.0,82.1,93.2,0.881,0.944,0.933,0.397,RECTANGLE,0.5,ansur2
131,F,158.4,57.5,35.4,81.5,74.0,105.4,0.702,0.908,0.773,0.336,PEAR,0.95,ansur2
132,F,167.1,79.7,38.4,105.7,102.4,110.0,0.931,0.969,0.961,0.349,RECTANGLE,0.618,ansur2
133,F,155.2,74.5,33.8,113.7,93.2,109.0,0.855,0.82,1.043,0.31,HOURGLASS,0.82,ansur2
134,F,163.3,61.4,35.9,87.4,82.7,98.1,0.843,0.946,0.891,0.366,PEAR,0.692,ansur2
135,F,153.0,67.7,35.6,100.4,89.6,106.1,0.844,0.892,0.946,0.336,RECTANGLE,0.5,ansur2
136,F,160.6,50.8,37.2,84.4,73.8,96.8,0.762,0.874,0.872,0.384,PEAR,0.735,ansur2
137,F,161.7,63.3,35.7,95.0,83.2,103.3,0.805,0.876,0.92,0.346,RECTANGLE,0.5,ansur2
138,F,164.5,71.1,36.4,101.3,85.1,104.2,0.817,0.84,0.972,0.349,HOURGLASS,0.83,ansur2
139,F,168.1,72.7,38.7,96.0,85.9,104.9,0.819,0.895,0.915,0.369,RECTANGLE,0.5,ansur2
140,F,165.5,67.9,36.4,99.2,90.6,105.0,0.863,0.913,0.945,0.347,RECTANGLE,0.5,ansur2
141,F,162.6,83.3,36.5,106.9,102.8,113.6,0.905,0.962,0.941,0.321,RECTANGLE,0.5,ansur2
142,F,163.5,62.2,35.0,83.8,78.6,99.0,0.794,0.938,0.846,0.354,PEAR,0.805,ansur2
143,F,157.2,61.6,35.9,96.2,85.3,96.6,0.883,0.887,0.996,0.372,HOURGLASS,0.698,ansur2
144,F,160.8,57.3,37.2,89.9,74.5,95.0,0.784,0.829,0.946,0.392,RECTANGLE,0.5,ansur2
145,F,166.2,50.7,35.6,82.8,73.7,92.5,0.797,0.89,0.895,0.385,PEAR,0.668,ansur2
146,F,158.2,61.1,38.8,94.0,80.2,99.8,0.804,0.853,0.942,0.389,RECTANGLE,0.5,ansur2
147,F,170.1,86.6,40.5,115.6,104.5,111.4,0.938,0.904,1.038,0.364,RECTANGLE,0.62,ansur2
148,F,160.2,52.3,36.6,88.6,76.3,92.5,0.825,0.861,0.958,0.396,HOURGLASS,0.732,ansur2
149,F,154.9,67.6,36.9,99.1,95.5,109.0,0.876,0.964,0.909,0.339,PEAR,0.673,ansur2
150,F,156.1,54.9,33.5,89.9,71.9,92.0,0.782,0.8,0.977,0.364,HOURGLASS,0.875,ansur2
151,F,167.7,57.1,36.9,88.9,74.6,93.5,0.798,0.839,0.951,0.395,HOURGLASS,0.783,ansur2
152,F,159.4,64.4,35.1,90.7,87.4,103.5,0.844,0.964,0.876,0.339,PEAR,0.745,ansur2
153,F,162.8,64.9,34.9,94.0,77.2,101.8,0.758,0.821,0.923,0.343,RECTANGLE,0.5,ansur2
154,F,154.9,59.2,34.8,94.9,80.2,97.2,0.825,0.845,0.976,0.358,HOURGLASS,0.793,ansur2
155,F,155.9,56.3,36.2,86.6,71.9,97.4,0.738,0.83,0.889,0.372,PEAR,0.695,ansur2
156,F,161.9,58.0,36.6,90.7,86.2,95.5,0.903,0.95,0.95,0.383,RECTANGLE,0.605,ansur2
157,F,169.0,81.0,37.1,98.3,104.4,108.8,0.96,1.062,0.903,0.341,APPLE,0.753,ansur2
158,F,169.8,64.9,37.7,89.5,81.7,100.1,0.816,0.913,0.894,0.377,PEAR,0.69,ansur2
159,F,170.5,65.4,37.0,89.2,81.7,99.7,0.819,0.916,0.895,0.371,PEAR,0.688,ansur2
160,F,162.5,57.0,33.8,87.5,81.6,95.5,0.854,0.933,0.916,0.354,RECTANGLE,0.5,ansur2
161,F,166.6,80.5,37.1,101.2,93.9,113.9,0.824,0.928,0.888,0.326,PEAR,0.743,ansur2
162,F,155.9,67.1,34.2,102.6,86.3,103.5,0.834,0.841,0.991,0.33,HOURGLASS,0.833,ansur2
163,F,159.5,67.3,36.1,97.7,91.5,106.4,0.86,0.937,0.918,0.339,RECTANGLE,0.5,ansur2
164,F,163.4,55.0,37.0,81.2,76.4,93.2,0.82,0.941,0.871,0.397,PEAR,0.725,ansur2
165,F,164.3,70.8,36.4,91.3,89.9,106.8,0.842,0.985,0.855,0.341,APPLE,0.635,ansur2
166,F,166.7,53.8,35.2,94.3,78.2,93.3,0.838,0.829,1.011,0.377,HOURGLASS,0.802,ansur2
167,F,166.1,77.1,38.2,103.2,89.7,105.1,0.853,0.869,0.982,0.363,HOURGLASS,0.763,ansur2
168,F,156.0,60.2,35.0,87.8,81.7,100.8,0.811,0.931,0.871,0.347,PEAR,0.75,ansur2
169,F,161.0,71.9,40.0,97.1,90.0,106.2,0.847,0.927,0.914,0.377,PEAR,0.653,ansur2
170,F,161.0,61.7,36.3,90.6,83.0,100.9,0.823,0.916,0.898,0.36,PEAR,0.683,ansur2
171,F,168.2,76.1,40.3,102.4,94.7,106.2,0.892,0.925,0.964,0.379,RECTANGLE,0.63,ansur2
172,F,160.4,73.9,38.5,102.8,95.8,105.0,0.912,0.932,0.979,0.367,RECTANGLE,0.67,ansur2
173,F,154.0,56.0,34.7,88.1,76.7,98.1,0.782,0.871,0.898,0.354,PEAR,0.675,ansur2
174,F,163.8,64.7,36.3,91.9,77.7,94.8,0.82,0.845,0.969,0.383,HOURGLASS,0.78,ansur2
175,F,165.6,72.4,37.4,91.8,89.6,108.1,0.829,0.976,0.849,0.346,PEAR,0.833,ansur2
176,F,159.7,70.8,37.4,111.8,96.8,99.2,0.976,0.866,1.127,0.377,INVERTED_TRIANGLE,0.74,ansur2
177,F,174.9,95.3,40.5,113.0,99.7,110.1,0.906,0.882,1.026,0.368,HOURGLASS,0.685,ansur2
178,F,166.1,74.8,36.3,100.2,87.9,105.8,0.831,0.877,0.947,0.343,RECTANGLE,0.5,ansur2
179,F,152.6,70.0,34.9,103.9,100.0,103.0,0.971,0.962,1.009,0.339,RECTANGLE,0.702,ansur2
180,F,158.3,65.5,36.3,93.4,93.1,107.8,0.864,0.997,0.866,0.337,APPLE,0.608,ansur2
181,F,153.3,49.9,34.6,84.4,74.8,91.6,0.817,0.886,0.921,0.378,RECTANGLE,0.5,ansur2
182,F,157.5,55.3,36.5,82.1,73.4,94.0,0.781,0.894,0.873,0.388,PEAR,0.723,ansur2
183,F,177.6,92.4,39.5,107.2,102.1,117.1,0.872,0.952,0.915,0.337,PEAR,0.672,ansur2
184,F,171.3,71.6,38.6,108.4,87.4,101.6,0.86,0.806,1.067,0.38,RECTANGLE,0.5,ansur2
185,F,165.3,67.6,38.8,91.8,80.3,99.2,0.809,0.875,0.925,0.391,RECTANGLE,0.5,ansur2
186,F,151.6,64.1,34.3,103.2,93.5,101.7,0.919,0.906,1.015,0.337,RECTANGLE,0.688,ansur2
187,F,165.8,66.6,39.3,97.1,81.0,98.3,0.824,0.834,0.988,0.4,HOURGLASS,0.827,ansur2
188,F,161.7,66.3,35.4,102.2,88.2,102.1,0.864,0.863,1.001,0.347,HOURGLASS,0.772,ansur2
189,F,168.7,76.3,36.2,98.7,92.0,108.4,0.849,0.932,0.911,0.334,PEAR,0.668,ansur2
190,F,160.3,71.7,36.8,103.6,108.5,109.9,0.987,1.047,0.943,0.335,APPLE,0.723,ansur2
191,F,153.9,64.3,34.4,99.0,92.3,100.3,0.92,0.932,0.987,0.343,RECTANGLE,0.693,ansur2
192,F,160.3,59.1,37.2,96.5,84.0,97.3,0.863,0.87,0.992,0.382,HOURGLASS,0.738,ansur2
193,F,162.0,52.9,35.9,81.7,78.3,92.0,0.851,0.958,0.888,0.39,PEAR,0.682,ansur2
194,F,161.7,69.4,37.6,99.3,92.4,107.6,0.859,0.931,0.923,0.349,RECTANGLE,0.5,ansur2
195,F,160.0,69.9,36.6,103.1,97.2,104.0,0.935,0.943,0.991,0.352,RECTANGLE,0.702,ansur2
196,F,157.2,59.2,36.9,87.7,77.4,98.1,0.789,0.883,0.894,0.376,PEAR,0.685,ansur2
197,F,163.2,54.0,35.7,81.8,70.8,92.6,0.765,0.866,0.883,0.386,PEAR,0.695,ansur2
198,F,169.0,70.1,37.7,94.5,87.9,109.2,0.805,0.93,0.865,0.345,PEAR,0.793,ansur2
199,F,168.2,68.1,38.8,91.6,83.0,101.0,0.822,0.906,0.907,0.384,PEAR,0.66,ansur2
200,F,165.7,86.4,37.2,105.0,98.0,115.0,0.852,0.933,0.913,0.323,PEAR,0.675,ansur2
201,F,167.2,67.2,38.9,88.1,88.3,101.0,0.874,1.002,0.872,0.385,APPLE,0.605,ansur2
202,F,162.1,55.9,37.5,91.2,75.4,93.3,0.808,0.827,0.977,0.402,HOURGLASS,0.82,ansur2
203,F,162.3,56.6,35.0,85.4,76.7,95.6,0.802,0.898,0.893,0.366,PEAR,0.68,ansur2
204,F,163.3,58.5,37.5,88.7,86.8,95.8,0.906,0.979,0.926,0.391,APPLE,0.648,ansur2
205,F,152.6,62.8,35.9,100.5,93.8,97.9,0.958,0.933,1.027,0.367,RECTANGLE,0.66,ansur2
206,F,157.0,46.7,34.5,82.5,68.2,83.6,0.816,0.827,0.987,0.413,HOURGLASS,0.782,ansur2
207,F,161.6,59.9,35.5,87.4,76.2,97.8,0.779,0.872,0.894,0.363,PEAR,0.685,ansur2
208,F,169.0,64.2,37.7,97.2,80.2,102.0,0.786,0.825,0.953,0.37,HOURGLASS,0.85,ansur2
209,F,163.7,81.3,36.7,102.6,106.0,114.4,0.927,1.033,0.897,0.321,APPLE,0.685,ansur2
210,F,171.8,71.9,35.3,97.9,92.2,106.0,0.87,0.942,0.924,0.333,RECTANGLE,0.5,ansur2
211,F,158.8,54.8,35.6,87.3,78.3,97.4,0.804,0.897,0.896,0.366,PEAR,0.678,ansur2
212,F,152.0,48.5,35.4,84.4,70.7,87.7,0.806,0.838,0.962,0.404,HOURGLASS,0.768,ansur2
213,F,161.8,65.8,37.9,92.1,79.5,106.1,0.749,0.863,0.868,0.357,PEAR,0.775,ansur2
214,F,163.1,75.3,38.4,100.0,86.2,105.9,0.814,0.862,0.944,0.363,RECTANGLE,0.5,ansur2
215,F,164.2,63.6,35.6,93.8,92.9,97.4,0.954,0.99,0.963,0.366,APPLE,0.622,ansur2
216,F,171.9,75.2,39.8,95.2,85.8,105.6,0.812,0.901,0.902,0.377,PEAR,0.685,ansur2
217,F,171.5,75.5,40.4,93.1,78.4,106.7,0.735,0.842,0.873,0.379,PEAR,0.765,ansur2
218,F,165.3,46.9,38.3,81.4,63.2,83.2,0.76,0.776,0.978,0.46,HOURGLASS,0.88,ansur2
219,F,159.0,53.7,33.9,91.3,80.9,95.1,0.851,0.886,0.96,0.356,HOURGLASS,0.685,ansur2
220,F,175.1,75.8,38.6,95.0,91.2,107.1,0.852,0.96,0.887,0.36,PEAR,0.727,ansur2
221,F,158.3,67.9,34.8,95.0,94.1,107.9,0.872,0.991,0.88,0.323,APPLE,0.623,ansur2
222,F,162.7,68.4,34.5,91.5,85.4,105.5,0.809,0.933,0.867,0.327,PEAR,0.775,ansur2
223,F,158.6,67.7,39.8,92.3,88.5,100.4,0.881,0.959,0.919,0.396,RECTANGLE,0.5,ansur2
224,F,167.5,61.7,34.0,90.9,78.3,95.7,0.818,0.861,0.95,0.355,HOURGLASS,0.74,ansur2
225,F,160.6,71.7,35.8,98.6,92.7,104.5,0.887,0.94,0.944,0.343,RECTANGLE,0.5,ansur2
226,F,168.0,64.2,38.3,87.0,78.5,99.1,0.792,0.902,0.878,0.386,PEAR,0.727,ansur2
227,F,177.3,74.0,37.3,94.2,85.8,103.1,0.832,0.911,0.914,0.362,RECTANGLE,0.5,ansur2
228,F,168.0,79.2,37.8,110.5,95.8,101.5,0.944,0.867,1.089,0.372,INVERTED_TRIANGLE,0.65,ansur2
229,F,164.5,58.1,37.9,83.8,70.7,94.6,0.747,0.844,0.886,0.401,PEAR,0.695,ansur2
230,F,155.8,72.7,37.8,108.6,100.4,103.7,0.968,0.924,1.047,0.365,RECTANGLE,0.603,ansur2
231,F,166.5,70.4,34.0,98.5,90.5,105.5,0.858,0.919,0.934,0.322,RECTANGLE,0.5,ansur2
232,F,160.1,65.3,35.6,96.0,98.9,100.2,0.987,1.03,0.958,0.355,APPLE,0.673,ansur2
233,F,165.8,72.5,38.5,96.4,90.6,106.6,0.85,0.94,0.904,0.361,PEAR,0.68,ansur2
234,F,162.3,72.1,37.6,101.5,85.4,106.5,0.802,0.841,0.953,0.353,HOURGLASS,0.827,ansur2
235,F,166.1,56.1,36.1,86.2,73.8,93.2,0.792,0.856,0.925,0.387,RECTANGLE,0.5,ansur2
236,F,156.3,58.3,36.0,86.1,78.4,91.9,0.853,0.911,0.937,0.392,RECTANGLE,0.5,ansur2
237,F,163.0,67.7,37.0,92.7,87.1,98.9,0.881,0.94,0.937,0.374,RECTANGLE,0.5,ansur2
238,F,152.8,57.6,34.3,90.6,81.1,96.5,0.84,0.895,0.939,0.355,RECTANGLE,0.5,ansur2
239,F,165.3,55.9,37.0,84.7,72.8,92.3,0.789,0.86,0.918,0.401,RECTANGLE,0.5,ansur2
240,F,151.2,46.8,33.4,84.1,76.3,86.7,0.88,0.907,0.97,0.385,RECTANGLE,0.66,ansur2
241,F,162.9,56.7,36.8,85.5,79.3,95.0,0.835,0.927,0.9,0.387,PEAR,0.662,ansur2
242,F,167.5,82.0,38.5,107.2,100.1,109.3,0.916,0.934,0.981,0.352,RECTANGLE,0.673,ansur2
243,F,149.8,66.4,36.1,98.8,92.2,105.4,0.875,0.933,0.937,0.343,RECTANGLE,0.5,ansur2
244,F,153.8,62.6,38.0,98.4,82.9,101.9,0.814,0.842,0.966,0.373,HOURGLASS,0.812,ansur2
245,F,156.7,65.3,37.0,93.8,85.0,105.7,0.804,0.906,0.887,0.35,PEAR,0.723,ansur2
246,F,159.0,53.9,35.8,86.6,73.1,91.7,0.797,0.844,0.944,0.39,RECTANGLE,0.5,ansur2
247,F,157.3,75.0,36.1,106.3,99.6,104.2,0.956,0.937,1.02,0.346,RECTANGLE,0.673,ansur2
248,F,159.5,70.4,36.6,94.9,87.1,109.1,0.798,0.918,0.87,0.335,PEAR,0.78,ansur2
249,F,161.0,67.5,34.2,98.2,103.6,100.8,1.028,1.055,0.974,0.339,APPLE,0.735,ansur2
250,F,156.5,64.0,36.3,93.5,83.5,102.1,0.818,0.893,0.916,0.356,RECTANGLE,0.5,ansur2
251,F,152.3,47.0,33.7,84.5,66.5,88.4,0.752,0.787,0.956,0.381,HOURGLASS,0.875,ansur2
252,F,157.0,50.2,35.9,83.6,67.1,92.0,0.729,0.803,0.909,0.39,RECTANGLE,0.5,ansur2
253,F,155.6,59.7,36.6,94.9,76.9,97.7,0.787,0.81,0.971,0.375,HOURGLASS,0.875,ansur2
254,F,159.9,64.6,37.5,95.4,85.0,96.4,0.882,0.891,0.99,0.389,HOURGLASS,0.685,ansur2
255,F,161.1,72.6,36.1,94.0,93.6,105.1,0.891,0.996,0.894,0.343,APPLE,0.61,ansur2
256,F,168.1,63.1,38.0,91.5,75.8,96.5,0.785,0.828,0.948,0.394,HOURGLASS,0.818,ansur2
257,F,158.5,63.1,39.0,92.5,88.8,101.4,0.876,0.96,0.912,0.385,RECTANGLE,0.5,ansur2
258,F,161.4,66.0,36.4,103.2,94.1,102.2,0.921,0.912,1.01,0.356,RECTANGLE,0.7,ansur2
259,F,167.4,78.9,37.8,98.8,81.2,115.9,0.701,0.822,0.852,0.326,PEAR,0.853,ansur2
260,F,165.3,53.1,36.8,83.8,70.4,91.0,0.774,0.84,0.921,0.404,RECTANGLE,0.5,ansur2
261,F,159.3,70.8,34.6,99.2,102.7,105.7,0.972,1.035,0.939,0.327,APPLE,0.688,ansur2
262,F,159.2,62.5,36.9,96.9,88.5,96.9,0.913,0.913,1.0,0.381,RECTANGLE,0.725,ansur2
263,F,161.7,68.0,36.6,95.7,87.2,102.1,0.854,0.911,0.937,0.358,RECTANGLE,0.5,ansur2
264,F,158.9,73.4,33.7,109.3,104.1,112.6,0.925,0.952,0.971,0.299,RECTANGLE,0.643,ansur2
265,F,159.7,68.8,37.7,99.7,85.9,102.3,0.84,0.862,0.975,0.369,HOURGLASS,0.77,ansur2
266,F,169.8,84.0,36.2,109.0,102.2,111.5,0.917,0.938,0.978,0.325,RECTANGLE,0.662,ansur2
267,F,161.9,64.7,37.9,92.3,79.0,101.3,0.78,0.856,0.911,0.374,PEAR,0.65,ansur2
268,F,166.3,56.1,39.3,84.4,71.1,91.4,0.778,0.842,0.923,0.43,RECTANGLE,0.5,ansur2
269,F,160.6,73.5,35.9,101.1,94.1,107.7,0.874,0.931,0.939,0.333,RECTANGLE,0.5,ansur2
270,F,160.9,73.3,36.5,99.7,107.6,110.8,0.971,1.079,0.9,0.329,APPLE,0.797,ansur2
271,F,169.6,60.5,36.5,94.3,79.7,98.3,0.811,0.845,0.959,0.371,HOURGLASS,0.79,ansur2
272,F,172.3,72.2,35.8,93.4,90.4,106.3,0.85,0.968,0.879,0.337,PEAR,0.747,ansur2
273,F,174.8,90.8,39.7,103.1,97.9,113.5,0.863,0.95,0.908,0.35,PEAR,0.685,ansur2
274,F,169.5,76.0,36.3,98.5,88.8,111.4,0.797,0.902,0.884,0.326,PEAR,0.748,ansur2
275,F,164.8,60.6,38.4,93.5,76.9,96.9,0.794,0.822,0.965,0.396,HOURGLASS,0.84,ansur2
276,F,157.9,57.3,37.4,87.2,80.7,98.5,0.819,0.925,0.885,0.38,PEAR,0.707,ansur2
277,F,158.7,60.2,36.9,99.6,83.9,97.8,0.858,0.842,1.018,0.377,HOURGLASS,0.772,ansur2
278,F,160.4,66.9,35.9,99.4,97.5,106.3,0.917,0.981,0.935,0.338,APPLE,0.648,ansur2
279,F,160.3,82.9,37.1,113.1,112.7,113.1,0.996,0.996,1.0,0.328,APPLE,0.61,ansur2
280,F,171.2,76.5,37.2,96.6,93.0,111.5,0.834,0.963,0.866,0.334,PEAR,0.798,ansur2
281,F,162.8,67.1,36.6,90.8,90.7,100.6,0.902,0.999,0.903,0.364,APPLE,0.602,ansur2
282,F,152.0,58.9,37.3,98.5,91.9,100.4,0.915,0.933,0.981,0.372,RECTANGLE,0.677,ansur2
283,F,164.0,61.5,37.2,89.6,83.9,100.7,0.833,0.936,0.89,0.369,PEAR,0.703,ansur2
284,F,161.6,52.9,35.6,86.4,69.7,93.4,0.746,0.807,0.925,0.381,RECTANGLE,0.5,ansur2
285,F,168.4,84.7,37.8,109.5,108.8,115.8,0.94,0.994,0.946,0.326,APPLE,0.618,ansur2
286,F,164.9,59.6,36.2,89.0,80.5,97.1,0.829,0.904,0.917,0.373,RECTANGLE,0.5,ansur2
287,F,167.7,66.6,34.6,96.5,84.4,101.8,0.829,0.875,0.948,0.34,RECTANGLE,0.5,ansur2
288,F,165.3,67.6,36.8,95.8,91.5,101.1,0.905,0.955,0.948,0.364,RECTANGLE,0.5,ansur2
289,F,163.8,65.8,35.1,92.6,86.2,104.6,0.824,0.931,0.885,0.336,PEAR,0.725,ansur2
290,F,164.6,59.6,34.7,87.8,83.5,103.5,0.807,0.951,0.848,0.335,PEAR,0.818,ansur2
291,F,161.9,73.5,35.4,95.1,100.0,107.9,0.927,1.052,0.881,0.328,APPLE,0.723,ansur2
292,F,153.0,55.6,35.8,85.8,78.9,99.7,0.791,0.92,0.861,0.359,PEAR,0.773,ansur2
293,F,160.3,56.1,35.1,87.0,77.7,97.5,0.797,0.893,0.892,0.36,PEAR,0.688,ansur2
294,F,168.0,56.0,37.5,87.5,79.6,92.5,0.861,0.91,0.946,0.405,RECTANGLE,0.6,ansur2
295,F,160.2,87.1,38.7,113.9,101.7,114.2,0.891,0.893,0.997,0.339,HOURGLASS,0.73,ansur2
296,F,144.7,73.6,35.9,106.4,107.4,115.2,0.932,1.009,0.924,0.312,APPLE,0.625,ansur2
297,F,162.7,61.3,37.0,92.3,68.8,92.1,0.747,0.745,1.002,0.402,HOURGLASS,0.95,ansur2
298,F,159.4,50.5,37.5,86.1,71.3,92.1,0.774,0.828,0.935,0.407,RECTANGLE,0.5,ansur2
299,F,168.8,82.3,39.4,105.7,103.5,109.2,0.948,0.979,0.968,0.361,RECTANGLE,0.637,ansur2
300,F,154.7,56.1,36.9,89.6,82.7,94.2,0.878,0.923,0.951,0.392,RECTANGLE,0.61,ansur2
301,F,162.1,75.4,37.7,99.1,95.0,108.2,0.878,0.959,0.916,0.348,PEAR,0.653,ansur2
302,F,162.5,59.3,38.0,90.4,80.5,100.6,0.8,0.89,0.899,0.378,PEAR,0.68,ansur2
303,F,159.7,69.5,35.8,98.1,89.6,102.0,0.878,0.913,0.962,0.351,RECTANGLE,0.627,ansur2
304,F,160.2,82.0,37.0,104.6,90.5,111.8,0.809,0.865,0.936,0.331,RECTANGLE,0.5,ansur2
305,F,161.4,58.3,36.8,95.2,83.3,94.3,0.883,0.875,1.01,0.39,HOURGLASS,0.7,ansur2
306,F,174.3,92.0,38.8,106.7,105.5,120.6,0.875,0.989,0.885,0.322,APPLE,0.63,ansur2
307,F,160.3,84.1,39.4,110.5,107.1,114.6,0.935,0.969,0.964,0.344,RECTANGLE,0.623,ansur2
308,F,157.6,84.2,36.2,119.6,111.1,117.6,0.945,0.929,1.017,0.308,RECTANGLE,0.675,ansur2
309,F,161.9,66.0,39.4,99.9,87.1,102.2,0.852,0.872,0.977,0.386,HOURGLASS,0.745,ansur2
310,F,175.4,89.6,41.1,105.2,96.9,115.1,0.842,0.921,0.914,0.357,PEAR,0.672,ansur2
311,F,170.9,84.2,38.6,101.4,94.2,107.9,0.873,0.929,0.94,0.358,RECTANGLE,0.5,ansur2
312,F,178.9,84.5,37.2,104.8,96.4,111.7,0.863,0.92,0.938,0.333,RECTANGLE,0.5,ansur2
313,F,158.7,59.6,37.0,89.6,88.7,100.5,0.883,0.99,0.892,0.368,APPLE,0.622,ansur2
314,F,168.7,68.8,37.3,94.3,83.8,103.7,0.808,0.889,0.909,0.36,PEAR,0.66,ansur2
315,F,166.5,69.0,37.7,89.9,82.6,108.1,0.764,0.919,0.832,0.349,PEAR,0.88,ansur2
316,F,157.3,74.8,36.9,99.6,95.0,108.7,0.874,0.954,0.916,0.339,PEAR,0.653,ansur2
317,F,165.4,69.9,37.2,91.1,81.9,103.8,0.789,0.899,0.878,0.358,PEAR,0.743,ansur2
318,F,158.2,69.1,36.8,100.5,92.0,99.9,0.921,0.915,1.006,0.368,RECTANGLE,0.71,ansur2
319,F,157.5,56.6,35.9,87.3,74.4,97.7,0.762,0.852,0.894,0.367,PEAR,0.685,ansur2
320,F,160.0,69.9,37.1,97.6,88.0,102.6,0.858,0.902,0.951,0.362,HOURGLASS,0.665,ansur2
321,F,158.4,46.8,34.1,83.4,74.0,86.8,0.853,0.887,0.961,0.393,HOURGLASS,0.66,ansur2
322,F,153.5,70.1,35.5,98.6,82.9,112.1,0.74,0.841,0.88,0.317,PEAR,0.763,ansur2
323,F,159.3,83.2,36.8,106.2,102.9,110.0,0.935,0.969,0.965,0.335,RECTANGLE,0.63,ansur2
324,F,158.3,78.9,36.5,100.4,97.3,110.4,0.881,0.969,0.909,0.331,PEAR,0.675,ansur2
325,F,160.8,59.2,37.0,89.6,84.5,95.5,0.885,0.943,0.938,0.387,RECTANGLE,0.5,ansur2
326,F,166.3,58.3,38.1,86.1,82.8,96.1,0.862,0.962,0.896,0.396,PEAR,0.675,ansur2
327,F,160.9,74.6,37.8,95.1,102.0,111.3,0.916,1.073,0.854,0.34,APPLE,0.773,ansur2
328,F,151.3,42.8,31.1,77.2,67.5,87.1,0.775,0.874,0.886,0.357,PEAR,0.672,ansur2
329,F,170.4,85.3,38.1,103.4,100.7,114.0,0.883,0.974,0.907,0.334,PEAR,0.69,ansur2
330,F,170.8,66.4,34.8,89.9,85.8,99.7,0.861,0.954,0.902,0.349,PEAR,0.67,ansur2
331,F,150.6,57.7,33.8,95.5,80.4,97.3,0.826,0.842,0.982,0.347,HOURGLASS,0.802,ansur2
332,F,158.3,56.5,33.7,86.7,81.1,94.4,0.859,0.935,0.918,0.357,RECTANGLE,0.5,ansur2
333,F,173.1,71.4,38.6,97.1,86.4,103.0,0.839,0.89,0.943,0.375,RECTANGLE,0.5,ansur2
334,F,166.9,76.2,33.6,96.6,87.1,103.6,0.841,0.902,0.932,0.324,RECTANGLE,0.5,ansur2
335,F,164.0,55.6,38.1,80.0,82.4,93.3,0.883,1.03,0.857,0.408,APPLE,0.66,ansur2
336,F,161.3,56.1,35.5,81.2,72.4,90.9,0.796,0.892,0.893,0.391,PEAR,0.668,ansur2
337,F,164.0,64.1,38.7,94.6,84.9,98.8,0.859,0.897,0.957,0.392,HOURGLASS,0.667,ansur2
338,F,158.1,76.6,36.3,100.8,91.8,105.0,0.874,0.911,0.96,0.346,HOURGLASS,0.65,ansur2
339,F,166.4,70.2,37.4,97.1,82.9,98.7,0.84,0.854,0.984,0.379,HOURGLASS,0.78,ansur2
340,F,156.2,56.1,31.8,91.8,79.9,96.6,0.827,0.87,0.95,0.329,HOURGLASS,0.722,ansur2
341,F,172.2,81.2,37.8,98.7,101.7,110.1,0.924,1.03,0.896,0.343,APPLE,0.675,ansur2
342,F,156.4,72.5,34.7,96.9,90.0,107.3,0.839,0.929,0.903,0.323,PEAR,0.685,ansur2
343,F,158.9,68.6,37.6,97.9,91.7,103.9,0.883,0.937,0.942,0.362,RECTANGLE,0.5,ansur2
344,F,178.9,92.4,40.5,101.7,97.0,116.5,0.833,0.954,0.873,0.348,PEAR,0.795,ansur2
345,F,160.8,66.2,36.2,105.8,88.4,94.4,0.936,0.836,1.121,0.383,INVERTED_TRIANGLE,0.71,ansur2
346,F,159.5,56.2,35.7,88.7,79.6,97.3,0.818,0.897,0.912,0.367,RECTANGLE,0.5,ansur2
347,F,159.0,56.4,34.9,85.9,78.5,93.8,0.837,0.914,0.916,0.372,RECTANGLE,0.5,ansur2
348,F,157.5,65.3,37.6,98.0,87.0,98.5,0.883,0.888,0.995,0.382,HOURGLASS,0.7,ansur2
349,F,153.9,67.9,32.8,103.7,90.5,108.3,0.836,0.873,0.958,0.303,HOURGLASS,0.755,ansur2
350,F,165.4,77.7,36.7,98.4,95.8,110.0,0.871,0.974,0.895,0.334,PEAR,0.715,ansur2
351,F,161.6,63.2,35.5,95.9,85.5,102.1,0.837,0.892,0.939,0.348,RECTANGLE,0.5,ansur2
352,F,164.6,69.7,38.4,98.8,86.9,101.0,0.86,0.88,0.978,0.38,HOURGLASS,0.722,ansur2
353,F,154.8,68.1,35.9,90.0,87.5,106.4,0.822,0.972,0.846,0.337,PEAR,0.835,ansur2
354,F,161.7,57.0,36.4,82.7,72.2,98.5,0.733,0.873,0.84,0.37,PEAR,0.82,ansur2
355,F,152.7,74.2,37.8,108.9,103.4,108.9,0.949,0.949,1.0,0.347,RECTANGLE,0.725,ansur2
356,F,165.3,58.9,35.9,89.5,75.7,90.8,0.834,0.846,0.986,0.395,HOURGLASS,0.77,ansur2
357,F,160.6,75.0,37.3,102.4,99.5,103.5,0.961,0.972,0.989,0.36,RECTANGLE,0.698,ansur2
358,F,170.0,74.4,38.2,94.8,81.2,102.9,0.789,0.857,0.921,0.371,RECTANGLE,0.5,ansur2
359,F,167.2,81.5,36.0,113.1,95.4,111.9,0.853,0.844,1.011,0.322,HOURGLASS,0.838,ansur2
360,F,172.8,76.5,39.2,98.8,92.8,103.9,0.893,0.939,0.951,0.377,RECTANGLE,0.5,ansur2
361,F,167.7,82.7,37.4,109.8,104.9,108.2,0.97,0.955,1.015,0.346,RECTANGLE,0.685,ansur2
362,F,179.0,79.3,39.0,103.3,95.8,106.4,0.9,0.927,0.971,0.367,RECTANGLE,0.647,ansur2
363,F,164.3,73.5,37.5,96.0,91.2,108.4,0.841,0.95,0.886,0.346,PEAR,0.735,ansur2
364,F,158.4,62.0,35.4,95.5,82.2,98.9,0.831,0.861,0.966,0.358,HOURGLASS,0.757,ansur2
365,F,158.3,65.9,36.8,102.3,93.5,100.4,0.931,0.914,1.019,0.367,RECTANGLE,0.678,ansur2
366,F,164.0,70.5,38.7,100.0,95.7,103.7,0.923,0.957,0.964,0.373,RECTANGLE,0.632,ansur2
367,F,156.2,49.3,35.6,86.6,70.7,91.1,0.776,0.816,0.951,0.391,HOURGLASS,0.822,ansur2
368,F,165.0,64.3,37.5,88.1,77.1,100.1,0.77,0.875,0.88,0.375,PEAR,0.725,ansur2
369,F,165.6,65.4,37.3,95.0,80.6,100.9,0.799,0.848,0.942,0.37,RECTANGLE,0.5,ansur2
370,F,162.4,65.5,35.3,102.0,100.2,99.8,1.004,0.982,1.022,0.354,APPLE,0.61,ansur2
371,F,163.1,85.6,39.5,115.9,104.4,113.8,0.917,0.901,1.018,0.347,HOURGLASS,0.66,ansur2
372,F,171.5,63.2,39.1,86.6,81.5,97.5,0.836,0.941,0.888,0.401,PEAR,0.698,ansur2
373,F,160.7,64.8,37.2,90.8,75.2,104.8,0.718,0.828,0.866,0.355,PEAR,0.775,ansur2
374,F,160.0,60.4,37.1,88.3,83.1,94.1,0.883,0.941,0.938,0.394,RECTANGLE,0.5,ansur2
375,F,157.1,70.2,35.8,99.3,88.0,109.9,0.801,0.886,0.904,0.326,PEAR,0.69,ansur2
376,F,160.3,65.9,36.3,92.0,81.7,106.2,0.769,0.888,0.866,0.342,PEAR,0.78,ansur2
377,F,159.9,77.1,34.9,112.2,93.8,107.5,0.873,0.836,1.044,0.325,HOURGLASS,0.768,ansur2
378,F,160.2,52.4,35.3,82.9,79.7,96.4,0.827,0.961,0.86,0.366,PEAR,0.763,ansur2
379,F,164.2,68.5,35.2,92.5,77.3,103.6,0.746,0.836,0.893,0.34,PEAR,0.702,ansur2
380,F,171.5,101.7,38.8,109.6,110.3,123.7,0.892,1.006,0.886,0.314,APPLE,0.618,ansur2
381,F,163.4,48.7,34.9,86.2,67.9,88.3,0.769,0.788,0.976,0.395,HOURGLASS,0.882,ansur2
382,F,165.7,82.4,37.1,105.9,105.5,118.4,0.891,0.996,0.894,0.313,APPLE,0.61,ansur2
383,F,162.6,72.4,33.2,108.6,85.6,100.0,0.856,0.788,1.086,0.332,RECTANGLE,0.5,ansur2
384,F,153.6,61.7,37.4,96.8,86.8,96.7,0.898,0.897,1.001,0.387,HOURGLASS,0.673,ansur2
385,F,169.8,69.6,35.4,90.8,81.8,106.8,0.766,0.901,0.85,0.331,PEAR,0.825,ansur2
386,F,165.2,75.3,37.9,95.6,84.6,104.7,0.808,0.885,0.913,0.362,PEAR,0.653,ansur2
387,F,161.1,78.5,36.5,104.3,103.2,114.8,0.899,0.989,0.909,0.318,APPLE,0.627,ansur2
388,F,176.4,81.2,38.6,100.3,91.1,112.8,0.808,0.908,0.889,0.342,PEAR,0.738,ansur2
389,F,158.6,48.5,37.2,82.5,65.0,91.2,0.713,0.788,0.905,0.408,RECTANGLE,0.5,ansur2
390,F,159.2,59.5,35.5,89.9,80.4,99.1,0.811,0.894,0.907,0.358,PEAR,0.655,ansur2
391,F,178.2,74.0,38.1,95.8,88.0,103.4,0.851,0.919,0.926,0.368,RECTANGLE,0.5,ansur2
392,F,170.8,79.9,38.0,102.8,97.0,106.3,0.913,0.944,0.967,0.357,RECTANGLE,0.637,ansur2
393,F,165.0,64.5,36.9,95.7,84.1,98.6,0.853,0.879,0.971,0.374,HOURGLASS,0.715,ansur2
394,F,161.2,72.5,37.0,100.7,94.9,110.1,0.862,0.942,0.915,0.336,PEAR,0.66,ansur2
395,F,166.0,60.0,37.2,84.2,76.6,96.0,0.798,0.91,0.877,0.388,PEAR,0.72,ansur2
396,F,162.9,63.0,36.2,88.4,81.1,99.4,0.816,0.917,0.889,0.364,PEAR,0.7,ansur2
397,F,163.0,76.2,38.6,99.2,97.8,104.7,0.934,0.986,0.947,0.369,APPLE,0.635,ansur2
398,F,174.3,69.6,36.3,91.3,73.8,102.4,0.721,0.808,0.892,0.354,PEAR,0.703,ansur2
399,F,168.8,81.8,38.2,115.2,100.1,106.7,0.938,0.869,1.08,0.358,RECTANGLE,0.5,ansur2
400,F,158.0,50.8,36.6,83.6,70.5,88.8,0.794,0.843,0.941,0.412,RECTANGLE,0.5,ansur2
401,F,161.0,66.5,36.1,95.7,90.1,98.5,0.915,0.941,0.972,0.366,RECTANGLE,0.655,ansur2
402,F,155.6,40.0,33.1,75.7,62.0,83.2,0.745,0.819,0.91,0.398,RECTANGLE,0.5,ansur2
403,F,158.5,73.6,36.6,98.5,100.0,108.1,0.925,1.015,0.911,0.339,APPLE,0.637,ansur2
404,F,168.5,77.0,37.4,103.6,95.2,103.4,0.921,0.919,1.002,0.362,RECTANGLE,0.72,ansur2
405,F,159.2,63.0,35.8,94.3,82.3,99.9,0.824,0.873,0.944,0.358,RECTANGLE,0.5,ansur2
406,F,169.8,76.1,37.4,96.0,91.9,107.6,0.854,0.957,0.892,0.348,PEAR,0.715,ansur2
407,F,164.8,69.0,36.5,87.5,88.6,105.1,0.843,1.013,0.833,0.347,APPLE,0.627,ansur2
408,F,157.5,57.3,35.2,87.9,79.1,95.0,0.833,0.9,0.925,0.371,RECTANGLE,0.5,ansur2
409,F,160.2,61.7,36.2,93.5,79.4,98.3,0.808,0.849,0.951,0.368,HOURGLASS,0.777,ansur2
410,F,166.9,66.3,37.0,88.6,82.2,102.5,0.802,0.928,0.864,0.361,PEAR,0.773,ansur2
411,F,163.7,85.0,37.5,101.8,99.6,112.8,0.883,0.978,0.902,0.332,PEAR,0.7,ansur2
412,F,169.0,60.1,36.9,92.9,79.8,96.2,0.83,0.859,0.966,0.384,HOURGLASS,0.753,ansur2
413,F,166.4,65.5,36.2,93.5,79.5,103.9,0.765,0.85,0.9,0.348,PEAR,0.685,ansur2
414,F,171.0,71.6,36.9,93.2,94.0,105.0,0.895,1.009,0.888,0.351,APPLE,0.62,ansur2
415,F,159.6,61.1,36.1,90.6,71.6,97.3,0.736,0.79,0.931,0.371,RECTANGLE,0.5,ansur2
416,F,165.6,100.0,38.5,115.0,116.4,125.0,0.931,1.012,0.92,0.308,APPLE,0.635,ansur2
417,F,158.6,79.1,37.6,99.1,87.0,114.7,0.759,0.878,0.864,0.328,PEAR,0.815,ansur2
418,F,165.3,67.6,36.8,100.0,88.6,104.1,0.851,0.886,0.961,0.354,HOURGLASS,0.71,ansur2
419,F,166.1,74.0,35.4,104.5,83.1,104.6,0.794,0.795,0.999,0.338,HOURGLASS,0.95,ansur2
420,F,149.5,50.1,33.6,86.2,74.9,90.4,0.829,0.869,0.954,0.372,HOURGLASS,0.707,ansur2
421,F,163.3,58.7,38.9,90.0,81.1,97.0,0.836,0.901,0.928,0.401,RECTANGLE,0.5,ansur2
422,F,165.2,69.6,37.8,97.6,85.0,107.0,0.794,0.871,0.912,0.353,PEAR,0.66,ansur2
423,F,159.6,59.9,35.7,89.9,77.9,103.0,0.756,0.867,0.873,0.347,PEAR,0.752,ansur2
424,F,171.5,80.9,40.0,100.3,100.9,107.6,0.938,1.006,0.932,0.372,APPLE,0.615,ansur2
425,F,172.4,78.8,39.9,99.5,93.9,108.0,0.869,0.944,0.921,0.369,RECTANGLE,0.5,ansur2
426,F,174.1,79.7,39.7,95.5,90.7,113.7,0.798,0.95,0.84,0.349,PEAR,0.88,ansur2
427,F,170.7,74.6,40.3,91.0,85.1,110.5,0.77,0.935,0.824,0.365,PEAR,0.913,ansur2
428,F,168.4,74.0,35.2,94.5,91.7,110.0,0.834,0.97,0.859,0.32,PEAR,0.812,ansur2
429,F,158.6,56.9,35.3,89.2,78.0,93.6,0.833,0.874,0.953,0.377,HOURGLASS,0.705,ansur2
430,F,161.1,82.9,38.3,106.6,104.6,111.4,0.939,0.981,0.957,0.344,APPLE,0.65,ansur2
431,F,165.8,77.0,36.1,104.0,93.9,103.8,0.905,0.903,1.002,0.348,HOURGLASS,0.672,ansur2
432,F,167.3,75.1,38.3,98.0,90.9,110.8,0.82,0.928,0.884,0.346,PEAR,0.745,ansur2
433,F,177.0,88.9,37.7,110.0,107.6,117.1,0.919,0.978,0.939,0.322,RECTANGLE,0.5,ansur2
434,F,157.4,66.1,36.4,87.2,79.9,104.0,0.768,0.916,0.838,0.35,PEAR,0.845,ansur2
435,F,171.5,84.2,40.4,105.9,100.9,115.1,0.877,0.953,0.92,0.351,PEAR,0.655,ansur2
436,F,152.5,55.8,34.3,85.2,86.5,98.6,0.877,1.015,0.864,0.348,APPLE,0.632,ansur2
437,F,165.0,98.3,39.2,114.2,115.4,119.5,0.966,1.011,0.956,0.328,APPLE,0.63,ansur2
438,F,153.7,53.5,33.3,87.0,81.4,95.5,0.852,0.936,0.911,0.349,RECTANGLE,0.5,ansur2
439,F,156.8,58.1,35.3,88.0,80.1,97.3,0.823,0.91,0.904,0.363,PEAR,0.657,ansur2
440,F,156.9,68.4,37.9,89.2,83.0,100.4,0.827,0.93,0.888,0.377,PEAR,0.705,ansur2
441,F,171.1,72.5,39.0,95.7,80.7,103.6,0.779,0.843,0.924,0.376,RECTANGLE,0.5,ansur2
442,F,163.9,75.7,37.5,107.0,107.3,106.0,1.012,1.003,1.009,0.354,APPLE,0.632,ansur2
443,F,163.8,73.3,36.7,96.2,94.6,107.5,0.88,0.983,0.895,0.341,APPLE,0.64,ansur2
444,F,175.6,70.4,38.3,93.0,84.5,105.3,0.802,0.909,0.883,0.364,PEAR,0.732,ansur2
445,F,161.8,59.0,38.1,89.5,74.8,96.6,0.774,0.836,0.927,0.394,RECTANGLE,0.5,ansur2
446,F,174.5,83.5,40.1,105.0,100.3,111.4,0.9,0.955,0.943,0.36,RECTANGLE,0.5,ansur2
447,F,156.9,63.5,35.5,92.5,81.4,104.3,0.78,0.88,0.887,0.34,PEAR,0.72,ansur2
448,F,166.8,54.6,35.8,89.5,78.2,92.5,0.845,0.874,0.968,0.387,HOURGLASS,0.707,ansur2
449,F,161.9,61.0,38.2,89.5,78.0,99.0,0.788,0.872,0.904,0.386,PEAR,0.662,ansur2
450,F,165.7,82.0,38.7,110.1,101.6,110.3,0.921,0.923,0.998,0.351,RECTANGLE,0.72,ansur2
451,F,162.8,68.5,38.6,91.0,84.7,101.7,0.833,0.931,0.895,0.38,PEAR,0.693,ansur2
452,F,166.0,57.4,35.5,90.3,80.3,94.5,0.85,0.889,0.956,0.376,HOURGLASS,0.675,ansur2
453,F,168.3,61.6,37.3,87.8,73.3,95.3,0.769,0.835,0.921,0.391,RECTANGLE,0.5,ansur2
454,F,167.2,67.8,38.0,84.6,86.6,101.7,0.852,1.024,0.832,0.374,APPLE,0.65,ansur2
455,F,162.3,55.8,34.4,83.6,74.5,93.7,0.795,0.891,0.892,0.367,PEAR,0.678,ansur2
456,F,167.2,58.8,39.0,87.0,70.5,91.7,0.769,0.81,0.949,0.425,HOURGLASS,0.838,ansur2
457,F,161.9,59.1,36.1,86.9,78.4,98.4,0.797,0.902,0.883,0.367,PEAR,0.713,ansur2
458,F,155.8,51.1,34.7,79.4,71.2,94.8,0.751,0.897,0.838,0.366,PEAR,0.81,ansur2
459,F,164.9,59.1,37.0,84.5,74.2,95.1,0.78,0.878,0.889,0.389,PEAR,0.69,ansur2
460,F,173.0,67.1,38.7,88.0,80.5,102.2,0.788,0.915,0.861,0.379,PEAR,0.78,ansur2
461,F,152.7,52.2,34.3,84.3,73.0,91.7,0.796,0.866,0.919,0.374,RECTANGLE,0.5,ansur2
462,F,167.0,56.5,38.7,83.8,76.1,94.0,0.81,0.908,0.891,0.412,PEAR,0.68,ansur2
463,F,158.3,77.4,38.3,107.7,100.0,108.4,0.923,0.929,0.994,0.353,RECTANGLE,0.707,ansur2
464,F,164.3,73.0,36.4,96.3,88.5,103.8,0.853,0.919,0.928,0.351,RECTANGLE,0.5,ansur2
465,F,171.7,66.9,36.2,101.2,80.0,102.0,0.784,0.791,0.992,0.355,HOURGLASS,0.95,ansur2
466,F,162.3,71.8,38.8,100.0,94.5,109.8,0.861,0.945,0.911,0.353,PEAR,0.67,ansur2
467,F,163.0,59.4,36.4,86.0,81.0,96.4,0.84,0.942,0.892,0.378,PEAR,0.685,ansur2
468,F,171.0,68.0,38.6,92.5,80.8,99.5,0.812,0.874,0.93,0.388,RECTANGLE,0.5,ansur2
469,F,173.0,77.9,38.5,100.2,96.1,110.2,0.872,0.959,0.909,0.349,PEAR,0.675,ansur2
470,F,172.5,69.5,37.6,96.0,77.2,104.4,0.739,0.804,0.92,0.36,RECTANGLE,0.5,ansur2
471,F,168.0,75.5,37.2,95.7,92.8,107.5,0.863,0.97,0.89,0.346,PEAR,0.72,ansur2
472,F,168.2,64.5,35.6,92.2,88.9,101.1,0.879,0.964,0.912,0.352,RECTANGLE,0.5,ansur2
473,F,168.0,84.3,38.5,115.7,105.0,104.5,1.005,0.908,1.107,0.368,APPLE,0.612,ansur2
474,F,182.9,68.8,39.4,91.5,77.7,99.7,0.779,0.849,0.918,0.395,RECTANGLE,0.5,ansur2
475,F,167.5,64.3,38.7,88.5,86.6,101.2,0.856,0.979,0.875,0.382,APPLE,0.648,ansur2
476,F,172.7,68.9,39.9,104.0,84.2,100.6,0.837,0.81,1.034,0.397,HOURGLASS,0.835,ansur2
477,F,161.5,65.1,35.3,100.3,84.2,95.6,0.881,0.839,1.049,0.369,HOURGLASS,0.71,ansur2
478,F,149.7,46.0,34.0,83.7,69.0,85.0,0.812,0.824,0.985,0.4,HOURGLASS,0.793,ansur2
479,F,161.3,61.0,33.9,87.1,75.0,103.7,0.723,0.861,0.84,0.327,PEAR,0.84,ansur2
480,F,177.1,92.5,40.1,111.5,95.0,113.7,0.836,0.852,0.981,0.353,HOURGLASS,0.838,ansur2
481,F,158.8,66.6,35.7,92.4,82.9,101.0,0.821,0.897,0.915,0.353,RECTANGLE,0.5,ansur2
482,F,173.6,82.1,39.6,99.7,99.5,107.5,0.926,0.998,0.927,0.368,APPLE,0.605,ansur2
483,F,166.4,59.1,34.6,87.0,76.7,101.4,0.756,0.882,0.858,0.341,PEAR,0.785,ansur2
484,F,158.4,72.2,37.6,102.5,89.8,108.6,0.827,0.876,0.944,0.346,RECTANGLE,0.5,ansur2
485,F,171.2,77.0,37.7,100.6,94.0,109.7,0.857,0.934,0.917,0.344,PEAR,0.653,ansur2
486,F,165.8,61.7,37.5,87.6,78.7,97.8,0.805,0.898,0.896,0.383,PEAR,0.68,ansur2
487,F,164.6,68.5,37.0,93.3,81.2,105.6,0.769,0.87,0.884,0.35,PEAR,0.732,ansur2
488,F,172.3,68.9,39.1,96.6,82.0,102.6,0.799,0.849,0.942,0.381,RECTANGLE,0.5,ansur2
489,F,157.8,58.7,35.0,90.0,81.3,100.2,0.811,0.903,0.898,0.349,PEAR,0.68,ansur2
490,F,167.1,74.2,37.1,104.0,84.5,105.9,0.798,0.812,0.982,0.35,HOURGLASS,0.913,ansur2
491,F,158.0,82.0,37.5,104.5,101.1,113.6,0.89,0.967,0.92,0.33,PEAR,0.652,ansur2
492,F,158.4,55.7,37.1,92.5,75.8,96.7,0.784,0.819,0.957,0.384,HOURGLASS,0.843,ansur2
493,F,167.0,64.8,36.6,97.5,81.4,92.8,0.877,0.835,1.051,0.394,HOURGLASS,0.71,ansur2
494,F,158.5,56.6,35.3,91.0,77.0,94.6,0.814,0.846,0.962,0.373,HOURGLASS,0.775,ansur2
495,F,163.8,58.4,37.6,95.2,80.9,94.4,0.857,0.85,1.008,0.398,HOURGLASS,0.763,ansur2
496,F,158.9,59.9,34.7,90.7,81.7,101.3,0.807,0.901,0.895,0.343,PEAR,0.69,ansur2
497,F,165.9,78.5,38.0,108.9,93.8,106.0,0.885,0.861,1.027,0.358,HOURGLASS,0.73,ansur2
498,F,155.0,65.4,35.5,94.3,84.5,101.5,0.833,0.896,0.929,0.35,RECTANGLE,0.5,ansur2
499,F,173.0,83.8,37.0,104.7,99.5,106.8,0.932,0.95,0.98,0.346,RECTANGLE,0.673,ansur2
500,F,150.0,64.4,33.0,102.7,90.7,107.4,0.845,0.883,0.956,0.307,HOURGLASS,0.725,ansur2
501,F,161.5,80.9,39.6,103.8,98.3,106.2,0.926,0.947,0.977,0.373,RECTANGLE,0.665,ansur2
502,F,164.5,67.7,37.2,90.6,80.1,104.2,0.769,0.884,0.869,0.357,PEAR,0.765,ansur2
503,F,172.7,84.7,39.2,109.5,102.9,109.6,0.939,0.94,0.999,0.358,RECTANGLE,0.723,ansur2
504,F,166.7,78.1,37.6,103.2,105.2,109.6,0.96,1.019,0.942,0.343,APPLE,0.65,ansur2
505,F,151.9,55.2,36.2,98.1,84.8,90.1,0.941,0.864,1.089,0.402,RECTANGLE,0.5,ansur2
506,F,170.0,83.2,40.0,111.3,95.5,105.4,0.906,0.858,1.056,0.38,RECTANGLE,0.5,ansur2
507,F,162.8,69.4,38.4,86.0,80.7,106.9,0.755,0.938,0.804,0.359,PEAR,0.948,ansur2
508,F,160.0,78.6,39.4,106.8,85.5,110.2,0.776,0.801,0.969,0.358,HOURGLASS,0.95,ansur2
509,F,174.7,85.1,38.9,102.5,96.9,108.2,0.896,0.945,0.947,0.36,RECTANGLE,0.5,ansur2
510,F,158.3,67.8,35.2,92.5,90.0,106.1,0.848,0.973,0.872,0.332,PEAR,0.765,ansur2
511,F,166.2,64.5,36.0,92.7,80.0,99.0,0.808,0.863,0.936,0.364,RECTANGLE,0.5,ansur2
512,F,169.7,61.8,36.3,87.3,72.0,95.2,0.756,0.825,0.917,0.381,RECTANGLE,0.5,ansur2
513,F,173.2,84.3,36.9,94.8,94.2,105.1,0.896,0.994,0.902,0.351,APPLE,0.615,ansur2
514,F,164.7,79.3,40.4,98.2,101.5,110.6,0.918,1.034,0.888,0.365,APPLE,0.682,ansur2
515,F,158.9,72.7,37.0,102.9,101.9,103.5,0.985,0.99,0.994,0.357,APPLE,0.625,ansur2
516,F,154.5,64.5,37.4,96.5,82.9,102.9,0.806,0.859,0.938,0.363,RECTANGLE,0.5,ansur2
517,F,165.9,75.5,40.4,102.8,93.7,105.3,0.89,0.911,0.976,0.384,HOURGLASS,0.652,ansur2
518,F,152.2,55.5,36.8,89.1,88.5,95.0,0.932,0.993,0.938,0.387,APPLE,0.615,ansur2
519,F,165.1,77.9,37.6,99.7,81.6,108.5,0.752,0.818,0.919,0.347,RECTANGLE,0.5,ansur2
520,F,176.7,76.3,37.8,101.6,92.2,105.9,0.871,0.907,0.959,0.357,HOURGLASS,0.66,ansur2
521,F,160.8,78.5,35.3,100.8,96.5,111.6,0.865,0.957,0.903,0.316,PEAR,0.695,ansur2
522,F,160.5,71.7,36.9,99.7,93.1,108.6,0.857,0.934,0.918,0.34,RECTANGLE,0.5,ansur2
523,F,173.4,67.4,37.2,90.2,89.5,100.3,0.892,0.992,0.899,0.371,APPLE,0.618,ansur2
524,F,166.1,73.0,34.7,97.2,82.9,110.5,0.75,0.853,0.88,0.314,PEAR,0.757,ansur2
525,F,158.9,75.4,35.5,96.0,98.0,113.7,0.862,1.021,0.844,0.312,APPLE,0.65,ansur2
526,F,174.1,77.6,36.9,91.2,80.0,107.6,0.743,0.877,0.848,0.343,PEAR,0.835,ansur2
527,F,167.0,81.0,37.0,107.9,101.2,108.5,0.933,0.938,0.994,0.341,RECTANGLE,0.71,ansur2
528,F,168.0,66.7,36.9,86.5,80.1,103.0,0.778,0.926,0.84,0.358,PEAR,0.838,ansur2
529,F,173.6,79.1,39.2,95.7,91.5,113.0,0.81,0.956,0.847,0.347,PEAR,0.857,ansur2
530,F,168.2,76.3,38.7,99.0,93.7,105.8,0.886,0.946,0.936,0.366,RECTANGLE,0.5,ansur2
531,F,171.4,65.0,39.6,93.6,81.1,99.7,0.813,0.866,0.939,0.397,RECTANGLE,0.5,ansur2
532,F,154.6,51.3,34.2,85.6,69.1,88.8,0.778,0.807,0.964,0.385,HOURGLASS,0.838,ansur2
533,F,163.4,59.1,36.3,91.7,81.3,95.3,0.853,0.887,0.962,0.381,HOURGLASS,0.685,ansur2
534,F,156.8,65.8,35.4,93.0,89.0,103.2,0.862,0.957,0.901,0.343,PEAR,0.68,ansur2
535,F,153.6,50.4,33.7,87.6,78.2,91.5,0.855,0.893,0.957,0.368,HOURGLASS,0.66,ansur2
536,F,158.4,68.5,37.1,96.2,92.7,102.8,0.902,0.964,0.936,0.361,RECTANGLE,0.5,ansur2
537,F,164.6,62.9,37.0,88.2,87.4,98.1,0.891,0.991,0.899,0.377,APPLE,0.62,ansur2
538,F,166.4,56.8,35.1,89.1,76.5,93.5,0.818,0.859,0.953,0.375,HOURGLASS,0.74,ansur2
539,F,165.8,66.1,37.9,90.2,80.0,96.5,0.829,0.887,0.935,0.393,RECTANGLE,0.5,ansur2
540,F,173.8,68.3,39.5,91.0,73.4,100.3,0.732,0.807,0.907,0.394,PEAR,0.657,ansur2
541,F,174.5,79.1,39.4,92.3,77.5,106.5,0.728,0.84,0.867,0.37,PEAR,0.78,ansur2
542,F,159.5,90.7,38.1,107.2,106.1,122.0,0.87,0.99,0.879,0.312,APPLE,0.628,ansur2
543,F,162.5,78.3,38.1,98.7,92.6,109.7,0.844,0.938,0.9,0.347,PEAR,0.7,ansur2
544,F,162.3,70.9,36.4,96.7,86.5,105.7,0.818,0.895,0.915,0.344,PEAR,0.65,ansur2
545,F,151.8,50.9,34.4,84.1,75.2,91.5,0.822,0.894,0.919,0.376,RECTANGLE,0.5,ansur2
546,F,152.5,62.3,35.6,100.8,87.7,99.0,0.886,0.87,1.018,0.36,HOURGLASS,0.707,ansur2
547,F,155.7,66.4,34.6,91.9,90.0,105.3,0.855,0.979,0.873,0.329,APPLE,0.648,ansur2
548,F,173.0,92.1,38.0,109.3,105.4,111.3,0.947,0.964,0.982,0.341,RECTANGLE,0.675,ansur2
549,F,160.1,67.1,35.9,98.3,90.3,103.5,0.872,0.919,0.95,0.347,RECTANGLE,0.5,ansur2
550,F,159.7,54.7,35.4,83.9,72.8,93.8,0.776,0.868,0.894,0.377,PEAR,0.672,ansur2
551,F,174.3,78.4,39.6,102.7,94.7,103.4,0.916,0.922,0.993,0.383,RECTANGLE,0.707,ansur2
552,F,168.3,59.0,37.0,92.5,75.4,96.0,0.785,0.815,0.964,0.385,HOURGLASS,0.852,ansur2
553,F,175.2,76.3,39.1,101.5,92.1,100.5,0.916,0.907,1.01,0.389,RECTANGLE,0.7,ansur2
554,F,161.8,70.9,35.1,96.7,85.1,107.5,0.792,0.88,0.9,0.327,PEAR,0.695,ansur2
555,F,162.0,70.3,34.8,101.8,85.1,104.0,0.818,0.836,0.979,0.335,HOURGLASS,0.843,ansur2
556,F,164.9,58.1,37.7,86.2,79.0,94.9,0.832,0.916,0.908,0.397,RECTANGLE,0.5,ansur2
557,F,170.9,59.3,40.3,84.6,76.4,92.2,0.829,0.903,0.918,0.437,RECTANGLE,0.5,ansur2
558,F,158.7,75.3,34.8,104.4,99.2,105.9,0.937,0.95,0.986,0.329,RECTANGLE,0.688,ansur2
559,F,163.2,66.2,37.4,91.7,81.6,95.5,0.854,0.89,0.96,0.392,HOURGLASS,0.678,ansur2
560,F,152.7,68.3,34.0,105.7,96.5,102.7,0.94,0.913,1.029,0.331,RECTANGLE,0.65,ansur2
561,F,166.0,75.8,36.8,103.4,97.5,102.1,0.955,0.943,1.013,0.36,RECTANGLE,0.692,ansur2
562,F,163.2,61.3,38.4,86.4,73.4,98.0,0.749,0.85,0.882,0.392,PEAR,0.715,ansur2
563,F,174.2,73.0,38.3,94.2,82.0,103.4,0.793,0.87,0.911,0.37,PEAR,0.655,ansur2
564,F,170.9,70.0,35.0,88.5,84.8,103.1,0.823,0.958,0.858,0.339,PEAR,0.79,ansur2
565,F,161.9,75.1,36.7,104.8,92.5,103.3,0.895,0.883,1.015,0.355,HOURGLASS,0.695,ansur2
566,F,167.5,73.8,38.2,99.6,92.7,100.9,0.919,0.931,0.987,0.379,RECTANGLE,0.692,ansur2
567,F,163.4,64.2,33.4,98.8,83.7,100.4,0.834,0.847,0.984,0.333,HOURGLASS,0.802,ansur2
568,F,167.9,59.5,37.6,89.2,80.2,98.0,0.818,0.899,0.91,0.384,RECTANGLE,0.5,ansur2
569,F,161.4,56.9,36.6,84.8,84.6,94.5,0.895,0.998,0.897,0.387,APPLE,0.605,ansur2
570,F,168.4,59.6,37.3,86.1,77.8,98.3,0.791,0.904,0.876,0.379,PEAR,0.73,ansur2
571,F,159.7,63.1,37.5,93.7,85.3,96.8,0.881,0.91,0.968,0.387,RECTANGLE,0.648,ansur2
572,F,161.0,58.9,35.1,85.5,73.0,95.7,0.763,0.854,0.893,0.367,PEAR,0.68,ansur2
573,F,168.8,74.6,40.1,94.3,88.6,110.0,0.805,0.94,0.857,0.365,PEAR,0.818,ansur2
574,F,172.5,86.4,38.9,99.7,92.9,115.7,0.803,0.932,0.862,0.336,PEAR,0.825,ansur2
575,F,160.9,60.8,38.7,93.6,90.0,94.6,0.951,0.962,0.989,0.409,RECTANGLE,0.7,ansur2
576,F,158.5,50.4,35.5,81.0,75.9,90.6,0.838,0.937,0.894,0.392,PEAR,0.665,ansur2
577,F,156.2,54.9,34.8,88.7,81.6,95.6,0.854,0.92,0.928,0.364,RECTANGLE,0.5,ansur2
578,F,154.7,53.0,34.4,89.7,77.0,91.6,0.841,0.858,0.979,0.376,HOURGLASS,0.743,ansur2
579,F,161.1,69.2,36.6,96.1,89.5,103.6,0.864,0.931,0.928,0.353,RECTANGLE,0.5,ansur2
580,F,174.0,71.3,39.4,100.4,88.0,99.1,0.888,0.876,1.013,0.398,HOURGLASS,0.702,ansur2
581,F,155.5,70.5,35.5,97.2,90.4,107.9,0.838,0.93,0.901,0.329,PEAR,0.693,ansur2
582,F,165.0,69.9,37.0,97.1,93.8,102.3,0.917,0.966,0.949,0.362,RECTANGLE,0.5,ansur2
583,F,158.3,65.9,37.5,91.3,90.6,103.0,0.88,0.992,0.886,0.364,APPLE,0.618,ansur2
584,F,164.7,63.2,35.9,85.8,75.0,100.5,0.746,0.874,0.854,0.357,PEAR,0.793,ansur2
585,F,153.2,69.6,35.2,94.6,84.5,106.1,0.796,0.893,0.892,0.332,PEAR,0.713,ansur2
586,F,161.9,59.3,36.1,92.0,81.1,97.2,0.834,0.882,0.947,0.371,RECTANGLE,0.5,ansur2
587,F,170.4,69.5,36.9,90.2,88.8,100.8,0.881,0.984,0.895,0.366,APPLE,0.635,ansur2
588,F,168.9,79.7,36.0,97.0,77.4,105.6,0.733,0.798,0.919,0.341,RECTANGLE,0.5,ansur2
589,F,165.7,61.9,38.0,91.1,84.6,100.4,0.843,0.929,0.907,0.378,PEAR,0.658,ansur2
590,F,164.7,67.7,36.0,92.6,86.1,100.5,0.857,0.93,0.921,0.358,RECTANGLE,0.5,ansur2
591,F,167.0,54.4,37.5,89.2,72.4,87.9,0.824,0.812,1.015,0.427,HOURGLASS,0.812,ansur2
592,F,149.6,64.6,33.2,97.1,92.8,100.2,0.926,0.956,0.969,0.331,RECTANGLE,0.647,ansur2
593,F,171.7,88.2,41.2,111.7,102.6,110.1,0.932,0.919,1.015,0.374,RECTANGLE,0.685,ansur2
594,F,153.1,63.4,35.4,94.3,91.5,104.3,0.877,0.97,0.904,0.339,PEAR,0.675,ansur2
595,F,166.6,76.5,37.4,98.1,98.7,109.2,0.904,1.006,0.898,0.342,APPLE,0.615,ansur2
596,F,157.4,65.4,36.4,89.2,91.5,104.5,0.876,1.026,0.854,0.348,APPLE,0.657,ansur2
597,F,166.3,83.7,39.7,100.0,88.8,110.5,0.804,0.888,0.905,0.359,PEAR,0.688,ansur2
598,F,161.7,65.2,38.2,97.5,86.3,98.2,0.879,0.885,0.993,0.389,HOURGLASS,0.705,ansur2
599,F,158.5,62.4,36.5,100.5,85.7,96.6,0.887,0.853,1.04,0.378,HOURGLASS,0.697,ansur2
600,F,164.7,99.4,36.4,119.5,103.7,121.7,0.852,0.868,0.982,0.299,HOURGLASS,0.82,ansur2
601,F,164.3,74.8,39.5,101.6,95.0,107.5,0.884,0.935,0.945,0.367,RECTANGLE,0.5,ansur2
602,F,167.7,64.9,39.5,90.1,87.7,99.9,0.878,0.973,0.902,0.395,PEAR,0.67,ansur2
603,F,167.0,54.2,36.8,88.9,66.5,91.9,0.724,0.748,0.967,0.4,HOURGLASS,0.95,ansur2
604,F,165.1,81.4,37.7,98.3,88.5,116.5,0.76,0.9,0.844,0.324,PEAR,0.88,ansur2
605,F,152.5,56.3,34.4,88.3,81.2,96.9,0.838,0.92,0.911,0.355,RECTANGLE,0.5,ansur2
606,F,171.5,96.7,40.4,115.2,109.6,119.7,0.916,0.951,0.962,0.338,RECTANGLE,0.612,ansur2
607,F,160.2,83.7,36.8,114.8,100.6,103.5,0.972,0.876,1.109,0.356,INVERTED_TRIANGLE,0.707,ansur2
608,F,157.0,50.2,35.3,85.5,68.5,87.3,0.785,0.801,0.979,0.404,HOURGLASS,0.85,ansur2
609,F,166.2,65.7,38.4,90.1,94.4,100.1,0.943,1.048,0.9,0.384,APPLE,0.708,ansur2
610,F,156.1,70.7,33.6,98.3,97.3,106.3,0.915,0.99,0.925,0.316,APPLE,0.625,ansur2
611,F,154.3,66.9,32.1,96.8,97.5,108.0,0.903,1.007,0.896,0.297,APPLE,0.618,ansur2
612,F,156.2,59.7,35.3,92.3,85.3,98.1,0.87,0.924,0.941,0.36,RECTANGLE,0.5,ansur2
613,F,162.7,72.0,36.8,89.7,88.5,107.2,0.826,0.987,0.837,0.343,APPLE,0.63,ansur2
614,F,167.8,75.0,40.3,94.0,81.6,105.7,0.772,0.868,0.889,0.381,PEAR,0.718,ansur2
615,F,160.8,67.3,36.3,99.0,98.2,107.6,0.913,0.992,0.92,0.337,APPLE,0.62,ansur2
616,F,167.2,78.4,35.2,90.6,85.6,113.2,0.756,0.945,0.8,0.311,PEAR,0.95,ansur2
617,F,166.1,51.6,36.8,76.9,71.0,89.8,0.791,0.923,0.856,0.41,PEAR,0.747,ansur2
618,F,157.4,63.0,37.7,101.0,89.0,101.1,0.88,0.881,0.999,0.373,HOURGLASS,0.725,ansur2
619,F,167.0,79.3,38.0,104.6,99.0,106.2,0.932,0.946,0.985,0.358,RECTANGLE,0.685,ansur2
620,F,158.5,56.4,37.2,89.5,79.3,100.1,0.792,0.886,0.894,0.372,PEAR,0.69,ansur2
621,F,157.4,68.7,33.6,99.7,96.2,104.9,0.917,0.965,0.95,0.32,RECTANGLE,0.5,ansur2
622,F,161.7,59.0,35.1,84.6,72.7,96.9,0.75,0.859,0.873,0.362,PEAR,0.733,ansur2
623,F,159.2,60.3,38.9,90.4,77.0,99.4,0.775,0.852,0.909,0.391,PEAR,0.65,ansur2
624,F,170.5,69.9,37.0,99.1,93.0,102.0,0.912,0.938,0.972,0.363,RECTANGLE,0.652,ansur2
625,F,162.0,57.3,33.7,87.8,84.9,94.7,0.897,0.967,0.927,0.356,RECTANGLE,0.5,ansur2
626,F,157.9,65.4,35.5,95.7,88.2,100.3,0.879,0.922,0.954,0.354,RECTANGLE,0.61,ansur2
627,F,166.1,60.3,35.7,87.6,74.9,95.8,0.782,0.855,0.914,0.373,RECTANGLE,0.5,ansur2
628,F,159.5,77.1,39.0,95.5,93.5,107.4,0.871,0.979,0.889,0.363,APPLE,0.65,ansur2
629,F,164.6,76.7,37.8,106.2,90.3,103.8,0.87,0.85,1.023,0.364,HOURGLASS,0.763,ansur2
630,F,152.2,66.7,35.6,93.2,89.0,103.8,0.857,0.955,0.898,0.343,PEAR,0.69,ansur2
631,F,176.0,78.3,39.4,92.8,90.0,107.9,0.834,0.97,0.86,0.365,PEAR,0.803,ansur2
632,F,150.5,51.8,34.9,85.0,75.2,89.7,0.838,0.885,0.948,0.389,HOURGLASS,0.67,ansur2
633,F,170.8,66.3,36.2,83.8,80.3,99.4,0.808,0.958,0.843,0.364,PEAR,0.815,ansur2
634,F,165.9,65.5,40.2,93.8,86.1,96.3,0.894,0.918,0.974,0.417,RECTANGLE,0.662,ansur2
635,F,161.3,69.0,36.3,100.4,90.6,99.2,0.913,0.902,1.012,0.366,RECTANGLE,0.695,ansur2
636,F,166.6,68.0,37.6,90.5,87.0,98.8,0.881,0.961,0.916,0.381,RECTANGLE,0.5,ansur2
637,F,156.5,60.9,34.2,91.8,86.0,101.4,0.848,0.937,0.905,0.337,PEAR,0.665,ansur2
638,F,157.8,64.6,35.4,85.9,78.5,103.7,0.757,0.914,0.828,0.341,PEAR,0.87,ansur2
639,F,148.0,54.0,34.5,88.0,77.0,93.0,0.828,0.875,0.946,0.371,HOURGLASS,0.7,ansur2
640,F,163.6,53.0,37.5,82.9,75.6,93.3,0.81,0.912,0.889,0.402,PEAR,0.685,ansur2
641,F,160.8,78.9,40.7,94.5,90.1,106.3,0.848,0.953,0.889,0.383,PEAR,0.72,ansur2
642,F,155.2,43.1,35.1,82.5,65.8,80.1,0.821,0.798,1.03,0.438,HOURGLASS,0.782,ansur2
643,F,155.9,74.6,37.4,98.5,87.3,108.9,0.802,0.886,0.904,0.343,PEAR,0.685,ansur2
644,F,159.5,71.2,35.2,99.8,103.3,109.0,0.948,1.035,0.916,0.323,APPLE,0.688,ansur2
645,F,167.4,72.7,39.1,101.6,86.3,105.2,0.82,0.849,0.966,0.372,HOURGLASS,0.807,ansur2
646,F,166.1,61.3,37.6,84.5,76.1,97.4,0.781,0.901,0.868,0.386,PEAR,0.748,ansur2
647,F,155.0,57.4,36.1,87.8,79.2,91.7,0.864,0.902,0.957,0.394,RECTANGLE,0.627,ansur2
648,F,159.7,65.5,35.2,90.2,83.2,101.3,0.821,0.922,0.89,0.347,PEAR,0.702,ansur2
649,F,154.3,57.7,37.1,88.4,75.3,94.6,0.796,0.852,0.934,0.392,RECTANGLE,0.5,ansur2
650,F,163.6,58.5,37.6,83.7,76.0,93.0,0.817,0.908,0.9,0.404,PEAR,0.657,ansur2
651,F,156.3,62.7,31.6,92.3,91.3,101.2,0.902,0.989,0.912,0.312,APPLE,0.625,ansur2
652,F,150.6,53.5,37.6,90.5,77.9,93.4,0.834,0.861,0.969,0.403,HOURGLASS,0.74,ansur2
653,F,168.9,65.2,37.8,85.1,80.3,96.9,0.829,0.944,0.878,0.39,PEAR,0.72,ansur2
654,F,160.0,70.2,37.0,99.2,87.8,104.7,0.839,0.885,0.947,0.353,RECTANGLE,0.5,ansur2
655,F,182.7,93.1,38.0,102.1,108.0,113.6,0.951,1.058,0.899,0.335,APPLE,0.748,ansur2
656,F,159.4,53.2,35.0,82.4,74.2,93.7,0.792,0.9,0.879,0.374,PEAR,0.707,ansur2
657,F,176.8,73.5,42.2,97.4,81.7,101.4,0.806,0.839,0.961,0.416,HOURGLASS,0.818,ansur2
658,F,165.8,55.7,36.0,78.3,75.9,89.7,0.846,0.969,0.873,0.401,PEAR,0.71,ansur2
659,F,162.9,65.5,36.5,94.5,86.5,98.1,0.882,0.915,0.963,0.372,RECTANGLE,0.635,ansur2
660,F,167.2,69.1,36.2,97.5,85.5,102.7,0.833,0.877,0.949,0.352,RECTANGLE,0.5,ansur2
661,F,178.3,96.5,39.1,101.3,96.7,113.4,0.853,0.955,0.893,0.345,PEAR,0.728,ansur2
662,F,157.1,70.2,35.9,97.0,99.2,101.1,0.981,1.023,0.959,0.355,APPLE,0.655,ansur2
663,F,152.5,52.3,36.4,83.8,73.6,87.5,0.841,0.878,0.958,0.416,HOURGLASS,0.68,ansur2
664,F,159.5,66.0,36.8,92.3,87.6,99.9,0.877,0.949,0.924,0.368,RECTANGLE,0.5,ansur2
665,F,170.8,81.4,37.6,100.9,94.7,108.2,0.875,0.939,0.933,0.348,RECTANGLE,0.5,ansur2
666,F,181.8,95.2,41.1,102.9,100.0,114.5,0.873,0.972,0.899,0.359,PEAR,0.715,ansur2
667,F,168.8,65.8,36.8,83.2,80.2,95.6,0.839,0.964,0.87,0.385,PEAR,0.735,ansur2
668,F,156.8,50.3,33.7,78.2,69.5,93.6,0.743,0.889,0.835,0.36,PEAR,0.81,ansur2
669,F,155.5,54.7,34.8,88.5,80.7,94.3,0.856,0.912,0.938,0.369,RECTANGLE,0.5,ansur2
670,F,164.5,68.8,39.4,98.8,91.8,103.4,0.888,0.929,0.956,0.381,RECTANGLE,0.61,ansur2
671,F,163.1,60.4,35.6,83.3,75.0,95.8,0.783,0.9,0.87,0.372,PEAR,0.738,ansur2
672,F,156.3,66.9,34.1,91.9,88.1,100.5,0.877,0.959,0.914,0.339,RECTANGLE,0.5,ansur2
673,F,156.6,59.9,34.4,92.6,80.6,100.0,0.806,0.87,0.926,0.344,RECTANGLE,0.5,ansur2
674,F,158.5,61.6,34.8,87.0,87.5,101.4,0.863,1.006,0.858,0.343,APPLE,0.612,ansur2
675,F,151.8,54.8,33.0,87.2,79.8,95.2,0.838,0.915,0.916,0.347,RECTANGLE,0.5,ansur2
676,F,159.0,60.4,35.7,83.8,71.6,93.8,0.763,0.854,0.893,0.381,PEAR,0.675,ansur2
677,F,146.2,51.9,32.2,84.5,82.9,92.0,0.901,0.981,0.918,0.35,APPLE,0.64,ansur2
678,F,159.9,64.0,36.1,93.0,94.3,100.7,0.936,1.014,0.924,0.358,APPLE,0.632,ansur2
679,F,166.5,66.9,34.2,84.5,83.4,105.8,0.788,0.987,0.799,0.323,APPLE,0.627,ansur2
680,F,171.2,79.1,39.1,100.7,95.8,106.3,0.901,0.951,0.947,0.368,RECTANGLE,0.5,ansur2
681,F,163.4,59.8,36.4,90.8,79.6,95.8,0.831,0.877,0.948,0.38,HOURGLASS,0.705,ansur2
682,F,162.8,73.6,38.3,97.5,86.5,103.0,0.84,0.887,0.947,0.372,RECTANGLE,0.5,ansur2
683,F,162.5,82.5,36.5,108.0,105.2,107.7,0.977,0.974,1.003,0.339,RECTANGLE,0.718,ansur2
684,F,171.8,75.6,41.8,99.6,88.1,108.3,0.813,0.885,0.92,0.386,RECTANGLE,0.5,ansur2
685,F,160.4,59.5,36.5,77.3,76.7,94.6,0.811,0.992,0.817,0.386,APPLE,0.615,ansur2
686,F,174.8,86.3,37.2,99.6,97.8,117.1,0.835,0.982,0.851,0.318,APPLE,0.645,ansur2
687,F,165.0,68.6,39.9,93.5,93.6,98.3,0.952,1.001,0.951,0.406,APPLE,0.602,ansur2
688,F,167.9,76.3,39.3,96.5,97.0,106.3,0.913,1.005,0.908,0.37,APPLE,0.612,ansur2
689,F,163.5,72.5,36.8,99.5,90.4,105.2,0.859,0.909,0.946,0.35,RECTANGLE,0.5,ansur2
690,F,167.3,63.9,38.7,86.2,78.3,97.9,0.8,0.908,0.88,0.395,PEAR,0.718,ansur2
691,F,164.3,55.9,37.4,85.6,77.2,92.7,0.833,0.902,0.923,0.403,RECTANGLE,0.5,ansur2
692,F,169.1,76.4,36.5,96.4,96.0,104.4,0.92,0.996,0.923,0.35,APPLE,0.61,ansur2
693,F,167.2,69.9,37.9,96.9,87.1,100.1,0.87,0.899,0.968,0.379,HOURGLASS,0.67,ansur2
694,F,163.8,63.0,38.0,83.9,82.5,101.0,0.817,0.983,0.831,0.376,APPLE,0.635,ansur2
695,F,167.6,60.6,36.6,80.3,73.4,95.4,0.769,0.914,0.842,0.384,PEAR,0.803,ansur2
696,F,165.5,68.0,37.7,91.8,85.2,101.7,0.838,0.928,0.903,0.371,PEAR,0.673,ansur2
697,F,167.5,65.4,34.9,91.4,81.3,102.9,0.79,0.889,0.888,0.339,PEAR,0.713,ansur2
698,F,150.8,53.8,34.8,82.0,76.5,96.0,0.797,0.933,0.854,0.362,PEAR,0.775,ansur2
699,F,167.9,73.1,33.8,100.6,95.5,105.8,0.903,0.949,0.951,0.319,RECTANGLE,0.5,ansur2
700,F,169.2,76.6,40.8,97.0,88.2,109.9,0.803,0.909,0.883,0.371,PEAR,0.748,ansur2
701,F,163.1,57.7,33.3,88.2,80.0,93.5,0.856,0.907,0.943,0.356,RECTANGLE,0.5,ansur2
702,F,153.3,59.8,34.9,90.9,82.7,98.4,0.84,0.91,0.924,0.355,RECTANGLE,0.5,ansur2
703,F,156.3,68.6,35.9,99.6,88.7,106.4,0.834,0.891,0.936,0.337,RECTANGLE,0.5,ansur2
704,F,165.5,70.8,37.5,90.8,83.0,104.9,0.791,0.914,0.866,0.357,PEAR,0.778,ansur2
705,F,149.6,48.8,33.2,78.6,69.7,88.0,0.792,0.887,0.893,0.377,PEAR,0.66,ansur2
706,F,177.7,76.6,38.8,93.5,85.7,105.2,0.815,0.917,0.889,0.369,PEAR,0.718,ansur2
707,F,154.6,58.3,35.2,89.7,78.8,94.8,0.831,0.878,0.946,0.371,RECTANGLE,0.5,ansur2
708,F,168.5,68.5,36.6,90.6,93.6,103.9,0.901,1.033,0.872,0.352,APPLE,0.675,ansur2
709,F,160.8,58.5,37.4,85.0,76.8,97.5,0.788,0.904,0.872,0.384,PEAR,0.738,ansur2
710,F,163.2,71.9,37.8,92.9,83.3,104.4,0.798,0.897,0.89,0.362,PEAR,0.713,ansur2
711,F,169.0,64.9,39.3,89.2,80.2,99.3,0.808,0.899,0.898,0.396,PEAR,0.677,ansur2
712,F,165.5,58.3,37.2,79.8,74.2,92.6,0.801,0.93,0.862,0.402,PEAR,0.745,ansur2
713,F,157.4,64.8,36.4,93.3,85.0,102.7,0.828,0.911,0.908,0.354,PEAR,0.66,ansur2
714,F,165.9,56.4,35.2,84.1,75.8,92.3,0.821,0.901,0.911,0.381,RECTANGLE,0.5,ansur2
715,F,154.1,47.8,35.1,81.2,70.6,87.0,0.811,0.869,0.933,0.403,RECTANGLE,0.5,ansur2
716,F,167.5,59.1,39.1,84.3,77.5,95.1,0.815,0.919,0.886,0.411,PEAR,0.695,ansur2
717,F,165.2,66.5,38.3,93.6,91.2,103.8,0.879,0.974,0.902,0.369,PEAR,0.68,ansur2
718,F,159.3,64.9,35.9,94.5,88.6,104.2,0.85,0.938,0.907,0.345,PEAR,0.668,ansur2
719,F,156.5,51.2,35.3,78.4,75.5,90.5,0.834,0.963,0.866,0.39,PEAR,0.727,ansur2
720,F,153.0,49.6,34.6,80.4,76.5,87.2,0.877,0.951,0.922,0.397,RECTANGLE,0.5,ansur2
721,F,160.0,74.4,39.0,93.2,89.7,102.6,0.874,0.962,0.908,0.38,PEAR,0.66,ansur2
722,F,161.5,68.0,36.7,92.7,86.8,98.4,0.882,0.936,0.942,0.373,RECTANGLE,0.5,ansur2
723,F,155.7,50.6,35.2,78.3,79.0,90.0,0.878,1.009,0.87,0.391,APPLE,0.618,ansur2
724,F,167.9,59.1,36.5,84.6,78.5,93.8,0.837,0.928,0.902,0.389,PEAR,0.655,ansur2
725,F,166.2,71.2,36.8,90.9,86.4,104.5,0.827,0.95,0.87,0.352,PEAR,0.765,ansur2
726,F,169.6,84.4,37.1,112.1,96.7,112.1,0.863,0.863,1.0,0.331,HOURGLASS,0.81,ansur2
727,F,165.7,54.7,38.4,89.2,76.0,93.9,0.809,0.852,0.95,0.409,HOURGLASS,0.755,ansur2
728,F,149.5,48.7,35.6,81.4,72.6,90.3,0.804,0.892,0.901,0.394,RECTANGLE,0.5,ansur2
729,F,164.4,61.2,36.6,93.9,84.2,98.9,0.851,0.897,0.949,0.37,HOURGLASS,0.668,ansur2
730,F,165.2,72.2,35.3,93.3,86.5,103.5,0.836,0.927,0.901,0.341,PEAR,0.68,ansur2
731,F,156.6,56.7,32.2,89.4,88.8,95.9,0.926,0.993,0.932,0.336,APPLE,0.615,ansur2
732,F,165.3,68.8,38.7,95.7,81.9,100.2,0.817,0.856,0.955,0.386,HOURGLASS,0.77,ansur2
733,F,160.4,54.2,34.6,78.7,73.9,94.5,0.782,0.939,0.833,0.366,PEAR,0.82,ansur2
734,F,159.4,61.1,36.4,85.3,80.5,98.0,0.821,0.944,0.87,0.371,PEAR,0.743,ansur2
735,F,162.7,67.2,36.5,98.9,88.0,103.8,0.848,0.89,0.953,0.352,HOURGLASS,0.698,ansur2
736,F,172.9,74.9,37.4,92.7,81.0,102.9,0.787,0.874,0.901,0.363,PEAR,0.68,ansur2
737,F,160.2,58.5,36.9,88.3,80.3,92.8,0.865,0.909,0.952,0.398,RECTANGLE,0.612,ansur2
738,F,161.5,60.5,35.8,93.0,78.7,97.7,0.806,0.846,0.952,0.366,HOURGLASS,0.782,ansur2
739,F,164.5,60.1,37.2,86.2,78.7,98.6,0.798,0.913,0.874,0.377,PEAR,0.735,ansur2
740,F,162.3,62.1,33.3,87.7,82.1,94.8,0.866,0.936,0.925,0.351,RECTANGLE,0.5,ansur2
741,F,159.5,60.9,35.5,83.0,72.3,92.2,0.784,0.871,0.9,0.385,PEAR,0.655,ansur2
742,F,148.0,47.0,33.9,79.8,62.8,83.3,0.754,0.787,0.958,0.407,HOURGLASS,0.85,ansur2
743,F,169.6,78.6,37.6,95.5,95.1,108.5,0.876,0.996,0.88,0.347,APPLE,0.61,ansur2
744,F,168.0,72.5,38.4,95.8,85.7,106.6,0.804,0.895,0.899,0.36,PEAR,0.695,ansur2
745,F,159.0,51.6,35.3,78.7,72.6,89.4,0.812,0.922,0.88,0.395,PEAR,0.693,ansur2
746,F,152.9,50.1,34.9,80.2,70.0,87.0,0.805,0.873,0.922,0.401,RECTANGLE,0.5,ansur2
747,F,155.1,62.6,34.2,91.7,86.0,98.0,0.878,0.938,0.936,0.349,RECTANGLE,0.5,ansur2
748,F,170.9,78.7,38.0,94.2,83.2,107.2,0.776,0.883,0.879,0.354,PEAR,0.75,ansur2
749,F,158.9,57.2,33.9,94.7,81.8,92.7,0.882,0.864,1.022,0.366,HOURGLASS,0.698,ansur2
750,F,161.6,67.0,37.4,90.2,81.3,105.8,0.768,0.901,0.853,0.353,PEAR,0.815,ansur2
751,F,164.3,53.5,36.0,82.5,70.5,92.5,0.762,0.855,0.892,0.389,PEAR,0.675,ansur2
752,F,158.7,63.8,35.0,84.4,76.8,103.7,0.741,0.91,0.814,0.338,PEAR,0.907,ansur2
753,F,169.1,75.2,35.1,88.8,77.9,104.3,0.747,0.877,0.851,0.337,PEAR,0.812,ansur2
754,F,155.8,51.9,36.4,82.4,69.9,89.4,0.782,0.848,0.922,0.407,RECTANGLE,0.5,ansur2
755,F,161.1,60.2,35.9,84.3,76.8,96.1,0.799,0.911,0.877,0.374,PEAR,0.72,ansur2
756,F,172.4,70.1,39.2,91.5,89.8,101.1,0.888,0.981,0.905,0.388,APPLE,0.643,ansur2
757,F,162.3,78.2,38.3,95.8,90.0,106.3,0.847,0.939,0.901,0.36,PEAR,0.688,ansur2
758,F,168.6,61.1,37.6,88.0,79.1,90.3,0.876,0.899,0.975,0.416,RECTANGLE,0.668,ansur2
759,F,158.7,63.1,35.1,101.1,89.5,97.3,0.92,0.885,1.039,0.361,RECTANGLE,0.63,ansur2
760,F,154.6,54.0,32.9,80.3,71.0,90.3,0.786,0.884,0.889,0.364,PEAR,0.675,ansur2
761,F,168.2,61.9,35.4,91.4,82.7,94.1,0.879,0.905,0.971,0.376,RECTANGLE,0.658,ansur2
762,F,151.9,57.7,34.9,84.8,81.2,98.5,0.824,0.958,0.861,0.354,PEAR,0.768,ansur2
763,F,163.1,67.3,35.4,86.7,80.8,100.2,0.806,0.932,0.865,0.353,PEAR,0.763,ansur2
764,F,152.5,60.8,35.9,90.9,78.9,102.7,0.768,0.868,0.885,0.35,PEAR,0.72,ansur2
765,F,165.7,90.5,37.2,111.0,109.2,115.8,0.943,0.984,0.959,0.321,APPLE,0.645,ansur2
766,F,165.3,68.2,35.7,97.5,81.5,99.5,0.819,0.836,0.98,0.359,HOURGLASS,0.825,ansur2
767,F,144.7,68.3,35.0,101.8,93.7,103.6,0.904,0.92,0.983,0.338,RECTANGLE,0.68,ansur2
768,F,161.5,77.8,38.3,106.8,104.0,105.6,0.985,0.974,1.011,0.363,APPLE,0.64,ansur2
769,F,173.2,64.8,36.5,95.8,85.4,100.9,0.846,0.891,0.949,0.362,RECTANGLE,0.5,ansur2
770,F,173.3,108.2,37.9,121.2,107.6,126.5,0.851,0.888,0.958,0.3,RECTANGLE,0.5,ansur2
771,F,176.0,87.5,33.9,100.4,103.1,116.5,0.885,1.027,0.862,0.291,APPLE,0.667,ansur2
772,F,166.9,78.8,40.6,105.2,93.0,107.8,0.863,0.884,0.976,0.377,HOURGLASS,0.73,ansur2
773,F,160.2,84.4,36.3,107.3,97.6,112.4,0.868,0.91,0.955,0.323,RECTANGLE,0.5,ansur2
774,F,161.1,66.7,36.3,91.0,91.6,99.8,0.918,1.007,0.912,0.364,APPLE,0.615,ansur2
775,F,160.7,74.9,37.7,105.7,92.7,103.0,0.9,0.877,1.026,0.366,HOURGLASS,0.682,ansur2
776,F,158.2,82.7,35.2,104.3,103.2,115.8,0.891,0.989,0.901,0.304,APPLE,0.627,ansur2
777,F,163.6,69.5,37.1,90.2,92.5,105.7,0.875,1.025,0.853,0.351,APPLE,0.657,ansur2
778,F,170.2,69.7,36.6,90.9,88.9,102.7,0.866,0.978,0.885,0.356,APPLE,0.65,ansur2
779,F,159.1,52.8,35.7,78.3,70.8,88.7,0.798,0.904,0.883,0.402,PEAR,0.685,ansur2
780,F,172.4,78.5,35.7,103.6,92.5,106.2,0.871,0.893,0.976,0.336,HOURGLASS,0.702,ansur2
781,F,165.7,66.9,37.6,96.5,83.3,103.0,0.809,0.863,0.937,0.365,RECTANGLE,0.5,ansur2
782,F,159.1,55.6,36.9,83.0,82.7,92.9,0.89,0.996,0.893,0.397,APPLE,0.607,ansur2
783,F,163.0,84.0,33.8,107.7,104.2,116.0,0.898,0.968,0.928,0.291,RECTANGLE,0.5,ansur2
784,F,173.0,83.1,37.2,94.5,96.1,106.1,0.906,1.017,0.891,0.351,APPLE,0.64,ansur2
785,F,169.5,73.5,35.8,94.3,86.6,106.4,0.814,0.918,0.886,0.336,PEAR,0.728,ansur2
786,F,159.8,76.3,37.5,94.8,91.1,111.0,0.821,0.961,0.854,0.338,PEAR,0.83,ansur2
787,F,160.6,63.7,34.9,95.3,87.5,100.6,0.87,0.918,0.947,0.347,RECTANGLE,0.5,ansur2
788,F,164.4,70.0,36.7,97.5,90.6,101.6,0.892,0.929,0.96,0.361,RECTANGLE,0.623,ansur2
789,F,157.5,62.6,34.8,92.3,83.5,103.7,0.805,0.905,0.89,0.336,PEAR,0.71,ansur2
790,F,164.2,60.7,35.2,88.1,78.7,96.0,0.82,0.893,0.918,0.367,RECTANGLE,0.5,ansur2
791,F,161.5,70.5,36.3,98.6,94.3,103.1,0.915,0.956,0.956,0.352,RECTANGLE,0.612,ansur2
792,F,157.0,68.9,34.6,98.8,91.3,111.0,0.823,0.924,0.89,0.312,PEAR,0.73,ansur2
793,F,160.7,63.3,34.9,89.6,77.8,97.4,0.799,0.868,0.92,0.358,RECTANGLE,0.5,ansur2
794,F,162.6,56.4,34.5,82.3,72.2,91.6,0.788,0.877,0.898,0.377,PEAR,0.657,ansur2
795,F,172.9,72.9,39.6,93.5,84.3,100.9,0.835,0.902,0.927,0.392,RECTANGLE,0.5,ansur2
796,F,150.1,61.8,33.3,93.2,78.2,97.0,0.806,0.839,0.961,0.343,HOURGLASS,0.8,ansur2
797,F,165.7,61.8,34.8,88.3,79.1,94.7,0.835,0.896,0.932,0.367,RECTANGLE,0.5,ansur2
798,F,161.4,54.6,36.6,81.3,76.1,91.1,0.835,0.936,0.892,0.402,PEAR,0.67,ansur2
799,F,166.0,68.6,38.5,95.4,85.3,101.5,0.84,0.894,0.94,0.379,RECTANGLE,0.5,ansur2
800,F,167.5,64.1,37.5,88.4,72.5,92.7,0.782,0.82,0.954,0.405,HOURGLASS,0.823,ansur2
801,F,163.8,63.5,38.2,86.5,77.9,97.0,0.803,0.901,0.892,0.394,PEAR,0.688,ansur2
802,F,158.4,63.4,33.4,86.9,83.4,101.0,0.826,0.96,0.86,0.331,PEAR,0.777,ansur2
803,F,168.0,68.4,38.6,92.7,80.0,102.1,0.784,0.863,0.908,0.378,PEAR,0.66,ansur2
804,F,166.7,68.0,37.4,89.6,83.5,96.5,0.865,0.932,0.928,0.388,RECTANGLE,0.5,ansur2
805,F,175.8,75.1,36.7,94.6,82.5,105.3,0.783,0.872,0.898,0.349,PEAR,0.693,ansur2
806,F,168.8,85.1,39.0,95.0,96.2,113.9,0.845,1.013,0.834,0.342,APPLE,0.63,ansur2
807,F,163.6,58.2,35.5,89.5,82.3,96.5,0.853,0.92,0.927,0.368,RECTANGLE,0.5,ansur2
808,F,160.7,70.9,37.5,91.0,84.6,103.6,0.817,0.93,0.878,0.362,PEAR,0.74,ansur2
809,F,159.4,66.4,34.5,87.6,95.9,106.2,0.903,1.095,0.825,0.325,APPLE,0.808,ansur2
810,F,169.4,75.7,36.9,96.2,90.7,102.5,0.885,0.943,0.939,0.36,RECTANGLE,0.5,ansur2
811,F,160.6,63.2,36.8,91.0,80.7,99.3,0.813,0.887,0.916,0.371,RECTANGLE,0.5,ansur2
812,F,168.7,67.4,36.7,86.3,85.3,98.7,0.864,0.988,0.874,0.372,APPLE,0.625,ansur2
813,F,157.4,60.2,38.4,89.6,75.3,97.8,0.77,0.84,0.916,0.393,RECTANGLE,0.5,ansur2
814,F,160.3,61.6,35.8,89.8,83.9,96.5,0.869,0.934,0.931,0.371,RECTANGLE,0.5,ansur2
815,F,155.9,58.4,35.6,92.1,76.2,92.2,0.826,0.827,0.999,0.386,HOURGLASS,0.822,ansur2
816,F,165.9,71.7,38.8,91.4,86.1,104.2,0.826,0.942,0.877,0.372,PEAR,0.745,ansur2
817,F,161.4,60.6,33.8,92.0,84.5,96.0,0.88,0.918,0.958,0.352,RECTANGLE,0.625,ansur2
818,F,163.0,64.8,37.8,86.9,81.8,99.4,0.823,0.941,0.874,0.38,PEAR,0.738,ansur2
819,F,143.5,47.8,32.2,86.0,76.0,88.5,0.859,0.884,0.972,0.364,HOURGLASS,0.675,ansur2
820,F,167.2,75.1,37.8,95.1,88.5,103.7,0.853,0.931,0.917,0.365,RECTANGLE,0.5,ansur2
821,F,170.8,73.9,37.5,93.6,87.2,102.0,0.855,0.932,0.918,0.368,RECTANGLE,0.5,ansur2
822,F,167.6,68.6,37.1,101.7,88.7,99.1,0.895,0.872,1.026,0.374,HOURGLASS,0.685,ansur2
823,F,160.9,62.0,36.1,84.4,78.8,101.8,0.774,0.934,0.829,0.355,PEAR,0.86,ansur2
824,F,159.0,74.0,35.2,100.0,93.7,105.5,0.888,0.937,0.948,0.334,RECTANGLE,0.5,ansur2
825,F,162.9,59.8,36.2,83.2,79.8,94.6,0.844,0.959,0.879,0.383,PEAR,0.71,ansur2
826,F,159.8,64.5,36.1,88.8,82.6,98.7,0.837,0.93,0.9,0.366,PEAR,0.673,ansur2
827,F,156.0,56.3,34.0,89.5,76.1,93.9,0.81,0.85,0.953,0.362,HOURGLASS,0.76,ansur2
828,F,168.8,68.6,37.6,91.9,82.2,95.9,0.857,0.894,0.958,0.392,HOURGLASS,0.668,ansur2
829,F,174.5,69.6,39.7,90.6,80.3,97.0,0.828,0.886,0.934,0.409,RECTANGLE,0.5,ansur2
830,F,167.3,63.1,36.0,86.5,79.1,95.5,0.828,0.914,0.906,0.377,PEAR,0.65,ansur2
831,F,166.2,72.9,39.1,95.0,84.6,103.5,0.817,0.891,0.918,0.378,RECTANGLE,0.5,ansur2
832,F,157.6,54.8,37.1,90.6,76.2,88.9,0.857,0.841,1.019,0.417,HOURGLASS,0.743,ansur2
833,F,172.0,65.0,35.8,90.8,86.0,95.4,0.901,0.947,0.952,0.375,RECTANGLE,0.61,ansur2
834,F,170.1,70.0,38.8,90.6,86.7,103.3,0.839,0.957,0.877,0.376,PEAR,0.743,ansur2
835,F,162.0,58.0,35.5,81.5,79.3,93.0,0.853,0.973,0.876,0.382,PEAR,0.713,ansur2
836,F,167.0,73.8,38.5,95.2,92.8,104.4,0.889,0.975,0.912,0.369,PEAR,0.655,ansur2
837,F,163.0,47.8,36.0,77.5,67.2,85.3,0.788,0.867,0.909,0.422,RECTANGLE,0.5,ansur2
838,F,163.6,58.3,35.2,81.5,78.5,95.8,0.819,0.963,0.851,0.367,PEAR,0.782,ansur2
839,F,171.4,84.9,36.7,95.6,91.6,117.7,0.778,0.958,0.812,0.312,PEAR,0.95,ansur2
840,F,170.2,73.2,37.5,92.7,85.4,102.7,0.832,0.921,0.903,0.365,PEAR,0.675,ansur2
841,F,159.0,60.9,35.7,85.5,77.8,98.1,0.793,0.91,0.872,0.364,PEAR,0.74,ansur2
842,F,164.3,65.4,35.5,90.0,77.1,103.1,0.748,0.857,0.873,0.344,PEAR,0.752,ansur2
843,F,176.9,83.2,39.6,94.6,89.7,110.1,0.815,0.948,0.859,0.36,PEAR,0.812,ansur2
844,F,154.9,59.1,37.1,88.2,82.2,97.0,0.847,0.932,0.909,0.382,RECTANGLE,0.5,ansur2
845,F,153.3,69.5,39.6,97.3,93.5,98.5,0.949,0.961,0.988,0.402,RECTANGLE,0.695,ansur2
846,F,159.2,60.9,34.4,84.8,82.8,96.4,0.859,0.976,0.88,0.357,APPLE,0.65,ansur2
847,F,160.9,65.0,37.8,90.3,84.1,97.5,0.863,0.931,0.926,0.388,RECTANGLE,0.5,ansur2
848,F,156.9,55.0,35.9,81.5,75.4,93.3,0.808,0.925,0.874,0.385,PEAR,0.72,ansur2
849,F,158.6,65.9,37.8,88.3,86.5,101.7,0.851,0.98,0.868,0.372,APPLE,0.645,ansur2
850,F,157.4,70.1,36.4,90.2,82.7,105.9,0.781,0.917,0.852,0.344,PEAR,0.818,ansur2
851,F,161.7,68.9,36.2,93.0,88.7,101.2,0.876,0.954,0.919,0.358,RECTANGLE,0.5,ansur2
852,F,158.9,60.7,36.8,86.6,83.6,97.2,0.86,0.965,0.891,0.379,PEAR,0.69,ansur2
853,F,167.9,73.6,35.7,93.1,91.7,104.0,0.882,0.985,0.895,0.343,APPLE,0.635,ansur2
854,F,170.0,56.4,37.3,82.6,73.9,91.5,0.808,0.895,0.903,0.408,RECTANGLE,0.5,ansur2
855,F,162.3,56.6,38.4,84.7,77.9,93.1,0.837,0.92,0.91,0.412,RECTANGLE,0.5,ansur2
856,F,167.7,68.1,38.1,85.7,77.5,98.1,0.79,0.904,0.874,0.388,PEAR,0.735,ansur2
857,F,159.8,66.0,36.8,92.0,86.0,101.8,0.845,0.935,0.904,0.361,PEAR,0.67,ansur2
858,F,162.5,53.6,37.6,78.4,70.0,89.8,0.78,0.893,0.873,0.419,PEAR,0.71,ansur2
859,F,168.5,64.7,36.8,84.0,81.2,96.3,0.843,0.967,0.872,0.382,PEAR,0.732,ansur2
860,F,168.5,77.6,38.3,102.5,90.8,105.9,0.857,0.886,0.968,0.362,HOURGLASS,0.718,ansur2
861,F,162.3,56.3,37.8,79.4,73.3,89.8,0.816,0.923,0.884,0.421,PEAR,0.685,ansur2
862,F,167.4,67.5,36.8,94.5,90.4,99.4,0.909,0.957,0.951,0.37,RECTANGLE,0.602,ansur2
863,F,165.3,60.4,36.7,89.0,81.4,95.9,0.849,0.915,0.928,0.383,RECTANGLE,0.5,ansur2
864,F,158.7,54.2,34.3,95.7,87.2,96.5,0.904,0.911,0.992,0.355,RECTANGLE,0.705,ansur2
865,F,159.5,66.4,35.9,100.8,98.0,107.1,0.915,0.972,0.941,0.335,RECTANGLE,0.5,ansur2
866,F,156.3,74.4,35.2,99.8,104.6,109.6,0.954,1.048,0.911,0.321,APPLE,0.72,ansur2
867,F,167.4,62.1,37.5,90.9,84.1,98.0,0.858,0.925,0.928,0.383,RECTANGLE,0.5,ansur2
868,F,143.9,58.5,33.7,98.2,82.4,97.7,0.843,0.839,1.005,0.345,HOURGLASS,0.807,ansur2
869,F,171.8,81.0,35.8,101.8,95.5,107.4,0.889,0.938,0.948,0.333,RECTANGLE,0.5,ansur2
870,F,158.9,51.1,35.9,79.6,71.7,93.0,0.771,0.901,0.856,0.386,PEAR,0.76,ansur2
871,F,164.5,71.7,39.0,111.2,96.4,103.0,0.936,0.867,1.08,0.379,RECTANGLE,0.5,ansur2
872,F,167.7,60.7,38.4,91.3,75.8,100.5,0.754,0.83,0.908,0.382,PEAR,0.655,ansur2
873,F,155.2,59.1,32.7,88.4,82.9,103.0,0.805,0.938,0.858,0.317,PEAR,0.79,ansur2
874,F,152.3,63.6,36.0,107.3,99.9,100.5,0.994,0.931,1.068,0.358,APPLE,0.615,ansur2
875,F,161.2,71.5,33.8,101.2,94.1,108.8,0.865,0.93,0.93,0.311,RECTANGLE,0.5,ansur2
876,F,164.2,57.4,35.5,91.7,77.6,94.6,0.82,0.846,0.969,0.375,HOURGLASS,0.778,ansur2
877,F,173.2,71.6,35.9,97.9,82.2,100.3,0.82,0.84,0.976,0.358,HOURGLASS,0.818,ansur2
878,F,160.0,54.0,36.4,87.7,75.2,93.1,0.808,0.857,0.942,0.391,RECTANGLE,0.5,ansur2
879,F,140.9,42.6,33.7,82.4,71.6,81.5,0.879,0.869,1.011,0.413,HOURGLASS,0.673,ansur2
880,F,162.0,58.5,35.1,88.9,75.9,92.6,0.82,0.854,0.96,0.379,HOURGLASS,0.75,ansur2
881,F,174.6,82.8,41.1,96.0,89.8,111.2,0.808,0.935,0.863,0.37,PEAR,0.805,ansur2
882,F,168.8,74.0,36.7,98.3,85.2,105.5,0.808,0.867,0.932,0.348,RECTANGLE,0.5,ansur2
883,F,160.6,76.5,36.9,97.6,92.0,105.4,0.873,0.943,0.926,0.35,RECTANGLE,0.5,ansur2
884,F,165.8,85.2,37.6,102.9,104.7,113.0,0.927,1.017,0.911,0.333,APPLE,0.645,ansur2
885,F,159.0,67.1,34.8,91.5,90.4,106.6,0.848,0.988,0.858,0.326,APPLE,0.627,ansur2
886,F,178.1,76.0,39.0,92.2,87.5,106.0,0.825,0.949,0.87,0.368,PEAR,0.77,ansur2
887,F,169.0,69.5,34.6,99.2,85.0,106.2,0.8,0.857,0.934,0.326,RECTANGLE,0.5,ansur2
888,F,165.4,75.4,39.3,101.5,98.7,107.9,0.915,0.972,0.941,0.364,RECTANGLE,0.5,ansur2
889,F,158.3,66.3,37.8,94.5,87.0,107.9,0.806,0.921,0.876,0.35,PEAR,0.76,ansur2
890,F,152.3,48.0,35.0,84.3,74.3,91.2,0.815,0.881,0.924,0.384,RECTANGLE,0.5,ansur2
891,F,168.5,83.0,38.6,109.6,91.0,110.0,0.827,0.83,0.996,0.351,HOURGLASS,0.89,ansur2
892,F,167.2,75.6,37.3,97.4,96.4,109.5,0.88,0.99,0.889,0.341,APPLE,0.625,ansur2
893,F,164.1,78.4,38.8,103.2,93.4,104.6,0.893,0.905,0.987,0.371,HOURGLASS,0.67,ansur2
894,F,164.4,59.4,39.0,88.2,78.0,98.5,0.792,0.884,0.895,0.396,PEAR,0.682,ansur2
895,F,159.7,76.6,36.0,101.3,95.1,110.4,0.861,0.939,0.918,0.326,PEAR,0.653,ansur2
896,F,173.2,67.8,38.9,89.9,79.5,96.9,0.82,0.884,0.928,0.401,RECTANGLE,0.5,ansur2
897,F,152.9,51.7,33.9,84.7,81.5,90.7,0.899,0.962,0.934,0.374,RECTANGLE,0.5,ansur2
898,F,162.0,66.2,38.7,95.3,84.8,101.5,0.835,0.89,0.939,0.381,RECTANGLE,0.5,ansur2
899,F,164.3,66.5,33.9,99.3,79.7,96.6,0.825,0.803,1.028,0.351,HOURGLASS,0.847,ansur2
900,F,155.6,61.3,35.4,89.7,92.7,96.1,0.965,1.033,0.933,0.368,APPLE,0.675,ansur2
901,F,163.0,72.9,38.0,101.5,98.6,108.6,0.908,0.971,0.935,0.35,RECTANGLE,0.5,ansur2
902,F,161.4,70.1,36.2,92.4,88.4,110.3,0.801,0.957,0.838,0.328,PEAR,0.872,ansur2
903,F,146.4,42.6,32.7,73.7,67.3,87.2,0.772,0.913,0.845,0.375,PEAR,0.763,ansur2
904,F,174.9,72.9,39.8,96.2,81.0,103.9,0.78,0.842,0.926,0.383,RECTANGLE,0.5,ansur2
905,F,161.8,76.1,35.7,99.8,93.3,107.6,0.867,0.935,0.928,0.332,RECTANGLE,0.5,ansur2
906,F,163.1,71.9,36.4,93.7,99.5,107.7,0.924,1.062,0.87,0.338,APPLE,0.745,ansur2
907,F,170.4,79.4,39.0,100.4,96.6,110.0,0.878,0.962,0.913,0.355,PEAR,0.665,ansur2
908,F,166.9,70.5,38.0,92.4,87.4,103.6,0.844,0.946,0.892,0.367,PEAR,0.705,ansur2
909,F,158.6,72.7,36.1,102.3,101.3,104.4,0.97,0.99,0.98,0.346,APPLE,0.625,ansur2
910,F,160.2,60.9,37.5,88.7,73.5,99.8,0.736,0.829,0.889,0.376,PEAR,0.702,ansur2
911,F,162.0,80.0,37.4,95.0,107.2,113.0,0.949,1.128,0.841,0.331,APPLE,0.905,ansur2
912,F,157.5,62.5,35.7,91.7,83.4,104.6,0.797,0.909,0.877,0.341,PEAR,0.747,ansur2
913,F,151.3,76.8,36.2,105.2,106.5,116.7,0.913,1.012,0.901,0.31,APPLE,0.632,ansur2
914,F,157.3,57.8,35.4,86.8,81.8,97.3,0.841,0.942,0.892,0.364,PEAR,0.688,ansur2
915,F,164.9,63.9,37.2,86.1,82.8,99.0,0.836,0.962,0.87,0.376,PEAR,0.748,ansur2
916,F,165.7,74.9,37.8,98.0,94.5,104.0,0.909,0.964,0.942,0.363,RECTANGLE,0.5,ansur2
917,F,153.8,65.0,38.0,94.5,90.0,100.2,0.898,0.952,0.943,0.379,RECTANGLE,0.5,ansur2
918,F,168.4,63.3,33.8,85.7,83.1,103.3,0.804,0.97,0.83,0.327,PEAR,0.865,ansur2
919,F,155.0,52.6,33.4,88.5,82.2,93.2,0.882,0.929,0.95,0.358,RECTANGLE,0.607,ansur2
920,F,163.0,76.6,36.5,99.4,102.1,111.7,0.914,1.027,0.89,0.327,APPLE,0.667,ansur2
921,F,169.3,93.4,40.0,120.2,115.7,114.8,1.008,0.963,1.047,0.348,APPLE,0.623,ansur2
922,F,155.7,66.7,37.0,98.2,86.1,104.2,0.826,0.877,0.942,0.355,RECTANGLE,0.5,ansur2
923,F,162.7,62.2,36.9,88.2,76.5,97.1,0.788,0.867,0.908,0.38,RECTANGLE,0.5,ansur2
924,F,166.6,94.2,39.1,120.8,108.5,107.8,1.006,0.898,1.121,0.363,APPLE,0.618,ansur2
925,F,159.9,64.1,38.0,93.0,88.0,99.5,0.884,0.946,0.935,0.382,RECTANGLE,0.5,ansur2
926,F,154.7,69.2,33.1,98.5,101.2,107.4,0.942,1.027,0.917,0.308,APPLE,0.668,ansur2
927,F,163.6,64.6,36.9,92.2,83.1,100.6,0.826,0.901,0.917,0.367,RECTANGLE,0.5,ansur2
928,F,154.7,52.5,34.7,88.9,79.7,91.6,0.87,0.897,0.971,0.379,HOURGLASS,0.655,ansur2
929,F,162.9,49.0,31.2,79.2,76.2,91.8,0.83,0.962,0.863,0.34,PEAR,0.74,ansur2
930,F,156.0,74.9,35.4,99.7,92.2,110.8,0.832,0.925,0.9,0.319,PEAR,0.702,ansur2
931,F,175.1,85.2,36.0,105.1,103.5,109.2,0.948,0.985,0.962,0.33,APPLE,0.64,ansur2
932,F,162.5,77.2,36.4,90.8,101.2,108.3,0.934,1.115,0.838,0.336,APPLE,0.86,ansur2
933,F,157.3,64.3,36.5,96.4,86.4,98.6,0.876,0.896,0.978,0.37,HOURGLASS,0.675,ansur2
934,F,159.9,72.2,31.1,98.0,96.2,107.9,0.892,0.982,0.908,0.288,APPLE,0.645,ansur2
935,F,154.7,69.3,36.1,97.2,91.4,98.3,0.93,0.94,0.989,0.367,RECTANGLE,0.698,ansur2
936,F,173.5,73.7,39.0,92.1,86.2,109.4,0.788,0.936,0.842,0.356,PEAR,0.858,ansur2
937,F,167.0,72.5,37.8,100.3,95.7,104.5,0.916,0.954,0.96,0.362,RECTANGLE,0.62,ansur2
938,F,167.8,81.6,38.4,103.5,89.7,114.7,0.782,0.867,0.902,0.335,PEAR,0.705,ansur2
939,F,160.4,57.0,36.1,86.3,81.2,96.4,0.842,0.941,0.895,0.374,PEAR,0.678,ansur2
940,F,163.1,66.0,33.3,93.9,86.5,99.8,0.867,0.921,0.941,0.334,RECTANGLE,0.5,ansur2
941,F,168.4,80.4,37.2,98.0,105.4,119.0,0.886,1.076,0.824,0.313,APPLE,0.785,ansur2
942,F,171.5,85.2,36.3,103.0,97.3,116.3,0.837,0.945,0.886,0.312,PEAR,0.757,ansur2
943,F,163.5,66.2,35.6,103.5,94.7,96.6,0.98,0.915,1.071,0.369,APPLE,0.647,ansur2
944,F,166.6,70.6,36.7,93.3,90.2,104.1,0.866,0.967,0.896,0.353,PEAR,0.695,ansur2
945,F,170.5,57.7,36.9,86.0,78.2,90.9,0.86,0.909,0.946,0.406,RECTANGLE,0.602,ansur2
946,F,162.9,52.6,37.4,87.3,75.5,90.5,0.834,0.865,0.965,0.413,HOURGLASS,0.72,ansur2
947,F,171.8,80.8,37.5,97.6,99.0,109.8,0.902,1.014,0.889,0.342,APPLE,0.635,ansur2
948,F,162.6,83.4,38.6,100.3,97.2,112.6,0.863,0.969,0.891,0.343,PEAR,0.732,ansur2
949,F,161.6,75.0,38.8,95.1,92.2,106.9,0.862,0.97,0.89,0.363,PEAR,0.72,ansur2
950,F,160.2,61.9,33.5,92.4,89.5,103.1,0.868,0.969,0.896,0.325,PEAR,0.692,ansur2
951,F,166.7,67.5,35.8,96.6,88.5,103.4,0.856,0.916,0.934,0.346,RECTANGLE,0.5,ansur2
952,F,164.5,70.2,36.3,102.2,91.0,102.3,0.89,0.89,0.999,0.355,HOURGLASS,0.705,ansur2
953,F,167.0,65.9,37.2,94.7,82.7,100.0,0.827,0.873,0.947,0.372,RECTANGLE,0.5,ansur2
954,F,162.1,71.2,36.1,94.1,84.0,108.5,0.774,0.893,0.867,0.333,PEAR,0.785,ansur2
955,F,172.1,102.8,38.0,106.6,103.2,119.6,0.863,0.968,0.891,0.318,PEAR,0.75,ansur2
956,F,160.6,75.9,35.6,109.1,90.3,106.1,0.851,0.828,1.028,0.336,HOURGLASS,0.82,ansur2
957,F,156.7,65.9,38.7,95.3,87.5,100.5,0.871,0.918,0.948,0.385,RECTANGLE,0.5,ansur2
958,F,172.0,64.4,37.4,90.4,79.0,97.9,0.807,0.874,0.923,0.382,RECTANGLE,0.5,ansur2
959,F,163.9,68.9,36.6,90.0,87.5,106.3,0.823,0.972,0.847,0.344,PEAR,0.833,ansur2
960,F,173.0,86.3,37.1,101.3,98.3,111.0,0.886,0.97,0.913,0.334,PEAR,0.668,ansur2
961,F,168.2,94.9,36.7,114.7,113.9,116.8,0.975,0.993,0.982,0.314,APPLE,0.62,ansur2
962,F,172.0,63.0,35.5,87.4,79.2,99.5,0.796,0.906,0.878,0.357,PEAR,0.727,ansur2
963,F,178.3,106.9,41.9,121.4,113.3,118.1,0.959,0.933,1.028,0.355,RECTANGLE,0.642,ansur2
964,F,164.1,63.9,36.2,89.3,88.1,99.1,0.889,0.987,0.901,0.365,APPLE,0.63,ansur2
965,F,156.8,68.3,33.8,90.2,90.7,110.1,0.824,1.006,0.819,0.307,APPLE,0.612,ansur2
966,F,164.0,63.0,37.8,94.0,85.0,99.4,0.855,0.904,0.946,0.38,RECTANGLE,0.5,ansur2
967,F,155.6,71.8,35.4,98.9,94.5,105.4,0.897,0.956,0.938,0.336,RECTANGLE,0.5,ansur2
968,F,164.7,87.4,37.6,103.3,106.9,116.0,0.922,1.035,0.891,0.324,APPLE,0.69,ansur2
969,F,163.0,75.2,38.4,99.5,92.0,111.1,0.828,0.925,0.896,0.346,PEAR,0.715,ansur2
970,F,158.7,85.2,36.3,115.4,109.5,115.7,0.946,0.949,0.997,0.314,RECTANGLE,0.718,ansur2
971,F,162.7,82.7,36.1,117.2,103.9,109.8,0.946,0.887,1.067,0.329,RECTANGLE,0.5,ansur2
972,F,163.8,55.9,35.9,87.0,76.5,93.6,0.817,0.879,0.929,0.384,RECTANGLE,0.5,ansur2
973,F,164.4,82.1,38.8,111.0,104.2,107.8,0.967,0.939,1.03,0.36,RECTANGLE,0.645,ansur2
974,F,160.3,66.3,36.3,98.2,88.0,99.0,0.889,0.896,0.992,0.367,HOURGLASS,0.68,ansur2
975,F,171.3,63.8,35.5,89.7,81.1,97.8,0.829,0.904,0.917,0.363,RECTANGLE,0.5,ansur2
976,F,172.1,79.9,40.2,96.6,98.7,111.4,0.886,1.022,0.867,0.361,APPLE,0.653,ansur2
977,F,157.3,58.9,35.0,83.8,79.3,99.9,0.794,0.946,0.839,0.35,PEAR,0.828,ansur2
978,F,161.9,76.1,38.1,99.6,91.8,110.2,0.833,0.922,0.904,0.346,PEAR,0.69,ansur2
979,F,152.4,67.2,34.5,100.6,104.0,106.0,0.981,1.034,0.949,0.325,APPLE,0.685,ansur2
980,F,160.5,54.1,35.1,88.2,80.3,90.1,0.891,0.91,0.979,0.39,RECTANGLE,0.678,ansur2
981,F,161.7,69.7,36.5,103.5,83.8,98.3,0.852,0.81,1.053,0.371,RECTANGLE,0.5,ansur2
982,F,160.1,61.6,35.8,89.5,87.8,98.8,0.889,0.981,0.906,0.362,APPLE,0.643,ansur2
983,F,170.3,85.2,38.3,105.3,104.0,114.8,0.906,0.988,0.917,0.334,APPLE,0.632,ansur2
984,F,157.4,58.2,36.0,88.2,78.5,95.7,0.82,0.89,0.922,0.376,RECTANGLE,0.5,ansur2
985,F,159.6,74.2,38.0,103.6,94.3,102.7,0.918,0.91,1.009,0.37,RECTANGLE,0.703,ansur2
986,F,160.2,60.9,37.4,87.6,80.0,96.6,0.828,0.913,0.907,0.387,PEAR,0.65,ansur2
987,F,159.9,69.0,37.0,96.4,91.6,102.6,0.893,0.95,0.94,0.361,RECTANGLE,0.5,ansur2
988,F,163.2,67.5,37.4,93.5,96.1,101.3,0.949,1.028,0.923,0.369,APPLE,0.665,ansur2
989,F,166.0,88.6,36.2,109.8,106.5,115.9,0.919,0.97,0.947,0.312,RECTANGLE,0.5,ansur2
990,F,156.8,65.2,36.1,92.4,84.7,104.6,0.81,0.917,0.883,0.345,PEAR,0.73,ansur2
991,F,163.9,82.6,38.3,103.2,102.0,115.8,0.881,0.988,0.891,0.331,APPLE,0.63,ansur2
992,F,159.1,55.6,35.7,92.3,79.0,90.4,0.874,0.856,1.021,0.395,HOURGLASS,0.71,ansur2
993,F,162.8,71.9,35.4,93.4,88.7,108.0,0.821,0.95,0.865,0.328,PEAR,0.79,ansur2
994,F,161.5,82.2,35.2,107.7,97.5,108.8,0.896,0.905,0.99,0.324,HOURGLASS,0.68,ansur2
995,F,168.0,96.5,38.0,109.8,110.0,120.5,0.913,1.002,0.911,0.315,APPLE,0.605,ansur2
996,F,159.0,62.4,33.6,90.7,89.6,98.2,0.912,0.988,0.924,0.342,APPLE,0.628,ansur2
997,F,156.3,43.5,35.5,72.6,66.0,85.4,0.773,0.909,0.85,0.416,PEAR,0.745,ansur2
998,F,164.1,75.3,34.7,109.0,102.1,102.2,0.999,0.937,1.067,0.34,APPLE,0.603,ansur2
999,F,171.0,55.3,36.4,83.6,79.0,90.0,0.878,0.945,0.929,0.404,RECTANGLE,0.5,ansur2
1000,F,156.6,57.8,35.6,90.1,81.6,98.9,0.825,0.906,0.911,0.36,RECTANGLE,0.5,ansur2
1001,F,157.3,71.3,38.7,102.3,96.6,104.8,0.922,0.944,0.976,0.369,RECTANGLE,0.662,ansur2
1002,F,166.9,77.6,34.8,98.0,96.6,108.3,0.892,0.986,0.905,0.321,APPLE,0.635,ansur2
1003,F,160.7,65.5,38.2,97.6,80.9,98.5,0.821,0.829,0.991,0.388,HOURGLASS,0.842,ansur2
1004,F,163.3,57.8,38.6,92.2,78.7,89.0,0.884,0.854,1.036,0.434,HOURGLASS,0.682,ansur2
1005,F,169.9,84.3,37.5,112.6,90.7,108.9,0.833,0.806,1.034,0.344,HOURGLASS,0.88,ansur2
1006,F,163.8,67.0,37.4,89.2,87.7,100.2,0.875,0.983,0.89,0.373,APPLE,0.637,ansur2
1007,F,163.4,76.4,34.8,100.0,87.8,110.2,0.797,0.878,0.907,0.316,PEAR,0.68,ansur2
1008,F,166.0,66.3,35.9,86.4,73.4,98.2,0.747,0.85,0.88,0.366,PEAR,0.72,ansur2
1009,F,160.4,67.1,36.0,88.0,86.1,101.0,0.852,0.978,0.871,0.356,APPLE,0.648,ansur2
1010,F,169.3,70.6,38.9,98.0,88.5,96.1,0.921,0.903,1.02,0.405,RECTANGLE,0.677,ansur2
1011,F,159.5,63.6,34.3,93.6,82.0,98.5,0.832,0.876,0.95,0.348,HOURGLASS,0.715,ansur2
1012,F,169.4,64.6,36.6,88.2,79.6,96.2,0.827,0.902,0.917,0.38,RECTANGLE,0.5,ansur2
1013,F,162.6,65.8,37.4,93.4,83.5,97.5,0.856,0.894,0.958,0.384,HOURGLASS,0.673,ansur2
1014,F,161.3,78.9,35.4,102.1,92.2,109.2,0.844,0.903,0.935,0.324,RECTANGLE,0.5,ansur2
1015,F,161.4,58.5,36.5,88.7,76.9,96.3,0.799,0.867,0.921,0.379,RECTANGLE,0.5,ansur2
1016,F,163.0,58.9,36.2,90.0,81.2,95.9,0.847,0.902,0.938,0.377,RECTANGLE,0.5,ansur2
1017,F,171.6,78.5,39.7,103.5,97.3,106.3,0.915,0.94,0.974,0.373,RECTANGLE,0.655,ansur2
1018,F,151.0,67.6,35.0,101.3,95.2,102.1,0.932,0.94,0.992,0.343,RECTANGLE,0.705,ansur2
1019,F,163.9,86.2,36.5,110.0,111.3,111.0,1.003,1.012,0.991,0.329,APPLE,0.632,ansur2
1020,F,157.6,60.5,35.3,98.1,90.7,95.2,0.953,0.925,1.03,0.371,RECTANGLE,0.653,ansur2
1021,F,167.7,95.0,36.0,109.5,106.8,115.6,0.924,0.975,0.947,0.311,RECTANGLE,0.5,ansur2
1022,F,166.9,64.9,36.8,98.5,84.3,95.5,0.883,0.856,1.031,0.385,HOURGLASS,0.705,ansur2
1023,F,159.2,61.6,34.3,88.4,75.5,99.9,0.756,0.854,0.885,0.343,PEAR,0.713,ansur2
1024,F,160.6,71.5,36.6,103.0,91.0,102.5,0.888,0.883,1.005,0.357,HOURGLASS,0.713,ansur2
1025,F,159.7,76.5,35.8,101.2,94.3,110.2,0.856,0.932,0.918,0.325,PEAR,0.65,ansur2
1026,F,161.0,65.2,36.1,89.0,81.9,104.5,0.784,0.92,0.852,0.345,PEAR,0.812,ansur2
1027,F,181.1,77.3,41.3,87.8,90.5,110.4,0.82,1.031,0.795,0.374,APPLE,0.668,ansur2
1028,F,163.9,73.4,35.4,102.8,101.8,108.7,0.937,0.99,0.946,0.326,APPLE,0.625,ansur2
1029,F,163.5,54.9,37.2,82.5,75.7,92.8,0.816,0.918,0.889,0.401,PEAR,0.682,ansur2
1030,F,175.1,80.2,37.6,104.1,89.3,109.2,0.818,0.858,0.953,0.344,RECTANGLE,0.5,ansur2
1031,F,162.6,69.5,36.5,102.3,84.9,104.1,0.816,0.83,0.983,0.351,HOURGLASS,0.86,ansur2
1032,F,168.8,64.7,37.8,94.9,76.8,99.0,0.776,0.809,0.959,0.382,HOURGLASS,0.878,ansur2
1033,F,158.8,65.7,34.6,91.4,85.0,105.1,0.809,0.93,0.87,0.329,PEAR,0.767,ansur2
1034,F,163.5,87.1,37.5,111.1,109.0,113.9,0.957,0.981,0.975,0.329,RECTANGLE,0.655,ansur2
1035,F,162.4,58.0,35.9,85.5,83.5,97.6,0.856,0.977,0.876,0.368,APPLE,0.65,ansur2
1036,F,163.4,79.6,36.3,101.5,94.6,110.7,0.855,0.932,0.917,0.328,PEAR,0.655,ansur2
1037,F,174.9,76.1,37.9,92.9,85.2,106.6,0.799,0.917,0.871,0.356,PEAR,0.767,ansur2
1038,F,164.6,57.6,31.6,92.5,74.1,93.9,0.789,0.801,0.985,0.337,HOURGLASS,0.885,ansur2
1039,F,160.0,87.0,35.6,112.9,106.0,113.8,0.931,0.939,0.992,0.313,RECTANGLE,0.703,ansur2
1040,F,160.0,76.6,35.1,100.8,101.7,106.0,0.959,1.009,0.951,0.331,APPLE,0.623,ansur2
1041,F,151.7,54.8,33.1,84.5,78.2,100.2,0.78,0.925,0.843,0.33,PEAR,0.818,ansur2
1042,F,165.9,82.6,32.7,103.9,103.0,111.5,0.924,0.991,0.932,0.293,APPLE,0.623,ansur2
1043,F,171.8,65.1,36.8,90.2,85.3,100.7,0.847,0.946,0.896,0.365,PEAR,0.688,ansur2
1044,F,153.3,57.0,33.7,94.8,88.1,96.5,0.913,0.929,0.982,0.349,RECTANGLE,0.682,ansur2
1045,F,159.2,71.9,38.6,105.1,94.8,104.3,0.909,0.902,1.008,0.37,HOURGLASS,0.662,ansur2
1046,F,163.6,72.6,39.0,100.3,84.6,104.4,0.81,0.843,0.961,0.374,HOURGLASS,0.818,ansur2
1047,F,164.8,71.6,36.0,88.2,87.5,102.6,0.853,0.992,0.86,0.351,APPLE,0.618,ansur2
1048,F,166.9,83.2,35.6,105.6,98.2,109.1,0.9,0.93,0.968,0.326,RECTANGLE,0.637,ansur2
1049,F,165.5,60.4,36.6,96.5,79.1,95.4,0.829,0.82,1.012,0.384,HOURGLASS,0.833,ansur2
1050,F,177.0,76.4,38.7,93.2,84.4,102.3,0.825,0.906,0.911,0.378,PEAR,0.652,ansur2
1051,F,175.2,93.4,39.8,105.1,102.8,118.1,0.87,0.978,0.89,0.337,PEAR,0.75,ansur2
1052,F,174.1,57.3,36.6,85.0,76.8,96.1,0.799,0.904,0.884,0.381,PEAR,0.702,ansur2
1053,F,160.8,58.2,33.2,83.0,77.5,99.3,0.78,0.934,0.836,0.334,PEAR,0.833,ansur2
1054,F,163.6,55.3,37.9,88.9,71.8,89.0,0.807,0.808,0.999,0.426,HOURGLASS,0.853,ansur2
1055,F,155.5,69.8,36.7,100.5,87.1,102.1,0.853,0.867,0.984,0.359,HOURGLASS,0.76,ansur2
1056,F,157.3,64.0,33.8,92.5,84.0,106.3,0.79,0.908,0.87,0.318,PEAR,0.77,ansur2
1057,F,162.3,59.0,35.6,84.4,71.9,95.1,0.756,0.852,0.887,0.374,PEAR,0.692,ansur2
1058,F,153.4,60.4,34.2,90.0,81.1,97.6,0.831,0.901,0.922,0.35,RECTANGLE,0.5,ansur2
1059,F,154.3,66.6,36.5,95.4,92.0,107.0,0.86,0.964,0.892,0.341,PEAR,0.715,ansur2
1060,F,174.4,67.0,36.1,92.5,81.2,99.8,0.814,0.878,0.927,0.362,RECTANGLE,0.5,ansur2
1061,F,162.3,63.3,34.3,90.2,81.4,103.3,0.788,0.902,0.873,0.332,PEAR,0.752,ansur2
1062,F,158.7,61.8,35.9,94.7,81.8,100.8,0.812,0.864,0.939,0.356,RECTANGLE,0.5,ansur2
1063,F,156.3,64.5,34.4,94.4,84.4,103.6,0.815,0.894,0.911,0.332,PEAR,0.655,ansur2
1064,F,165.5,58.2,36.3,89.9,78.7,93.0,0.846,0.875,0.967,0.39,HOURGLASS,0.705,ansur2
1065,F,161.2,79.6,35.1,103.3,94.8,118.2,0.802,0.918,0.874,0.297,PEAR,0.798,ansur2
1066,F,163.6,60.9,36.5,90.0,83.4,99.5,0.838,0.927,0.905,0.367,PEAR,0.662,ansur2
1067,F,170.9,82.3,41.0,99.6,97.2,112.7,0.862,0.976,0.884,0.364,PEAR,0.753,ansur2
1068,F,154.7,56.7,33.8,90.6,76.3,92.5,0.825,0.842,0.979,0.365,HOURGLASS,0.782,ansur2
1069,F,165.7,51.0,34.6,89.6,71.0,89.4,0.794,0.792,1.002,0.387,HOURGLASS,0.885,ansur2
1070,F,169.5,60.1,36.2,87.6,80.5,94.5,0.852,0.919,0.927,0.383,RECTANGLE,0.5,ansur2
1071,F,172.0,71.6,33.8,95.5,84.3,104.6,0.806,0.883,0.913,0.323,PEAR,0.652,ansur2
1072,F,158.7,68.1,34.3,91.2,86.6,104.0,0.833,0.95,0.877,0.33,PEAR,0.745,ansur2
1073,F,167.6,94.0,38.8,116.0,98.1,114.2,0.859,0.846,1.016,0.34,HOURGLASS,0.828,ansur2
1074,F,172.6,68.6,36.8,84.4,84.0,103.3,0.813,0.995,0.817,0.356,APPLE,0.61,ansur2
1075,F,161.6,67.1,34.9,94.8,86.6,104.2,0.831,0.914,0.91,0.335,PEAR,0.66,ansur2
1076,F,174.7,68.9,40.0,92.8,74.5,98.4,0.757,0.803,0.943,0.407,RECTANGLE,0.5,ansur2
1077,F,170.5,78.6,37.2,104.2,93.0,101.6,0.915,0.893,1.026,0.366,RECTANGLE,0.66,ansur2
1078,F,168.5,70.4,37.7,90.6,82.4,101.5,0.812,0.909,0.893,0.371,PEAR,0.698,ansur2
1079,F,159.4,50.4,31.8,77.6,66.9,88.7,0.754,0.862,0.875,0.359,PEAR,0.703,ansur2
1080,F,168.7,59.8,38.9,87.2,76.9,94.4,0.815,0.882,0.924,0.412,RECTANGLE,0.5,ansur2
1081,F,170.0,76.0,37.3,100.5,87.7,102.2,0.858,0.873,0.983,0.365,HOURGLASS,0.745,ansur2
1082,F,165.8,78.0,36.3,105.5,97.0,107.2,0.905,0.919,0.984,0.339,RECTANGLE,0.682,ansur2
1083,F,156.2,71.2,36.1,100.6,88.0,110.1,0.799,0.875,0.914,0.328,PEAR,0.662,ansur2
1084,F,165.8,66.5,37.2,95.3,87.0,99.7,0.873,0.913,0.956,0.373,RECTANGLE,0.615,ansur2
1085,F,168.8,73.5,34.8,93.5,90.0,108.0,0.833,0.963,0.866,0.322,PEAR,0.788,ansur2
1086,F,152.4,54.4,34.6,89.5,75.2,93.7,0.803,0.84,0.955,0.369,HOURGLASS,0.782,ansur2
1087,F,161.1,67.8,38.8,99.2,80.5,100.8,0.799,0.811,0.984,0.385,HOURGLASS,0.893,ansur2
1088,F,162.7,64.8,32.2,90.0,84.2,99.4,0.847,0.936,0.905,0.324,PEAR,0.66,ansur2
1089,F,161.4,66.3,34.0,95.3,91.7,100.1,0.916,0.962,0.952,0.34,RECTANGLE,0.605,ansur2
1090,F,159.8,77.9,40.3,97.1,85.3,114.2,0.747,0.878,0.85,0.353,PEAR,0.853,ansur2
1091,F,164.3,70.2,33.0,99.0,95.3,101.9,0.935,0.963,0.972,0.324,RECTANGLE,0.652,ansur2
1092,F,161.1,59.2,36.6,87.3,81.6,96.2,0.848,0.935,0.907,0.38,RECTANGLE,0.5,ansur2
1093,F,152.0,56.3,33.9,85.2,77.8,98.5,0.79,0.913,0.865,0.344,PEAR,0.757,ansur2
1094,F,169.7,92.7,36.7,103.9,96.3,114.3,0.843,0.927,0.909,0.321,PEAR,0.685,ansur2
1095,F,164.0,80.1,37.2,99.2,93.1,106.8,0.872,0.939,0.929,0.348,RECTANGLE,0.5,ansur2
1096,F,167.2,77.2,37.4,97.0,88.9,110.4,0.805,0.916,0.879,0.339,PEAR,0.76,ansur2
1097,F,166.2,70.4,37.8,93.6,80.5,100.8,0.799,0.86,0.929,0.375,RECTANGLE,0.5,ansur2
1098,F,160.1,59.0,35.2,88.2,77.6,96.7,0.802,0.88,0.912,0.364,RECTANGLE,0.5,ansur2
1099,F,158.0,64.0,31.7,97.8,79.5,100.7,0.789,0.813,0.971,0.315,HOURGLASS,0.882,ansur2
1100,F,167.6,84.2,35.4,99.7,93.6,111.2,0.842,0.939,0.897,0.318,PEAR,0.713,ansur2
1101,F,153.6,54.6,34.8,82.2,70.2,95.7,0.734,0.854,0.859,0.364,PEAR,0.763,ansur2
1102,F,156.1,71.5,33.2,93.2,91.8,115.6,0.794,0.985,0.806,0.287,APPLE,0.635,ansur2
1103,F,147.5,57.5,34.3,90.3,82.8,101.2,0.818,0.917,0.892,0.339,PEAR,0.698,ansur2
1104,F,153.2,52.2,36.0,79.8,69.8,90.7,0.77,0.875,0.88,0.397,PEAR,0.698,ansur2
1105,F,164.6,72.5,37.8,95.7,83.9,107.2,0.783,0.877,0.893,0.353,PEAR,0.713,ansur2
1106,F,165.7,51.7,37.2,85.4,77.4,91.3,0.848,0.906,0.935,0.407,RECTANGLE,0.5,ansur2
1107,F,164.8,63.1,37.0,89.6,82.8,99.4,0.833,0.924,0.901,0.372,PEAR,0.67,ansur2
1108,F,158.6,53.7,33.4,80.4,72.2,91.2,0.792,0.898,0.882,0.366,PEAR,0.695,ansur2
1109,F,160.9,59.7,37.1,90.0,80.5,96.3,0.836,0.894,0.935,0.385,RECTANGLE,0.5,ansur2
1110,F,156.2,60.7,35.8,94.4,82.1,95.7,0.858,0.87,0.986,0.374,HOURGLASS,0.733,ansur2
1111,F,150.7,57.7,34.6,87.5,79.7,97.2,0.82,0.911,0.9,0.356,PEAR,0.668,ansur2
1112,F,146.8,49.9,34.5,88.1,76.4,91.1,0.839,0.867,0.967,0.379,HOURGLASS,0.717,ansur2
1113,F,163.6,68.7,36.7,92.6,84.7,101.1,0.838,0.915,0.916,0.363,RECTANGLE,0.5,ansur2
1114,F,158.5,68.0,36.1,102.1,86.3,99.5,0.867,0.845,1.026,0.363,HOURGLASS,0.755,ansur2
1115,F,160.7,63.2,36.1,91.9,86.8,100.7,0.862,0.945,0.913,0.358,RECTANGLE,0.5,ansur2
1116,F,165.7,77.6,36.0,98.9,90.7,105.1,0.863,0.917,0.941,0.343,RECTANGLE,0.5,ansur2
1117,F,160.6,63.8,34.3,96.1,88.3,104.6,0.844,0.919,0.919,0.328,RECTANGLE,0.5,ansur2
1118,F,170.5,78.3,35.1,99.4,94.6,109.8,0.862,0.952,0.905,0.32,PEAR,0.685,ansur2
1119,F,160.5,60.2,36.0,83.6,73.5,98.2,0.748,0.879,0.851,0.367,PEAR,0.79,ansur2
1120,F,166.6,77.1,37.0,94.4,95.2,110.2,0.864,1.008,0.857,0.336,APPLE,0.62,ansur2
1121,F,163.5,61.7,37.7,89.6,83.3,95.4,0.873,0.93,0.939,0.395,RECTANGLE,0.5,ansur2
1122,F,149.8,46.2,34.4,84.1,73.7,86.4,0.853,0.876,0.973,0.398,HOURGLASS,0.685,ansur2
1123,F,161.9,59.1,34.6,86.3,71.5,100.3,0.713,0.829,0.86,0.345,PEAR,0.775,ansur2
1124,F,155.9,57.4,34.2,87.0,80.8,95.9,0.843,0.929,0.907,0.357,RECTANGLE,0.5,ansur2
1125,F,163.9,62.1,33.9,90.2,75.8,94.9,0.799,0.84,0.95,0.357,HOURGLASS,0.785,ansur2
1126,F,157.4,61.8,34.3,91.4,88.3,97.7,0.904,0.966,0.936,0.351,RECTANGLE,0.5,ansur2
1127,F,153.0,51.8,35.1,82.4,78.9,92.0,0.858,0.958,0.896,0.382,PEAR,0.665,ansur2
1128,F,155.2,63.1,36.0,88.1,81.2,102.2,0.795,0.922,0.862,0.352,PEAR,0.778,ansur2
1129,F,157.2,65.3,36.5,92.9,83.8,100.8,0.831,0.902,0.922,0.362,RECTANGLE,0.5,ansur2
1130,F,167.0,64.6,38.6,90.0,77.0,96.4,0.799,0.856,0.934,0.4,RECTANGLE,0.5,ansur2
1131,F,157.4,56.9,35.8,80.7,70.7,92.8,0.762,0.876,0.87,0.386,PEAR,0.727,ansur2
1132,F,163.6,66.1,37.7,95.0,79.8,100.8,0.792,0.84,0.942,0.374,RECTANGLE,0.5,ansur2
1133,F,157.5,59.8,35.8,89.2,85.6,99.4,0.861,0.96,0.897,0.36,PEAR,0.68,ansur2
1134,F,167.6,53.3,35.3,85.2,71.6,94.4,0.758,0.84,0.903,0.374,PEAR,0.655,ansur2
1135,F,170.5,75.5,39.8,107.1,94.0,101.1,0.93,0.878,1.059,0.394,RECTANGLE,0.5,ansur2
1136,F,160.3,70.2,37.9,98.7,90.7,103.4,0.877,0.919,0.955,0.367,RECTANGLE,0.607,ansur2
1137,F,159.3,65.5,33.9,96.1,83.2,103.2,0.806,0.866,0.931,0.328,RECTANGLE,0.5,ansur2
1138,F,161.1,64.4,37.8,91.2,83.6,96.5,0.866,0.917,0.945,0.392,RECTANGLE,0.5,ansur2
1139,F,167.3,68.0,35.7,94.7,84.0,102.6,0.819,0.887,0.923,0.348,RECTANGLE,0.5,ansur2
1140,F,168.9,71.5,38.9,89.3,79.0,104.0,0.76,0.885,0.859,0.374,PEAR,0.793,ansur2
1141,F,152.9,49.9,36.6,83.7,73.3,91.8,0.798,0.876,0.912,0.399,RECTANGLE,0.5,ansur2
1142,F,160.2,52.3,32.1,88.2,70.0,89.9,0.779,0.794,0.981,0.357,HOURGLASS,0.88,ansur2
1143,F,176.4,74.0,36.3,105.7,80.5,100.6,0.8,0.762,1.051,0.361,RECTANGLE,0.5,ansur2
1144,F,164.8,75.0,36.9,95.6,93.7,110.2,0.85,0.98,0.868,0.335,APPLE,0.647,ansur2
1145,F,158.7,60.4,34.9,97.6,86.7,97.6,0.888,0.888,1.0,0.358,HOURGLASS,0.697,ansur2
1146,F,149.2,43.0,34.3,80.8,64.1,82.2,0.78,0.793,0.983,0.417,HOURGLASS,0.843,ansur2
1147,F,156.7,75.0,37.5,108.2,95.1,106.3,0.895,0.879,1.018,0.353,HOURGLASS,0.705,ansur2
1148,F,156.3,71.6,39.1,100.2,84.5,110.3,0.766,0.843,0.908,0.354,PEAR,0.677,ansur2
1149,F,166.3,72.3,37.6,96.6,87.6,101.9,0.86,0.907,0.948,0.369,RECTANGLE,0.5,ansur2
1150,F,161.7,76.5,38.6,103.0,95.1,108.1,0.88,0.923,0.953,0.357,RECTANGLE,0.5,ansur2
1151,F,168.3,66.0,40.6,90.4,79.0,96.9,0.815,0.874,0.933,0.419,RECTANGLE,0.5,ansur2
1152,F,163.6,60.0,36.6,91.4,75.2,97.9,0.768,0.823,0.934,0.374,RECTANGLE,0.5,ansur2
1153,F,162.8,69.5,37.0,93.3,80.7,100.8,0.801,0.865,0.926,0.367,RECTANGLE,0.5,ansur2
1154,F,153.6,63.7,34.8,91.7,85.2,98.4,0.866,0.929,0.932,0.354,RECTANGLE,0.5,ansur2
1155,F,153.0,60.2,37.6,87.4,88.0,98.9,0.89,1.007,0.884,0.38,APPLE,0.615,ansur2
1156,F,167.8,81.5,37.5,102.2,91.3,110.5,0.826,0.893,0.925,0.339,RECTANGLE,0.5,ansur2
1157,F,168.2,77.3,37.0,95.6,88.5,105.4,0.84,0.926,0.907,0.351,PEAR,0.67,ansur2
1158,F,158.5,53.7,35.5,85.0,74.2,90.0,0.824,0.873,0.944,0.394,HOURGLASS,0.695,ansur2
1159,F,158.8,67.2,35.0,91.2,82.6,100.2,0.824,0.906,0.91,0.349,PEAR,0.65,ansur2
1160,F,171.8,69.8,39.8,89.5,82.0,99.3,0.826,0.916,0.901,0.401,PEAR,0.67,ansur2
1161,F,165.5,80.9,34.4,102.1,101.0,117.6,0.859,0.989,0.868,0.293,APPLE,0.627,ansur2
1162,F,170.5,72.2,39.0,89.3,82.0,105.3,0.779,0.918,0.848,0.37,PEAR,0.825,ansur2
1163,F,160.8,63.0,34.8,97.6,79.2,96.5,0.821,0.811,1.011,0.361,HOURGLASS,0.857,ansur2
1164,F,160.7,65.4,36.5,88.6,76.6,98.9,0.775,0.865,0.896,0.369,PEAR,0.683,ansur2
1165,F,149.0,48.4,32.7,84.7,72.8,90.0,0.809,0.86,0.941,0.363,RECTANGLE,0.5,ansur2
1166,F,156.3,65.3,35.7,95.6,89.5,98.7,0.907,0.936,0.969,0.362,RECTANGLE,0.647,ansur2
1167,F,167.7,66.9,34.7,82.4,81.1,106.4,0.762,0.984,0.774,0.326,APPLE,0.633,ansur2
1168,F,161.5,66.8,36.4,94.5,85.6,102.5,0.835,0.906,0.922,0.355,RECTANGLE,0.5,ansur2
1169,F,157.0,67.2,36.8,90.7,77.2,107.6,0.717,0.851,0.843,0.342,PEAR,0.847,ansur2
1170,F,156.3,59.7,35.3,88.7,82.6,103.4,0.799,0.931,0.858,0.341,PEAR,0.793,ansur2
1171,F,162.7,65.8,35.9,92.9,84.4,98.3,0.859,0.909,0.945,0.365,RECTANGLE,0.5,ansur2
1172,F,174.3,65.7,38.8,86.3,75.6,99.0,0.764,0.876,0.872,0.392,PEAR,0.743,ansur2
1173,F,163.5,68.1,36.4,91.7,89.3,105.0,0.85,0.974,0.873,0.347,PEAR,0.757,ansur2
1174,F,169.9,89.4,36.9,107.0,105.9,119.3,0.888,0.99,0.897,0.309,APPLE,0.627,ansur2
1175,F,150.3,64.3,36.0,88.3,78.1,103.5,0.755,0.884,0.853,0.348,PEAR,0.805,ansur2
1176,F,163.7,85.7,37.8,110.3,93.2,111.6,0.835,0.845,0.988,0.339,HOURGLASS,0.852,ansur2
1177,F,154.4,56.0,34.5,85.4,74.6,93.5,0.798,0.874,0.913,0.369,RECTANGLE,0.5,ansur2
1178,F,149.3,61.3,36.1,90.8,80.1,96.2,0.833,0.882,0.944,0.375,RECTANGLE,0.5,ansur2
1179,F,164.5,66.2,38.4,91.3,92.8,101.0,0.919,1.016,0.904,0.38,APPLE,0.637,ansur2
1180,F,170.7,71.9,39.4,92.3,80.6,102.5,0.786,0.873,0.9,0.384,PEAR,0.68,ansur2
1181,F,161.1,58.6,35.6,88.9,74.9,96.7,0.775,0.843,0.919,0.368,RECTANGLE,0.5,ansur2
1182,F,154.3,57.6,36.5,84.5,76.7,92.6,0.828,0.908,0.913,0.394,RECTANGLE,0.5,ansur2
1183,F,160.4,56.0,35.9,87.4,74.8,93.2,0.803,0.856,0.938,0.385,RECTANGLE,0.5,ansur2
1184,F,158.8,61.6,33.7,85.1,79.8,99.0,0.806,0.938,0.86,0.34,PEAR,0.773,ansur2
1185,F,154.3,53.3,33.7,81.1,72.2,91.2,0.792,0.89,0.889,0.37,PEAR,0.678,ansur2
1186,F,163.0,67.8,35.4,99.8,88.8,103.4,0.859,0.89,0.965,0.342,HOURGLASS,0.7,ansur2
1187,F,167.4,77.6,39.9,97.4,78.4,100.0,0.784,0.805,0.974,0.399,HOURGLASS,0.9,ansur2
1188,F,156.0,65.8,36.1,93.5,77.8,101.2,0.769,0.832,0.924,0.357,RECTANGLE,0.5,ansur2
1189,F,162.0,66.6,34.9,100.1,93.0,99.7,0.933,0.929,1.004,0.35,RECTANGLE,0.715,ansur2
1190,F,161.3,54.9,36.3,79.0,74.0,95.7,0.773,0.937,0.825,0.379,PEAR,0.843,ansur2
1191,F,154.1,53.9,36.3,85.4,81.8,92.7,0.882,0.958,0.921,0.392,RECTANGLE,0.5,ansur2
1192,F,159.5,81.4,36.8,105.6,102.6,115.3,0.89,0.972,0.916,0.319,PEAR,0.668,ansur2
1193,F,160.0,61.1,33.5,92.3,79.6,95.0,0.838,0.862,0.972,0.353,HOURGLASS,0.743,ansur2
1194,F,169.0,77.7,36.6,94.2,86.5,107.8,0.802,0.918,0.874,0.34,PEAR,0.765,ansur2
1195,F,161.2,72.5,33.0,93.0,89.2,104.6,0.853,0.959,0.889,0.315,PEAR,0.715,ansur2
1196,F,155.9,66.4,34.5,94.5,89.1,99.5,0.895,0.943,0.95,0.347,RECTANGLE,0.6,ansur2
1197,F,167.8,80.6,37.6,103.7,98.5,111.0,0.887,0.95,0.934,0.339,RECTANGLE,0.5,ansur2
1198,F,160.8,52.2,33.0,83.6,76.7,94.9,0.808,0.917,0.881,0.348,PEAR,0.708,ansur2
1199,F,155.9,47.8,34.7,79.0,69.8,88.1,0.792,0.884,0.897,0.394,PEAR,0.652,ansur2
1200,F,168.3,84.5,37.6,104.0,103.1,111.3,0.926,0.991,0.934,0.338,APPLE,0.623,ansur2
1201,F,158.6,68.5,38.3,98.5,86.9,106.0,0.82,0.882,0.929,0.361,RECTANGLE,0.5,ansur2
1202,F,164.6,64.6,34.9,93.2,85.3,98.3,0.868,0.915,0.948,0.355,RECTANGLE,0.5,ansur2
1203,F,165.6,67.9,36.7,90.8,78.8,101.9,0.773,0.868,0.891,0.36,PEAR,0.703,ansur2
1204,F,151.5,50.9,34.3,82.0,75.5,90.1,0.838,0.921,0.91,0.381,RECTANGLE,0.5,ansur2
1205,F,175.4,74.5,40.0,95.3,86.8,101.8,0.853,0.911,0.936,0.393,RECTANGLE,0.5,ansur2
1206,F,169.9,67.0,38.1,93.4,77.3,102.8,0.752,0.828,0.909,0.371,PEAR,0.66,ansur2
1207,F,157.3,57.3,33.6,96.9,84.7,94.0,0.901,0.874,1.031,0.357,HOURGLASS,0.657,ansur2
1208,F,165.7,59.7,32.2,84.1,79.9,98.2,0.814,0.95,0.856,0.328,PEAR,0.778,ansur2
1209,F,165.5,66.5,33.4,99.8,89.5,97.3,0.92,0.897,1.026,0.343,RECTANGLE,0.662,ansur2
1210,F,150.2,50.5,33.5,82.6,74.0,89.6,0.826,0.896,0.922,0.374,RECTANGLE,0.5,ansur2
1211,F,165.3,74.9,35.0,95.3,92.7,107.4,0.863,0.973,0.887,0.326,PEAR,0.728,ansur2
1212,F,163.3,75.6,37.1,100.1,90.5,104.6,0.865,0.904,0.957,0.355,HOURGLASS,0.665,ansur2
1213,F,158.5,63.4,36.4,95.6,83.7,95.3,0.878,0.876,1.003,0.382,HOURGLASS,0.715,ansur2
1214,F,163.2,76.8,35.3,97.5,89.6,112.3,0.798,0.919,0.868,0.314,PEAR,0.795,ansur2
1215,F,161.6,80.4,37.6,101.9,96.8,112.2,0.863,0.95,0.908,0.335,PEAR,0.682,ansur2
1216,F,167.0,76.2,36.8,97.1,94.1,109.1,0.863,0.969,0.89,0.337,PEAR,0.725,ansur2
1217,F,163.2,52.6,35.4,89.0,69.8,91.9,0.76,0.784,0.968,0.385,HOURGLASS,0.905,ansur2
1218,F,164.8,65.3,39.3,83.4,78.5,98.3,0.799,0.941,0.848,0.4,PEAR,0.797,ansur2
1219,F,157.6,72.6,34.6,104.6,92.8,103.0,0.901,0.887,1.016,0.336,HOURGLASS,0.68,ansur2
1220,F,160.6,55.7,36.0,92.0,78.3,91.5,0.856,0.851,1.005,0.393,HOURGLASS,0.755,ansur2
1221,F,165.2,59.9,37.0,86.9,77.2,98.1,0.787,0.888,0.886,0.377,PEAR,0.705,ansur2
1222,F,162.5,75.9,37.0,100.3,97.0,107.1,0.906,0.967,0.937,0.345,RECTANGLE,0.5,ansur2
1223,F,159.8,60.7,33.5,95.5,88.0,96.0,0.917,0.921,0.995,0.349,RECTANGLE,0.713,ansur2
1224,F,161.8,66.9,35.2,106.8,94.6,106.4,0.889,0.886,1.004,0.331,HOURGLASS,0.72,ansur2
1225,F,167.4,69.7,36.2,98.8,91.5,101.4,0.902,0.926,0.974,0.357,RECTANGLE,0.66,ansur2
1226,F,156.3,61.4,36.7,91.2,85.5,102.5,0.834,0.938,0.89,0.358,PEAR,0.707,ansur2
1227,F,172.8,74.2,39.3,102.7,88.1,109.8,0.802,0.858,0.935,0.358,RECTANGLE,0.5,ansur2
1228,F,159.0,67.1,36.5,99.5,85.5,105.5,0.81,0.859,0.943,0.346,RECTANGLE,0.5,ansur2
1229,F,163.6,57.7,38.2,83.4,82.5,97.4,0.847,0.989,0.856,0.392,APPLE,0.623,ansur2
1230,F,165.5,80.3,37.5,97.2,93.9,106.1,0.885,0.966,0.916,0.353,RECTANGLE,0.5,ansur2
1231,F,170.7,63.4,37.5,92.8,83.7,100.3,0.834,0.902,0.925,0.374,RECTANGLE,0.5,ansur2
1232,F,167.6,68.1,36.6,89.1,82.2,106.2,0.774,0.923,0.839,0.345,PEAR,0.853,ansur2
1233,F,163.3,73.4,36.7,99.8,89.5,108.3,0.826,0.897,0.922,0.339,RECTANGLE,0.5,ansur2
1234,F,160.7,67.2,37.6,98.3,80.3,103.2,0.778,0.817,0.953,0.364,HOURGLASS,0.875,ansur2
1235,F,161.8,66.2,33.8,91.9,91.1,103.6,0.879,0.991,0.887,0.326,APPLE,0.62,ansur2
1236,F,170.8,70.3,37.7,91.6,82.2,108.6,0.757,0.897,0.843,0.347,PEAR,0.85,ansur2
1237,F,173.5,70.9,37.5,92.0,79.0,102.2,0.773,0.859,0.9,0.367,PEAR,0.68,ansur2
1238,F,171.5,58.6,37.8,85.5,70.0,91.5,0.765,0.819,0.934,0.413,RECTANGLE,0.5,ansur2
1239,F,157.0,49.3,35.1,92.3,72.7,89.8,0.81,0.788,1.028,0.391,HOURGLASS,0.852,ansur2
1240,F,164.2,73.3,36.4,98.8,84.9,104.5,0.812,0.859,0.945,0.348,RECTANGLE,0.5,ansur2
1241,F,178.8,99.6,37.5,109.8,117.4,117.0,1.003,1.069,0.938,0.321,APPLE,0.79,ansur2
1242,F,160.0,64.8,34.6,91.3,83.7,103.5,0.809,0.917,0.882,0.334,PEAR,0.73,ansur2
1243,F,167.5,72.9,36.6,93.6,83.5,103.3,0.808,0.892,0.906,0.354,PEAR,0.668,ansur2
1244,F,163.4,90.2,36.3,109.3,111.4,116.5,0.956,1.019,0.938,0.312,APPLE,0.653,ansur2
1245,F,157.6,75.4,34.3,103.7,96.0,107.8,0.891,0.926,0.962,0.318,RECTANGLE,0.623,ansur2
1246,F,159.9,65.4,38.8,90.3,81.4,98.8,0.824,0.901,0.914,0.393,RECTANGLE,0.5,ansur2
1247,F,159.8,70.8,36.2,88.3,82.4,105.4,0.782,0.933,0.838,0.343,PEAR,0.853,ansur2
1248,F,154.8,64.7,34.8,98.6,88.9,101.6,0.875,0.902,0.97,0.343,HOURGLASS,0.667,ansur2
1249,F,160.7,63.1,36.7,92.0,79.0,99.3,0.796,0.859,0.926,0.37,RECTANGLE,0.5,ansur2
1250,F,168.6,66.6,35.1,90.4,77.5,102.7,0.755,0.857,0.88,0.342,PEAR,0.732,ansur2
1251,F,164.0,66.7,35.5,86.5,82.7,100.3,0.825,0.956,0.862,0.354,PEAR,0.77,ansur2
1252,F,156.3,49.7,34.3,86.4,70.7,90.3,0.783,0.818,0.957,0.38,HOURGLASS,0.818,ansur2
1253,F,159.1,55.8,35.1,84.8,78.8,95.3,0.827,0.929,0.89,0.368,PEAR,0.688,ansur2
1254,F,167.8,92.1,35.4,109.7,98.2,116.0,0.847,0.895,0.946,0.305,RECTANGLE,0.5,ansur2
1255,F,167.0,69.5,36.6,93.7,80.4,104.4,0.77,0.858,0.898,0.351,PEAR,0.693,ansur2
1256,F,152.9,56.3,34.8,94.7,84.7,91.4,0.927,0.894,1.036,0.381,RECTANGLE,0.643,ansur2
1257,F,161.6,60.3,35.7,86.0,75.7,97.0,0.78,0.88,0.887,0.368,PEAR,0.7,ansur2
1258,F,162.0,64.7,39.7,95.9,86.0,102.2,0.841,0.897,0.938,0.388,RECTANGLE,0.5,ansur2
1259,F,151.0,64.2,35.2,94.5,82.7,104.1,0.794,0.875,0.908,0.338,PEAR,0.665,ansur2
1260,F,162.6,70.1,37.2,102.2,85.2,106.9,0.797,0.834,0.956,0.348,HOURGLASS,0.85,ansur2
1261,F,160.0,58.3,36.1,85.9,81.5,98.5,0.827,0.949,0.872,0.366,PEAR,0.74,ansur2
1262,F,167.9,84.3,39.2,107.6,96.6,110.8,0.872,0.898,0.971,0.354,HOURGLASS,0.7,ansur2
1263,F,160.0,69.6,36.1,105.5,92.8,106.8,0.869,0.88,0.988,0.338,HOURGLASS,0.743,ansur2
1264,F,161.8,73.5,35.2,107.2,90.6,106.2,0.853,0.845,1.009,0.331,HOURGLASS,0.815,ansur2
1265,F,162.9,47.0,35.0,86.3,72.9,85.9,0.849,0.845,1.005,0.407,HOURGLASS,0.75,ansur2
1266,F,165.1,60.8,37.5,90.1,77.5,97.3,0.797,0.86,0.926,0.385,RECTANGLE,0.5,ansur2
1267,F,159.6,51.5,35.2,79.1,74.2,93.3,0.795,0.938,0.848,0.377,PEAR,0.78,ansur2
1268,F,165.4,71.7,36.6,98.3,88.2,107.0,0.824,0.897,0.919,0.342,RECTANGLE,0.5,ansur2
1269,F,177.6,88.9,40.4,103.5,99.5,116.7,0.853,0.961,0.887,0.346,PEAR,0.755,ansur2
1270,F,154.6,53.2,35.0,84.5,70.5,95.6,0.737,0.834,0.884,0.366,PEAR,0.702,ansur2
1271,F,167.6,74.7,37.5,99.0,87.6,99.9,0.877,0.885,0.991,0.375,HOURGLASS,0.71,ansur2
1272,F,158.5,62.2,35.7,92.4,77.5,101.8,0.761,0.839,0.908,0.351,PEAR,0.66,ansur2
1273,F,159.4,57.4,35.7,89.9,73.3,92.4,0.793,0.815,0.973,0.386,HOURGLASS,0.84,ansur2
1274,F,162.9,56.5,38.2,87.0,78.1,95.0,0.822,0.898,0.916,0.402,RECTANGLE,0.5,ansur2
1275,F,158.1,64.6,36.5,97.2,84.0,101.7,0.826,0.864,0.956,0.359,HOURGLASS,0.755,ansur2
1276,F,161.4,52.9,33.3,85.5,75.1,90.2,0.833,0.878,0.948,0.369,HOURGLASS,0.685,ansur2
1277,F,155.9,64.8,36.6,94.7,83.4,101.2,0.824,0.881,0.936,0.362,RECTANGLE,0.5,ansur2
1278,F,169.7,75.1,37.7,96.7,87.8,105.4,0.833,0.908,0.917,0.358,RECTANGLE,0.5,ansur2
1279,F,167.4,74.0,38.7,102.6,87.9,103.1,0.853,0.857,0.995,0.375,HOURGLASS,0.792,ansur2
1280,F,169.2,75.8,37.8,101.8,97.4,103.9,0.937,0.957,0.98,0.364,RECTANGLE,0.672,ansur2
1281,F,161.5,55.4,34.4,84.9,76.0,90.3,0.842,0.895,0.94,0.381,RECTANGLE,0.5,ansur2
1282,F,176.2,85.2,35.0,104.5,96.4,107.5,0.897,0.922,0.972,0.326,RECTANGLE,0.65,ansur2
1283,F,157.3,81.4,35.5,98.6,102.5,115.5,0.887,1.04,0.854,0.307,APPLE,0.698,ansur2
1284,F,167.4,82.4,38.2,106.4,96.6,110.2,0.877,0.908,0.966,0.347,HOURGLASS,0.67,ansur2
1285,F,153.1,50.3,34.3,87.4,76.1,93.0,0.818,0.871,0.94,0.369,RECTANGLE,0.5,ansur2
1286,F,150.5,60.7,35.4,96.4,90.5,99.8,0.907,0.939,0.966,0.355,RECTANGLE,0.64,ansur2
1287,F,170.0,69.2,39.0,85.8,85.1,100.7,0.845,0.992,0.852,0.387,APPLE,0.618,ansur2
1288,F,153.9,64.0,34.5,99.2,90.3,98.1,0.92,0.91,1.011,0.352,RECTANGLE,0.697,ansur2
1289,F,162.0,65.0,37.1,88.5,82.0,98.9,0.829,0.927,0.895,0.375,PEAR,0.685,ansur2
1290,F,171.2,58.0,36.8,82.8,71.9,93.5,0.769,0.868,0.886,0.394,PEAR,0.693,ansur2
1291,F,155.4,60.1,37.6,92.7,81.0,101.0,0.802,0.874,0.918,0.372,RECTANGLE,0.5,ansur2
1292,F,159.8,60.1,35.1,82.1,72.8,98.5,0.739,0.887,0.834,0.356,PEAR,0.835,ansur2
1293,F,161.2,66.4,32.3,96.8,84.5,100.2,0.843,0.873,0.966,0.322,HOURGLASS,0.732,ansur2
1294,F,170.7,70.3,37.8,85.7,80.6,105.3,0.765,0.94,0.814,0.359,PEAR,0.915,ansur2
1295,F,161.1,61.6,35.2,92.2,76.4,98.0,0.78,0.829,0.941,0.359,RECTANGLE,0.5,ansur2
1296,F,159.9,65.4,35.4,96.7,85.4,97.5,0.876,0.883,0.992,0.363,HOURGLASS,0.707,ansur2
1297,F,156.9,58.9,35.0,84.8,74.7,96.4,0.775,0.881,0.88,0.363,PEAR,0.715,ansur2
1298,F,166.3,52.4,37.1,86.4,65.6,90.2,0.727,0.759,0.958,0.411,HOURGLASS,0.945,ansur2
1299,F,166.6,70.6,36.6,96.2,88.6,101.6,0.872,0.921,0.947,0.36,RECTANGLE,0.5,ansur2
1300,F,165.9,67.6,37.9,83.7,80.1,99.8,0.803,0.957,0.839,0.38,PEAR,0.827,ansur2
1301,F,154.3,62.3,34.5,96.5,89.5,96.6,0.927,0.927,0.999,0.357,RECTANGLE,0.723,ansur2
1302,F,157.1,62.8,35.3,93.1,91.6,99.8,0.918,0.984,0.933,0.354,APPLE,0.637,ansur2
1303,F,161.8,50.3,34.0,79.5,68.1,90.8,0.75,0.857,0.876,0.374,PEAR,0.707,ansur2
1304,F,161.0,59.9,35.2,91.0,79.0,99.6,0.793,0.868,0.914,0.353,RECTANGLE,0.5,ansur2
1305,F,151.2,50.8,36.9,78.6,68.0,92.2,0.738,0.865,0.852,0.4,PEAR,0.765,ansur2
1306,F,155.5,52.0,35.0,78.5,72.5,88.4,0.82,0.924,0.888,0.396,PEAR,0.673,ansur2
1307,F,172.9,83.1,38.7,105.0,94.2,105.5,0.893,0.897,0.995,0.367,HOURGLASS,0.695,ansur2
1308,F,159.3,62.2,36.3,96.4,83.8,95.0,0.882,0.869,1.015,0.382,HOURGLASS,0.705,ansur2
1309,F,160.9,70.6,36.9,97.3,88.3,102.7,0.86,0.908,0.947,0.359,RECTANGLE,0.5,ansur2
1310,F,164.8,66.7,36.7,91.7,90.7,103.2,0.879,0.989,0.889,0.356,APPLE,0.625,ansur2
1311,F,163.1,73.0,36.8,95.3,87.8,104.5,0.84,0.921,0.912,0.352,PEAR,0.655,ansur2
1312,F,171.2,84.2,39.2,103.2,98.0,112.9,0.868,0.95,0.914,0.347,PEAR,0.668,ansur2
1313,F,154.1,54.9,33.6,79.9,79.4,95.5,0.831,0.994,0.837,0.352,APPLE,0.612,ansur2
1314,F,166.3,60.9,38.2,86.4,75.4,98.1,0.769,0.873,0.881,0.389,PEAR,0.717,ansur2
1315,F,161.4,67.0,36.9,99.0,84.4,98.6,0.856,0.853,1.004,0.374,HOURGLASS,0.78,ansur2
1316,F,159.8,71.1,34.6,100.6,86.0,101.3,0.849,0.855,0.993,0.342,HOURGLASS,0.79,ansur2
1317,F,161.7,65.5,33.4,95.1,86.5,100.6,0.86,0.91,0.945,0.332,RECTANGLE,0.5,ansur2
1318,F,165.8,77.1,38.3,99.9,90.0,105.3,0.855,0.901,0.949,0.364,RECTANGLE,0.5,ansur2
1319,F,164.2,66.8,36.6,93.5,76.9,100.2,0.767,0.822,0.933,0.365,RECTANGLE,0.5,ansur2
1320,F,169.8,70.7,38.3,90.5,86.3,106.6,0.81,0.954,0.849,0.359,PEAR,0.827,ansur2
1321,F,164.8,75.7,37.7,104.5,93.6,102.7,0.911,0.896,1.018,0.367,HOURGLASS,0.653,ansur2
1322,F,175.6,85.7,37.2,99.0,86.6,111.6,0.776,0.875,0.887,0.333,PEAR,0.74,ansur2
1323,F,165.1,67.8,35.6,92.2,84.2,101.8,0.827,0.913,0.906,0.35,PEAR,0.665,ansur2
1324,F,163.4,63.0,36.1,89.3,81.9,99.8,0.821,0.917,0.895,0.362,PEAR,0.688,ansur2
1325,F,170.9,74.5,37.5,88.2,79.4,102.5,0.775,0.9,0.86,0.366,PEAR,0.782,ansur2
1326,F,168.6,56.4,40.1,82.8,74.6,91.8,0.813,0.901,0.902,0.437,PEAR,0.65,ansur2
1327,F,164.5,72.1,36.9,100.9,87.8,104.0,0.844,0.87,0.97,0.355,HOURGLASS,0.753,ansur2
1328,F,156.5,64.6,36.3,92.5,83.5,98.0,0.852,0.903,0.944,0.37,RECTANGLE,0.5,ansur2
1329,F,153.7,44.4,32.9,80.5,69.0,85.3,0.809,0.857,0.944,0.386,HOURGLASS,0.713,ansur2
1330,F,151.1,59.1,34.5,91.8,80.0,98.2,0.815,0.871,0.935,0.351,RECTANGLE,0.5,ansur2
1331,F,164.9,69.6,35.7,94.1,84.8,103.4,0.82,0.901,0.91,0.345,PEAR,0.658,ansur2
1332,F,145.8,44.5,35.0,80.8,69.4,87.6,0.792,0.859,0.922,0.4,RECTANGLE,0.5,ansur2
1333,F,175.9,72.6,39.4,89.3,76.5,99.7,0.767,0.857,0.896,0.395,PEAR,0.685,ansur2
1334,F,155.8,70.7,35.5,90.4,88.5,109.0,0.812,0.979,0.829,0.326,APPLE,0.648,ansur2
1335,F,168.8,64.3,37.5,93.7,79.7,98.0,0.813,0.851,0.956,0.383,HOURGLASS,0.775,ansur2
1336,F,158.1,65.4,35.9,86.9,83.1,101.9,0.816,0.956,0.853,0.352,PEAR,0.8,ansur2
1337,F,158.3,62.6,38.2,90.2,84.0,97.5,0.862,0.931,0.925,0.392,RECTANGLE,0.5,ansur2
1338,F,164.3,73.6,39.8,92.6,87.1,105.9,0.822,0.941,0.874,0.376,PEAR,0.758,ansur2
1339,F,175.2,85.3,39.4,103.1,95.5,110.9,0.861,0.926,0.93,0.355,RECTANGLE,0.5,ansur2
1340,F,160.0,75.0,35.6,94.8,93.6,118.8,0.788,0.987,0.798,0.3,APPLE,0.63,ansur2
1341,F,161.8,79.7,35.9,108.6,90.5,109.4,0.827,0.833,0.993,0.328,HOURGLASS,0.877,ansur2
1342,F,171.0,83.7,40.4,105.3,100.5,105.2,0.955,0.954,1.001,0.384,RECTANGLE,0.723,ansur2
1343,F,158.5,59.0,36.1,83.8,75.6,95.2,0.794,0.902,0.88,0.379,PEAR,0.71,ansur2
1344,F,159.5,51.2,37.0,84.0,71.9,88.7,0.811,0.856,0.947,0.417,HOURGLASS,0.727,ansur2
1345,F,161.4,62.1,36.2,94.5,79.4,98.7,0.804,0.84,0.957,0.367,HOURGLASS,0.802,ansur2
1346,F,166.3,81.0,34.8,105.8,96.7,107.4,0.9,0.914,0.985,0.324,HOURGLASS,0.652,ansur2
1347,F,161.7,61.4,35.9,91.5,84.6,97.2,0.87,0.925,0.941,0.369,RECTANGLE,0.5,ansur2
1348,F,159.6,54.4,35.3,85.3,73.8,95.2,0.775,0.865,0.896,0.371,PEAR,0.673,ansur2
1349,F,160.2,60.3,33.3,87.5,79.0,96.0,0.823,0.903,0.911,0.347,RECTANGLE,0.5,ansur2
1350,F,169.4,79.2,37.3,102.1,92.6,106.4,0.87,0.907,0.96,0.351,HOURGLASS,0.662,ansur2
1351,F,151.0,61.8,33.3,101.5,85.3,101.4,0.841,0.84,1.001,0.328,HOURGLASS,0.828,ansur2
1352,F,153.4,60.3,36.1,99.5,88.6,95.4,0.929,0.89,1.043,0.378,RECTANGLE,0.623,ansur2
1353,F,163.4,88.5,39.9,112.7,97.0,110.2,0.88,0.861,1.023,0.362,HOURGLASS,0.755,ansur2
1354,F,167.9,84.2,37.9,103.8,100.0,114.6,0.873,0.963,0.906,0.331,PEAR,0.695,ansur2
1355,F,161.8,79.8,35.5,101.1,95.6,118.9,0.804,0.946,0.85,0.299,PEAR,0.87,ansur2
1356,F,165.8,63.4,35.3,90.8,84.0,97.5,0.862,0.925,0.931,0.362,RECTANGLE,0.5,ansur2
1357,F,164.3,56.1,33.6,87.0,74.9,91.4,0.819,0.861,0.952,0.368,HOURGLASS,0.727,ansur2
1358,F,165.2,77.4,35.2,99.2,90.5,114.0,0.794,0.912,0.87,0.309,PEAR,0.795,ansur2
1359,F,161.5,73.0,35.2,98.8,84.7,107.8,0.786,0.857,0.917,0.327,PEAR,0.65,ansur2
1360,F,167.4,85.0,36.0,102.2,93.3,113.3,0.823,0.913,0.902,0.318,PEAR,0.702,ansur2
1361,F,152.7,64.3,34.6,99.5,88.3,98.0,0.901,0.887,1.015,0.353,HOURGLASS,0.668,ansur2
1362,F,151.8,50.5,34.9,87.7,71.0,90.8,0.782,0.81,0.966,0.384,HOURGLASS,0.843,ansur2
1363,F,165.3,72.9,37.5,84.0,82.5,111.6,0.739,0.982,0.753,0.336,APPLE,0.637,ansur2
1364,F,165.9,83.5,38.8,103.5,86.6,110.5,0.784,0.837,0.937,0.351,RECTANGLE,0.5,ansur2
1365,F,157.0,46.3,32.5,80.7,66.8,91.8,0.728,0.828,0.879,0.354,PEAR,0.702,ansur2
1366,F,157.0,80.2,35.8,106.3,112.1,101.5,1.104,1.055,1.047,0.353,APPLE,0.865,ansur2
1367,F,165.3,95.1,39.4,115.3,112.1,115.0,0.975,0.972,1.003,0.343,RECTANGLE,0.718,ansur2
1368,F,171.2,58.2,38.7,81.5,68.0,94.5,0.72,0.834,0.862,0.41,PEAR,0.75,ansur2
1369,F,151.9,70.3,32.8,99.9,86.3,103.5,0.834,0.864,0.965,0.317,HOURGLASS,0.765,ansur2
1370,F,170.2,101.9,39.7,114.5,112.7,123.2,0.915,0.984,0.929,0.322,APPLE,0.645,ansur2
1371,F,162.7,64.5,34.9,91.5,80.1,98.5,0.813,0.875,0.929,0.354,RECTANGLE,0.5,ansur2
1372,F,151.6,72.1,35.7,106.5,94.2,108.6,0.867,0.885,0.981,0.329,HOURGLASS,0.732,ansur2
1373,F,158.3,66.1,33.2,103.2,90.0,97.4,0.924,0.872,1.06,0.341,RECTANGLE,0.5,ansur2
1374,F,164.7,58.9,34.6,89.6,77.5,98.4,0.788,0.865,0.911,0.352,RECTANGLE,0.5,ansur2
1375,F,159.4,52.8,33.1,83.7,70.2,92.9,0.756,0.839,0.901,0.356,PEAR,0.655,ansur2
1376,F,161.7,62.3,35.4,91.3,78.3,98.2,0.797,0.858,0.93,0.36,RECTANGLE,0.5,ansur2
1377,F,167.4,89.6,38.3,118.8,103.2,105.6,0.977,0.869,1.125,0.363,INVERTED_TRIANGLE,0.755,ansur2
1378,F,160.5,83.3,36.3,103.0,98.1,113.0,0.868,0.952,0.912,0.321,PEAR,0.675,ansur2
1379,F,164.9,91.6,36.9,113.9,109.0,110.0,0.991,0.957,1.035,0.335,APPLE,0.625,ansur2
1380,F,160.3,67.7,36.6,86.9,78.0,109.4,0.713,0.898,0.794,0.335,PEAR,0.95,ansur2
1381,F,162.0,53.5,35.7,77.3,72.6,95.7,0.759,0.939,0.808,0.373,PEAR,0.885,ansur2
1382,F,158.4,71.2,35.5,105.2,90.8,100.4,0.904,0.863,1.048,0.354,HOURGLASS,0.665,ansur2
1383,F,157.9,52.7,33.5,86.0,72.5,91.8,0.79,0.843,0.937,0.365,RECTANGLE,0.5,ansur2
1384,F,160.8,72.1,37.4,104.5,93.3,107.0,0.872,0.893,0.977,0.35,HOURGLASS,0.705,ansur2
1385,F,165.6,58.9,35.0,93.2,78.1,93.5,0.835,0.838,0.997,0.374,HOURGLASS,0.803,ansur2
1386,F,163.9,73.1,34.4,95.3,86.7,110.1,0.787,0.91,0.866,0.312,PEAR,0.795,ansur2
1387,F,163.0,62.0,35.5,85.4,77.1,98.6,0.782,0.903,0.866,0.36,PEAR,0.755,ansur2
1388,F,161.5,69.5,34.1,103.3,99.1,103.1,0.961,0.959,1.002,0.331,RECTANGLE,0.72,ansur2
1389,F,158.4,62.0,34.0,93.9,85.0,92.3,0.921,0.905,1.017,0.368,RECTANGLE,0.685,ansur2
1390,F,166.4,66.9,35.7,95.4,81.4,98.9,0.823,0.853,0.965,0.361,HOURGLASS,0.775,ansur2
1391,F,154.5,54.3,34.6,89.3,83.0,90.1,0.921,0.929,0.991,0.384,RECTANGLE,0.705,ansur2
1392,F,168.8,64.8,34.0,86.7,86.2,102.5,0.841,0.994,0.846,0.332,APPLE,0.612,ansur2
1393,F,167.3,62.5,38.2,84.2,70.1,97.3,0.72,0.833,0.865,0.393,PEAR,0.752,ansur2
1394,F,164.7,64.3,35.3,86.6,80.7,107.9,0.748,0.932,0.803,0.327,PEAR,0.95,ansur2
1395,F,163.7,73.6,38.1,95.7,95.7,111.1,0.861,1.0,0.861,0.343,APPLE,0.6,ansur2
1396,F,178.7,82.4,37.0,103.6,92.2,111.8,0.825,0.89,0.927,0.331,RECTANGLE,0.5,ansur2
1397,F,150.3,70.1,33.3,99.2,89.5,110.3,0.811,0.902,0.899,0.302,PEAR,0.702,ansur2
1398,F,156.2,69.9,34.8,104.0,94.0,102.1,0.921,0.904,1.019,0.341,RECTANGLE,0.677,ansur2
1399,F,155.8,75.4,33.3,102.1,91.2,108.8,0.838,0.893,0.938,0.306,RECTANGLE,0.5,ansur2
1400,F,157.6,64.7,36.6,94.6,81.8,102.6,0.797,0.865,0.922,0.357,RECTANGLE,0.5,ansur2
1401,F,162.8,66.6,34.5,96.1,83.0,105.0,0.79,0.864,0.915,0.329,RECTANGLE,0.5,ansur2
1402,F,174.8,83.1,36.5,110.0,94.4,111.7,0.845,0.858,0.985,0.327,HOURGLASS,0.815,ansur2
1403,F,157.2,63.2,34.6,99.4,84.0,97.2,0.864,0.845,1.023,0.356,HOURGLASS,0.755,ansur2
1404,F,174.3,74.6,38.3,93.7,82.4,107.0,0.77,0.879,0.876,0.358,PEAR,0.757,ansur2
1405,F,156.1,58.9,33.2,92.0,90.4,100.0,0.904,0.983,0.92,0.332,APPLE,0.64,ansur2
1406,F,162.3,64.3,38.5,92.5,82.5,98.9,0.834,0.892,0.935,0.389,RECTANGLE,0.5,ansur2
1407,F,164.9,70.5,36.2,96.5,90.8,104.7,0.867,0.941,0.922,0.346,RECTANGLE,0.5,ansur2
1408,F,166.1,76.0,36.1,107.4,90.1,107.3,0.84,0.839,1.001,0.336,HOURGLASS,0.855,ansur2
1409,F,166.8,68.0,34.9,97.6,84.7,101.0,0.839,0.868,0.966,0.346,HOURGLASS,0.747,ansur2
1410,F,172.2,69.5,38.8,94.1,84.2,107.4,0.784,0.895,0.876,0.361,PEAR,0.758,ansur2
1411,F,167.4,86.8,39.0,104.5,107.7,111.3,0.968,1.031,0.939,0.35,APPLE,0.68,ansur2
1412,F,166.3,65.3,37.7,90.2,77.0,100.3,0.768,0.854,0.899,0.376,PEAR,0.677,ansur2
1413,F,154.3,80.4,32.9,100.1,85.6,116.4,0.735,0.855,0.86,0.283,PEAR,0.833,ansur2
1414,F,156.1,67.3,38.3,93.5,76.3,104.2,0.732,0.816,0.897,0.368,PEAR,0.693,ansur2
1415,F,158.7,51.6,34.0,80.2,68.2,88.5,0.771,0.85,0.906,0.384,RECTANGLE,0.5,ansur2
1416,F,149.5,52.6,33.6,92.8,84.1,87.8,0.958,0.906,1.057,0.383,RECTANGLE,0.6,ansur2
1417,F,164.5,91.4,34.8,112.9,110.6,117.8,0.939,0.98,0.958,0.295,RECTANGLE,0.603,ansur2
1418,F,165.3,91.9,33.5,106.1,104.5,119.4,0.875,0.985,0.889,0.281,APPLE,0.64,ansur2
1419,F,168.5,75.7,37.9,100.5,99.3,105.3,0.943,0.988,0.954,0.36,APPLE,0.63,ansur2
1420,F,156.9,71.7,37.5,104.8,101.7,108.0,0.942,0.97,0.97,0.347,RECTANGLE,0.645,ansur2
1421,F,165.6,73.8,36.0,91.5,85.1,103.2,0.825,0.93,0.887,0.349,PEAR,0.718,ansur2
1422,F,167.2,76.9,36.0,92.0,86.0,110.2,0.78,0.935,0.835,0.327,PEAR,0.88,ansur2
1423,F,162.2,69.2,39.1,93.2,78.5,101.5,0.773,0.842,0.918,0.385,RECTANGLE,0.5,ansur2
1424,F,166.4,60.9,37.8,89.4,76.5,95.1,0.804,0.856,0.94,0.397,RECTANGLE,0.5,ansur2
1425,F,163.6,59.6,36.2,85.4,73.7,95.4,0.773,0.863,0.895,0.379,PEAR,0.675,ansur2
1426,F,166.6,74.0,37.7,104.5,95.3,102.9,0.926,0.912,1.016,0.366,RECTANGLE,0.685,ansur2
1427,F,155.8,80.4,36.7,105.6,97.3,113.4,0.858,0.921,0.931,0.324,RECTANGLE,0.5,ansur2
1428,F,167.4,93.4,37.8,109.3,95.8,113.5,0.844,0.876,0.963,0.333,HOURGLASS,0.763,ansur2
1429,F,153.4,56.8,33.1,95.2,81.2,102.8,0.79,0.853,0.926,0.322,RECTANGLE,0.5,ansur2
1430,F,163.0,62.6,34.0,84.7,92.3,107.1,0.862,1.09,0.791,0.317,APPLE,0.79,ansur2
1431,F,167.1,73.8,36.6,100.5,87.8,107.0,0.821,0.874,0.939,0.342,RECTANGLE,0.5,ansur2
1432,F,178.9,80.8,37.3,96.8,81.6,110.2,0.74,0.843,0.878,0.338,PEAR,0.76,ansur2
1433,F,155.3,62.4,38.3,85.2,83.1,103.2,0.805,0.975,0.826,0.371,PEAR,0.875,ansur2
1434,F,167.3,77.5,36.5,101.0,90.3,115.9,0.779,0.894,0.871,0.315,PEAR,0.798,ansur2
1435,F,159.8,63.1,37.0,90.2,82.4,104.3,0.79,0.914,0.865,0.355,PEAR,0.777,ansur2
1436,F,179.8,87.5,42.1,99.0,97.2,107.0,0.908,0.982,0.925,0.393,APPLE,0.645,ansur2
1437,F,164.1,65.0,37.8,88.8,80.0,96.0,0.833,0.901,0.925,0.394,RECTANGLE,0.5,ansur2
1438,F,171.8,65.0,39.6,84.8,77.2,96.5,0.8,0.91,0.879,0.41,PEAR,0.718,ansur2
1439,F,156.8,63.8,37.4,100.1,92.5,99.0,0.934,0.924,1.011,0.378,RECTANGLE,0.698,ansur2
1440,F,165.2,64.2,33.6,92.3,84.0,99.1,0.848,0.91,0.931,0.339,RECTANGLE,0.5,ansur2
1441,F,167.6,69.8,37.4,95.4,82.9,103.7,0.799,0.869,0.92,0.361,RECTANGLE,0.5,ansur2
1442,F,159.5,83.1,36.7,108.3,96.8,110.7,0.874,0.894,0.978,0.332,HOURGLASS,0.713,ansur2
1443,F,169.7,96.2,34.4,105.3,109.5,126.6,0.865,1.04,0.832,0.272,APPLE,0.705,ansur2
1444,F,170.3,93.0,38.2,116.7,105.0,118.1,0.889,0.9,0.988,0.323,HOURGLASS,0.718,ansur2
1445,F,156.7,48.9,35.1,82.6,69.6,88.2,0.789,0.843,0.937,0.398,RECTANGLE,0.5,ansur2
1446,F,155.4,53.6,35.0,81.8,76.0,92.6,0.821,0.929,0.883,0.378,PEAR,0.695,ansur2
1447,F,164.5,62.9,38.8,93.0,73.6,98.7,0.746,0.791,0.942,0.393,RECTANGLE,0.5,ansur2
1448,F,162.5,51.0,39.0,81.8,65.1,87.4,0.745,0.796,0.936,0.446,RECTANGLE,0.5,ansur2
1449,F,156.0,65.4,33.0,96.6,83.7,103.5,0.809,0.866,0.933,0.319,RECTANGLE,0.5,ansur2
1450,F,150.1,58.8,34.0,94.6,79.8,100.3,0.796,0.844,0.943,0.339,RECTANGLE,0.5,ansur2
1451,F,161.7,65.0,36.5,93.1,88.0,99.0,0.889,0.945,0.94,0.369,RECTANGLE,0.5,ansur2
1452,F,166.0,67.9,36.5,91.3,79.0,101.0,0.782,0.865,0.904,0.361,PEAR,0.668,ansur2
1453,F,163.5,71.9,33.6,105.3,104.5,104.2,1.003,0.992,1.011,0.322,APPLE,0.607,ansur2
1454,F,162.1,92.0,38.4,98.4,103.3,117.4,0.88,1.05,0.838,0.327,APPLE,0.722,ansur2
1455,F,159.6,61.8,36.5,92.0,75.7,99.6,0.76,0.823,0.924,0.366,RECTANGLE,0.5,ansur2
1456,F,164.9,71.2,37.2,95.1,88.5,107.7,0.822,0.931,0.883,0.345,PEAR,0.74,ansur2
1457,F,159.0,64.3,36.0,92.1,89.3,105.0,0.85,0.97,0.877,0.343,PEAR,0.748,ansur2
1458,F,163.0,79.3,37.1,93.5,96.8,111.2,0.871,1.035,0.841,0.334,APPLE,0.682,ansur2
1459,F,150.5,57.5,33.8,90.3,93.0,100.5,0.925,1.03,0.899,0.336,APPLE,0.668,ansur2
1460,F,159.0,68.6,36.5,97.9,83.7,105.1,0.796,0.855,0.931,0.347,RECTANGLE,0.5,ansur2
1461,F,161.3,68.8,35.9,88.2,84.0,101.9,0.824,0.952,0.866,0.352,PEAR,0.768,ansur2
1462,F,162.0,77.8,35.9,98.1,90.0,106.4,0.846,0.917,0.922,0.337,RECTANGLE,0.5,ansur2
1463,F,168.7,76.5,39.2,105.3,95.5,109.7,0.871,0.907,0.96,0.357,HOURGLASS,0.67,ansur2
1464,F,161.3,59.0,36.1,88.7,79.6,96.4,0.826,0.897,0.92,0.374,RECTANGLE,0.5,ansur2
1465,F,164.8,62.6,37.0,96.4,83.3,97.5,0.854,0.864,0.989,0.379,HOURGLASS,0.753,ansur2
1466,F,182.0,90.8,39.8,101.6,89.1,114.7,0.777,0.877,0.886,0.347,PEAR,0.753,ansur2
1467,F,161.3,50.0,36.5,86.3,65.6,86.6,0.758,0.76,0.997,0.421,HOURGLASS,0.943,ansur2
1468,F,171.9,68.8,36.1,97.8,80.8,100.8,0.802,0.826,0.97,0.358,HOURGLASS,0.85,ansur2
1469,F,154.3,56.7,33.5,92.6,80.3,99.5,0.807,0.867,0.931,0.337,RECTANGLE,0.5,ansur2
1470,F,167.4,62.2,38.4,91.3,80.7,97.9,0.824,0.884,0.933,0.392,RECTANGLE,0.5,ansur2
1471,F,166.2,70.7,37.7,98.1,86.5,99.3,0.871,0.882,0.988,0.38,HOURGLASS,0.715,ansur2
1472,F,161.2,68.5,35.5,94.5,87.6,102.4,0.855,0.927,0.923,0.347,RECTANGLE,0.5,ansur2
1473,F,160.5,57.1,35.5,83.6,72.3,93.6,0.772,0.865,0.893,0.379,PEAR,0.675,ansur2
1474,F,156.0,84.6,36.5,111.2,105.6,118.1,0.894,0.95,0.942,0.309,RECTANGLE,0.5,ansur2
1475,F,166.4,61.8,35.9,81.4,71.1,100.1,0.71,0.873,0.813,0.359,PEAR,0.892,ansur2
1476,F,166.2,67.2,36.3,94.3,78.0,97.7,0.798,0.827,0.965,0.372,HOURGLASS,0.833,ansur2
1477,F,162.0,69.2,36.2,92.4,77.8,105.5,0.737,0.842,0.876,0.343,PEAR,0.752,ansur2
1478,F,156.7,46.9,35.8,76.4,63.7,88.0,0.724,0.834,0.868,0.407,PEAR,0.715,ansur2
1479,F,168.9,67.4,37.9,87.3,79.0,99.4,0.795,0.905,0.878,0.381,PEAR,0.728,ansur2
1480,F,157.6,52.9,31.9,84.5,71.8,90.5,0.793,0.85,0.934,0.352,RECTANGLE,0.5,ansur2
1481,F,159.6,64.4,35.8,86.1,84.0,98.1,0.856,0.976,0.878,0.365,PEAR,0.725,ansur2
1482,F,168.4,81.9,37.2,102.3,102.6,108.3,0.947,1.003,0.945,0.343,APPLE,0.607,ansur2
1483,F,170.2,68.3,35.9,90.8,81.7,101.4,0.806,0.9,0.895,0.354,PEAR,0.69,ansur2
1484,F,174.5,58.2,35.2,85.2,68.9,93.2,0.739,0.809,0.914,0.378,RECTANGLE,0.5,ansur2
1485,F,159.9,53.2,35.2,86.1,76.4,94.9,0.805,0.887,0.907,0.371,RECTANGLE,0.5,ansur2
1486,F,162.8,70.3,38.1,98.5,85.8,103.8,0.827,0.871,0.949,0.367,RECTANGLE,0.5,ansur2
1487,F,165.1,80.7,36.3,103.7,85.5,115.0,0.743,0.824,0.902,0.316,PEAR,0.707,ansur2
1488,F,159.2,56.9,33.9,88.6,82.5,97.0,0.851,0.931,0.913,0.349,RECTANGLE,0.5,ansur2
1489,F,158.7,50.4,33.5,89.7,78.7,91.2,0.863,0.877,0.984,0.367,HOURGLASS,0.7,ansur2
1490,F,162.8,74.3,39.2,95.5,94.1,103.5,0.909,0.985,0.923,0.379,APPLE,0.635,ansur2
1491,F,162.7,64.8,35.3,91.8,84.0,102.6,0.819,0.915,0.895,0.344,PEAR,0.695,ansur2
1492,F,161.7,65.2,38.0,94.9,84.6,96.0,0.881,0.891,0.989,0.396,HOURGLASS,0.683,ansur2
1493,F,158.2,54.8,35.3,83.0,79.0,95.7,0.825,0.952,0.867,0.369,PEAR,0.743,ansur2
1494,F,153.7,56.1,34.0,89.7,77.6,93.6,0.829,0.865,0.958,0.363,HOURGLASS,0.728,ansur2
1495,F,162.9,66.3,38.3,91.6,82.3,99.6,0.826,0.898,0.92,0.385,RECTANGLE,0.5,ansur2
1496,F,164.0,57.7,35.1,90.0,72.5,97.1,0.747,0.806,0.927,0.361,RECTANGLE,0.5,ansur2
1497,F,167.5,79.0,35.8,93.4,90.8,115.0,0.79,0.972,0.812,0.311,PEAR,0.95,ansur2
1498,F,159.2,67.1,36.4,99.6,90.8,101.9,0.891,0.912,0.977,0.357,RECTANGLE,0.667,ansur2
1499,F,163.3,69.1,37.0,102.0,94.2,98.0,0.961,0.924,1.041,0.378,RECTANGLE,0.625,ansur2
1500,F,173.3,77.3,38.2,91.9,86.3,112.6,0.766,0.939,0.816,0.339,PEAR,0.942,ansur2
1501,F,161.0,62.2,37.7,89.3,73.3,94.5,0.776,0.821,0.945,0.399,RECTANGLE,0.5,ansur2
1502,F,156.6,62.0,36.5,94.3,85.2,96.4,0.884,0.903,0.978,0.379,HOURGLASS,0.652,ansur2
1503,F,163.9,69.1,35.2,99.0,89.8,98.7,0.91,0.907,1.003,0.357,RECTANGLE,0.718,ansur2
1504,F,158.0,62.6,33.2,88.5,87.9,105.6,0.832,0.993,0.838,0.314,APPLE,0.615,ansur2
1505,F,155.7,58.7,35.8,87.3,75.1,94.0,0.799,0.86,0.929,0.381,RECTANGLE,0.5,ansur2
1506,F,168.3,69.4,37.2,91.3,86.4,103.0,0.839,0.946,0.886,0.361,PEAR,0.718,ansur2
1507,F,159.7,64.7,35.0,93.0,77.9,103.4,0.753,0.838,0.899,0.338,PEAR,0.685,ansur2
1508,F,159.8,62.1,33.7,88.3,88.4,99.9,0.885,1.001,0.884,0.337,APPLE,0.603,ansur2
1509,F,161.3,69.8,36.8,95.6,94.0,107.7,0.873,0.983,0.888,0.342,APPLE,0.64,ansur2
1510,F,164.9,65.6,34.8,83.5,76.9,101.3,0.759,0.921,0.824,0.344,PEAR,0.87,ansur2
1511,F,167.2,60.2,37.0,84.7,75.7,98.6,0.768,0.894,0.859,0.375,PEAR,0.772,ansur2
1512,F,171.3,74.3,37.4,89.1,78.4,108.4,0.723,0.88,0.822,0.345,PEAR,0.908,ansur2
1513,F,164.1,74.4,37.1,103.2,99.1,106.9,0.927,0.96,0.965,0.347,RECTANGLE,0.632,ansur2
1514,F,161.2,63.3,37.1,92.8,78.8,98.9,0.797,0.849,0.938,0.375,RECTANGLE,0.5,ansur2
1515,F,159.6,62.1,35.0,89.2,80.7,97.0,0.832,0.905,0.92,0.361,RECTANGLE,0.5,ansur2
1516,F,144.2,46.7,28.3,82.1,72.0,90.1,0.799,0.877,0.911,0.314,RECTANGLE,0.5,ansur2
1517,F,155.5,63.9,38.0,97.8,84.9,100.1,0.848,0.868,0.977,0.38,HOURGLASS,0.747,ansur2
1518,F,149.7,57.9,34.0,91.5,85.8,101.1,0.849,0.938,0.905,0.336,PEAR,0.665,ansur2
1519,F,161.2,70.8,34.6,97.3,88.9,105.8,0.84,0.914,0.92,0.327,RECTANGLE,0.5,ansur2
1520,F,169.0,69.8,35.9,91.1,75.7,103.3,0.733,0.831,0.882,0.348,PEAR,0.73,ansur2
1521,F,163.4,65.4,36.2,98.1,82.8,105.4,0.786,0.844,0.931,0.343,RECTANGLE,0.5,ansur2
1522,F,150.9,54.2,34.3,90.0,82.0,91.5,0.896,0.911,0.984,0.375,RECTANGLE,0.688,ansur2
1523,F,158.2,59.3,35.5,86.2,73.9,104.7,0.706,0.857,0.823,0.339,PEAR,0.887,ansur2
1524,F,146.5,49.7,33.9,90.9,78.9,90.2,0.875,0.868,1.008,0.376,HOURGLASS,0.707,ansur2
1525,F,154.5,52.6,33.0,91.3,73.3,89.4,0.82,0.803,1.021,0.369,HOURGLASS,0.828,ansur2
1526,F,147.5,48.0,32.1,82.5,74.0,90.3,0.819,0.897,0.914,0.355,RECTANGLE,0.5,ansur2
1527,F,163.3,55.7,37.5,95.1,80.8,92.6,0.873,0.85,1.027,0.405,HOURGLASS,0.72,ansur2
1528,F,163.1,72.4,35.2,97.6,96.7,109.0,0.887,0.991,0.895,0.323,APPLE,0.622,ansur2
1529,F,162.6,66.1,35.2,94.5,90.9,103.3,0.88,0.962,0.915,0.341,RECTANGLE,0.5,ansur2
1530,F,153.3,79.4,38.7,105.7,96.2,111.5,0.863,0.91,0.948,0.347,RECTANGLE,0.5,ansur2
1531,F,155.3,57.2,31.3,90.4,83.4,96.3,0.866,0.923,0.939,0.325,RECTANGLE,0.5,ansur2
1532,F,175.2,78.5,40.4,94.6,94.8,105.8,0.896,1.002,0.894,0.382,APPLE,0.605,ansur2
1533,F,161.8,67.6,35.6,97.6,84.8,102.7,0.826,0.869,0.95,0.347,RECTANGLE,0.5,ansur2
1534,F,163.4,53.0,36.1,88.7,72.1,90.2,0.799,0.813,0.983,0.4,HOURGLASS,0.84,ansur2
1535,F,168.9,77.7,35.8,99.1,86.5,111.6,0.775,0.873,0.888,0.321,PEAR,0.738,ansur2
1536,F,153.4,52.4,33.3,87.7,79.3,97.3,0.815,0.904,0.901,0.342,PEAR,0.665,ansur2
1537,F,162.9,60.1,37.8,90.0,73.1,96.8,0.755,0.812,0.93,0.39,RECTANGLE,0.5,ansur2
1538,F,162.8,55.9,36.0,89.3,75.0,89.9,0.834,0.84,0.993,0.4,HOURGLASS,0.782,ansur2
1539,F,160.3,53.0,36.6,84.5,74.4,92.8,0.802,0.88,0.911,0.394,RECTANGLE,0.5,ansur2
1540,F,154.7,57.8,33.5,88.0,78.0,99.7,0.782,0.886,0.883,0.336,PEAR,0.718,ansur2
1541,F,158.5,64.4,34.2,101.0,86.0,104.5,0.823,0.851,0.967,0.327,HOURGLASS,0.8,ansur2
1542,F,163.8,69.3,36.0,101.6,90.0,107.1,0.84,0.886,0.949,0.336,RECTANGLE,0.5,ansur2
1543,F,175.4,84.9,38.4,103.3,95.5,114.3,0.836,0.924,0.904,0.336,PEAR,0.7,ansur2
1544,F,162.3,60.7,36.4,89.5,75.3,95.4,0.789,0.841,0.938,0.382,RECTANGLE,0.5,ansur2
1545,F,161.4,62.3,36.2,91.9,82.5,97.1,0.85,0.898,0.946,0.373,RECTANGLE,0.5,ansur2
1546,F,167.6,60.1,37.3,87.0,77.4,94.5,0.819,0.89,0.921,0.395,RECTANGLE,0.5,ansur2
1547,F,156.0,51.6,34.6,82.5,67.9,87.7,0.774,0.823,0.941,0.395,RECTANGLE,0.5,ansur2
1548,F,163.7,50.5,34.6,79.2,71.6,93.0,0.77,0.904,0.852,0.372,PEAR,0.77,ansur2
1549,F,154.2,53.2,31.7,89.2,69.9,95.7,0.73,0.784,0.932,0.331,RECTANGLE,0.5,ansur2
1550,F,153.6,56.6,36.6,90.4,81.4,97.8,0.832,0.9,0.924,0.374,RECTANGLE,0.5,ansur2
1551,F,161.3,73.2,38.9,94.5,85.3,103.0,0.828,0.903,0.917,0.378,RECTANGLE,0.5,ansur2
1552,F,159.5,57.6,35.5,90.8,78.3,93.9,0.834,0.862,0.967,0.378,HOURGLASS,0.738,ansur2
1553,F,165.9,80.7,38.3,100.5,86.0,117.8,0.73,0.856,0.853,0.325,PEAR,0.857,ansur2
1554,F,156.4,62.2,34.0,89.5,75.0,103.7,0.723,0.838,0.863,0.328,PEAR,0.78,ansur2
1555,F,168.6,72.6,36.5,101.4,96.0,103.9,0.924,0.947,0.976,0.351,RECTANGLE,0.662,ansur2
1556,F,167.8,71.1,37.0,97.8,87.3,103.7,0.842,0.893,0.943,0.357,RECTANGLE,0.5,ansur2
1557,F,157.3,57.2,35.0,97.5,92.3,93.7,0.985,0.947,1.041,0.374,APPLE,0.635,ansur2
1558,F,158.9,62.3,34.7,88.9,79.1,98.0,0.807,0.89,0.907,0.354,PEAR,0.652,ansur2
1559,F,162.1,60.2,37.9,88.4,77.1,97.0,0.795,0.872,0.911,0.391,RECTANGLE,0.5,ansur2
1560,F,167.9,80.5,37.5,113.5,98.3,109.8,0.895,0.866,1.034,0.342,HOURGLASS,0.713,ansur2
1561,F,159.8,56.1,34.3,91.4,78.7,94.2,0.835,0.861,0.97,0.364,HOURGLASS,0.743,ansur2
1562,F,171.3,52.0,37.2,76.6,65.7,92.3,0.712,0.858,0.83,0.403,PEAR,0.818,ansur2
1563,F,155.0,57.8,34.3,88.0,78.1,95.5,0.818,0.887,0.921,0.359,RECTANGLE,0.5,ansur2
1564,F,158.3,58.0,38.1,83.4,74.0,97.1,0.762,0.887,0.859,0.392,PEAR,0.767,ansur2
1565,F,154.0,61.2,32.9,83.4,81.9,105.7,0.775,0.982,0.789,0.311,APPLE,0.637,ansur2
1566,F,154.1,58.5,33.9,93.6,80.5,96.3,0.836,0.86,0.972,0.352,HOURGLASS,0.752,ansur2
1567,F,162.2,87.5,36.1,105.2,101.0,118.1,0.855,0.96,0.891,0.306,PEAR,0.747,ansur2
1568,F,179.3,77.3,36.1,101.5,90.5,105.4,0.859,0.892,0.963,0.343,HOURGLASS,0.7,ansur2
1569,F,171.3,75.5,38.3,102.6,92.0,106.1,0.867,0.897,0.967,0.361,HOURGLASS,0.69,ansur2
1570,F,160.3,67.8,36.3,104.3,92.4,103.2,0.895,0.886,1.011,0.352,HOURGLASS,0.695,ansur2
1571,F,171.1,88.8,38.3,106.2,100.3,111.7,0.898,0.944,0.951,0.343,RECTANGLE,0.5,ansur2
1572,F,164.1,66.5,36.7,92.1,78.0,98.0,0.796,0.847,0.94,0.374,RECTANGLE,0.5,ansur2
1573,F,149.4,58.0,35.0,96.3,100.3,101.5,0.988,1.042,0.949,0.345,APPLE,0.7,ansur2
1574,F,167.2,66.5,37.3,102.9,86.3,98.5,0.876,0.839,1.045,0.379,HOURGLASS,0.73,ansur2
1575,F,161.6,64.9,37.7,88.4,85.6,103.0,0.831,0.968,0.858,0.366,PEAR,0.79,ansur2
1576,F,158.5,67.3,36.5,98.3,90.2,102.2,0.883,0.918,0.962,0.357,RECTANGLE,0.627,ansur2
1577,F,161.2,74.4,33.7,106.5,101.0,107.5,0.94,0.948,0.991,0.313,RECTANGLE,0.7,ansur2
1578,F,166.3,57.6,36.2,86.9,75.9,98.2,0.773,0.873,0.885,0.369,PEAR,0.707,ansur2
1579,F,165.6,73.5,37.4,100.4,89.3,109.3,0.817,0.889,0.919,0.342,RECTANGLE,0.5,ansur2
1580,F,159.8,63.6,34.2,94.0,84.4,103.9,0.812,0.898,0.905,0.329,PEAR,0.673,ansur2
1581,F,154.5,43.2,34.2,77.0,66.5,85.1,0.781,0.864,0.905,0.402,RECTANGLE,0.5,ansur2
1582,F,163.4,74.7,36.3,107.2,93.0,108.3,0.859,0.868,0.99,0.335,HOURGLASS,0.78,ansur2
1583,F,170.4,66.9,39.2,97.1,80.7,99.1,0.814,0.831,0.98,0.396,HOURGLASS,0.835,ansur2
1584,F,166.4,82.6,37.5,110.0,95.7,111.1,0.861,0.87,0.99,0.338,HOURGLASS,0.782,ansur2
1585,F,152.2,57.8,35.6,87.3,86.8,101.5,0.855,0.994,0.86,0.351,APPLE,0.612,ansur2
1586,F,164.6,63.7,37.2,90.7,78.2,101.3,0.772,0.862,0.895,0.367,PEAR,0.69,ansur2
1587,F,155.7,75.8,35.8,101.9,96.6,106.0,0.911,0.948,0.961,0.338,RECTANGLE,0.623,ansur2
1588,F,162.5,59.4,35.7,95.0,77.8,102.4,0.76,0.819,0.928,0.349,RECTANGLE,0.5,ansur2
1589,F,167.1,87.2,35.1,114.3,98.0,112.0,0.875,0.857,1.021,0.313,HOURGLASS,0.775,ansur2
1590,F,153.5,69.3,36.5,97.0,85.0,108.3,0.785,0.876,0.896,0.337,PEAR,0.707,ansur2
1591,F,159.1,50.0,36.6,90.3,67.0,88.6,0.756,0.742,1.019,0.413,HOURGLASS,0.95,ansur2
1592,F,156.7,56.7,35.0,91.6,74.5,96.1,0.775,0.813,0.953,0.364,HOURGLASS,0.852,ansur2
1593,F,154.0,58.9,36.2,86.8,82.6,102.6,0.805,0.952,0.846,0.353,PEAR,0.82,ansur2
1594,F,157.3,64.0,34.1,98.7,86.0,97.2,0.885,0.871,1.015,0.351,HOURGLASS,0.705,ansur2
1595,F,163.7,68.3,36.1,94.2,79.7,102.9,0.775,0.846,0.915,0.351,RECTANGLE,0.5,ansur2
1596,F,160.4,56.6,34.4,90.8,70.6,94.3,0.749,0.778,0.963,0.365,HOURGLASS,0.93,ansur2
1597,F,174.0,63.2,36.5,88.1,73.0,94.5,0.772,0.829,0.932,0.386,RECTANGLE,0.5,ansur2
1598,F,156.3,59.1,34.5,88.2,74.3,93.9,0.791,0.842,0.939,0.367,RECTANGLE,0.5,ansur2
1599,F,177.3,76.0,40.2,90.7,80.5,108.1,0.745,0.888,0.839,0.372,PEAR,0.86,ansur2
1600,F,167.2,66.4,37.5,96.6,91.2,100.2,0.91,0.944,0.964,0.374,RECTANGLE,0.635,ansur2
1601,F,156.4,65.8,34.3,93.1,85.3,104.4,0.817,0.916,0.892,0.329,PEAR,0.708,ansur2
1602,F,160.0,71.0,37.3,96.8,84.7,108.1,0.784,0.875,0.895,0.345,PEAR,0.707,ansur2
1603,F,158.6,55.1,37.1,83.0,72.6,94.7,0.767,0.875,0.876,0.392,PEAR,0.718,ansur2
1604,F,156.6,59.3,35.4,88.3,79.5,98.4,0.808,0.9,0.897,0.36,PEAR,0.678,ansur2
1605,F,168.3,66.1,35.9,95.9,83.7,97.1,0.862,0.873,0.988,0.37,HOURGLASS,0.73,ansur2
1606,F,161.3,65.8,35.4,91.0,81.6,105.7,0.772,0.897,0.861,0.335,PEAR,0.793,ansur2
1607,F,157.2,63.4,35.8,94.0,81.4,102.3,0.796,0.866,0.919,0.35,RECTANGLE,0.5,ansur2
1608,F,158.4,48.0,35.0,86.9,69.3,87.1,0.796,0.797,0.998,0.402,HOURGLASS,0.865,ansur2
1609,F,170.6,66.0,38.5,90.0,79.8,100.5,0.794,0.887,0.896,0.383,PEAR,0.688,ansur2
1610,F,162.0,60.1,37.5,88.7,80.7,97.8,0.825,0.91,0.907,0.383,PEAR,0.652,ansur2
1611,F,164.0,54.6,36.2,80.7,77.8,94.3,0.825,0.964,0.856,0.384,PEAR,0.765,ansur2
1612,F,171.1,116.6,38.1,126.6,130.5,126.1,1.035,1.031,1.004,0.302,APPLE,0.71,ansur2
1613,F,164.1,79.3,38.3,104.2,91.9,108.0,0.851,0.882,0.965,0.355,HOURGLASS,0.732,ansur2
1614,F,156.7,45.4,34.3,79.1,61.1,85.3,0.716,0.772,0.927,0.402,RECTANGLE,0.5,ansur2
1615,F,162.9,49.9,37.6,81.4,69.8,86.7,0.805,0.857,0.939,0.434,RECTANGLE,0.5,ansur2
1616,F,147.9,35.8,34.2,69.5,61.5,79.8,0.771,0.885,0.871,0.429,PEAR,0.682,ansur2
1617,F,166.3,70.0,38.6,91.2,85.9,103.7,0.828,0.942,0.879,0.372,PEAR,0.738,ansur2
1618,F,174.9,77.0,37.3,93.4,88.7,108.9,0.815,0.95,0.858,0.343,PEAR,0.812,ansur2
1619,F,159.2,64.9,36.5,98.4,91.1,99.8,0.913,0.926,0.986,0.366,RECTANGLE,0.69,ansur2
1620,F,159.1,55.0,37.2,88.7,73.3,93.2,0.786,0.826,0.952,0.399,HOURGLASS,0.81,ansur2
1621,F,171.0,87.5,38.9,108.1,97.9,109.5,0.894,0.906,0.987,0.355,HOURGLASS,0.68,ansur2
1622,F,168.4,76.8,38.8,101.2,96.8,105.7,0.916,0.957,0.957,0.367,RECTANGLE,0.612,ansur2
1623,F,162.5,76.3,38.0,101.8,94.1,109.0,0.863,0.924,0.934,0.349,RECTANGLE,0.5,ansur2
1624,F,166.6,65.0,38.3,93.5,73.2,98.5,0.743,0.783,0.949,0.389,HOURGLASS,0.932,ansur2
1625,F,157.6,55.5,35.5,89.6,76.0,93.3,0.815,0.848,0.96,0.38,HOURGLASS,0.765,ansur2
1626,F,168.5,75.5,35.8,103.6,90.5,108.2,0.836,0.874,0.957,0.331,HOURGLASS,0.752,ansur2
1627,F,162.9,54.8,38.2,85.0,71.5,96.4,0.742,0.841,0.882,0.396,PEAR,0.71,ansur2
1628,F,163.7,70.5,33.8,92.6,87.8,105.1,0.835,0.948,0.881,0.322,PEAR,0.738,ansur2
1629,F,159.7,54.8,34.9,88.8,78.8,94.2,0.837,0.887,0.943,0.37,RECTANGLE,0.5,ansur2
1630,F,167.6,76.3,39.4,96.7,90.3,106.3,0.849,0.934,0.91,0.371,PEAR,0.665,ansur2
1631,F,167.2,78.4,36.6,102.6,87.0,103.6,0.84,0.848,0.99,0.353,HOURGLASS,0.815,ansur2
1632,F,170.7,69.8,38.2,92.0,84.8,106.5,0.796,0.922,0.864,0.359,PEAR,0.788,ansur2
1633,F,164.9,65.0,35.6,87.9,82.5,102.7,0.803,0.939,0.856,0.347,PEAR,0.795,ansur2
1634,F,161.5,79.4,35.4,97.2,95.5,118.1,0.809,0.983,0.823,0.3,APPLE,0.643,ansur2
1635,F,162.9,89.7,37.2,115.7,110.5,113.0,0.978,0.955,1.024,0.329,RECTANGLE,0.657,ansur2
1636,F,161.5,52.5,38.2,85.0,78.5,92.8,0.846,0.924,0.916,0.412,RECTANGLE,0.5,ansur2
1637,F,153.7,77.2,36.4,97.6,97.2,113.4,0.857,0.996,0.861,0.321,APPLE,0.61,ansur2
1638,F,166.3,65.7,38.5,89.9,79.3,98.9,0.802,0.882,0.909,0.389,PEAR,0.65,ansur2
1639,F,158.2,53.7,36.0,88.8,79.8,94.2,0.847,0.899,0.943,0.382,RECTANGLE,0.5,ansur2
1640,F,149.9,66.7,34.2,101.0,95.5,106.7,0.895,0.946,0.947,0.321,RECTANGLE,0.5,ansur2
1641,F,177.1,83.3,39.3,101.0,92.0,111.2,0.827,0.911,0.908,0.353,PEAR,0.68,ansur2
1642,F,154.5,59.9,36.8,96.7,85.5,96.1,0.89,0.884,1.006,0.383,HOURGLASS,0.69,ansur2
1643,F,160.3,64.9,35.3,97.5,91.4,99.4,0.92,0.937,0.981,0.355,RECTANGLE,0.677,ansur2
1644,F,158.0,78.8,35.4,106.6,93.8,110.5,0.849,0.88,0.965,0.32,HOURGLASS,0.745,ansur2
1645,F,160.8,75.2,34.2,106.2,96.0,101.6,0.945,0.904,1.045,0.337,RECTANGLE,0.61,ansur2
1646,F,156.1,64.3,35.4,94.1,90.0,100.0,0.9,0.956,0.941,0.354,RECTANGLE,0.5,ansur2
1647,F,164.2,61.3,35.7,88.0,78.0,96.5,0.808,0.886,0.912,0.37,RECTANGLE,0.5,ansur2
1648,F,160.0,84.7,37.7,102.7,93.5,116.5,0.803,0.91,0.882,0.324,PEAR,0.77,ansur2
1649,F,159.1,68.7,37.2,95.3,89.0,107.7,0.826,0.934,0.885,0.345,PEAR,0.735,ansur2
1650,F,169.7,69.7,38.4,99.7,82.1,98.8,0.831,0.823,1.009,0.389,HOURGLASS,0.843,ansur2
1651,F,169.1,60.2,39.2,87.0,79.3,96.5,0.822,0.911,0.902,0.406,PEAR,0.662,ansur2
1652,F,156.3,63.1,36.7,95.6,77.5,106.8,0.726,0.811,0.895,0.344,PEAR,0.705,ansur2
1653,F,159.8,95.2,36.7,115.2,103.4,121.0,0.855,0.898,0.952,0.303,RECTANGLE,0.5,ansur2
1654,F,163.1,51.3,32.4,79.5,66.4,91.4,0.726,0.835,0.87,0.354,PEAR,0.723,ansur2
1655,F,164.8,69.4,36.8,93.7,90.7,105.0,0.864,0.968,0.892,0.35,PEAR,0.707,ansur2
1656,F,149.6,50.9,34.9,82.6,76.8,90.0,0.853,0.93,0.918,0.388,RECTANGLE,0.5,ansur2
1657,F,152.2,52.0,33.2,87.8,67.2,91.5,0.734,0.765,0.96,0.363,HOURGLASS,0.94,ansur2
1658,F,176.9,88.9,39.9,104.7,96.5,111.5,0.865,0.922,0.939,0.358,RECTANGLE,0.5,ansur2
1659,F,176.1,78.5,39.0,90.0,78.4,106.9,0.733,0.871,0.842,0.365,PEAR,0.848,ansur2
1660,F,161.8,67.8,38.0,97.6,90.3,107.2,0.842,0.925,0.91,0.354,PEAR,0.665,ansur2
1661,F,161.2,64.4,37.6,91.2,84.1,100.7,0.835,0.922,0.906,0.373,PEAR,0.662,ansur2
1662,F,165.3,65.7,37.8,94.0,87.0,99.9,0.871,0.926,0.941,0.378,RECTANGLE,0.5,ansur2
1663,F,159.8,66.1,34.0,95.5,85.2,106.3,0.802,0.892,0.898,0.32,PEAR,0.695,ansur2
1664,F,177.0,92.5,36.7,113.0,99.3,114.5,0.867,0.879,0.987,0.321,HOURGLASS,0.768,ansur2
1665,F,156.6,61.1,35.4,100.1,86.6,98.1,0.883,0.865,1.02,0.361,HOURGLASS,0.713,ansur2
1666,F,166.8,61.1,35.4,96.1,75.7,97.5,0.776,0.788,0.986,0.363,HOURGLASS,0.935,ansur2
1667,F,161.4,79.7,37.8,97.3,90.7,114.3,0.794,0.932,0.851,0.331,PEAR,0.85,ansur2
1668,F,167.3,68.2,39.3,102.1,85.3,96.7,0.882,0.835,1.056,0.406,RECTANGLE,0.5,ansur2
1669,F,158.8,48.9,35.5,84.0,77.9,87.5,0.89,0.927,0.96,0.406,RECTANGLE,0.637,ansur2
1670,F,153.4,66.9,35.7,105.3,92.6,99.2,0.933,0.879,1.061,0.36,RECTANGLE,0.5,ansur2
1671,F,149.0,61.7,36.2,88.8,82.5,102.3,0.806,0.929,0.868,0.354,PEAR,0.763,ansur2
1672,F,161.1,70.6,37.3,95.5,93.8,105.6,0.888,0.982,0.904,0.353,APPLE,0.643,ansur2
1673,F,159.9,61.1,36.7,90.9,75.5,94.9,0.796,0.831,0.958,0.387,HOURGLASS,0.81,ansur2
1674,F,164.5,66.2,38.2,100.1,86.7,99.6,0.87,0.866,1.005,0.384,HOURGLASS,0.747,ansur2
1675,F,157.1,53.2,32.9,91.0,78.4,92.5,0.848,0.862,0.984,0.356,HOURGLASS,0.74,ansur2
1676,F,165.7,61.6,36.6,93.3,75.3,95.8,0.786,0.807,0.974,0.382,HOURGLASS,0.875,ansur2
1677,F,164.1,73.7,36.1,97.4,91.4,109.4,0.835,0.938,0.89,0.33,PEAR,0.725,ansur2
1678,F,171.0,65.7,32.3,94.7,82.6,103.9,0.795,0.872,0.911,0.311,PEAR,0.655,ansur2
1679,F,167.4,67.1,40.0,98.6,87.5,104.0,0.841,0.887,0.948,0.385,RECTANGLE,0.5,ansur2
1680,F,156.1,83.1,36.2,118.0,109.5,112.9,0.97,0.928,1.045,0.321,RECTANGLE,0.5,ansur2
1681,F,166.4,86.6,35.9,110.0,107.6,117.9,0.913,0.978,0.933,0.304,RECTANGLE,0.5,ansur2
1682,F,174.3,105.4,36.0,110.1,108.7,127.5,0.853,0.987,0.864,0.282,APPLE,0.635,ansur2
1683,F,168.1,92.0,40.4,108.0,101.1,117.0,0.864,0.936,0.923,0.345,PEAR,0.65,ansur2
1684,F,149.8,61.7,33.2,91.3,93.1,103.2,0.902,1.02,0.885,0.322,APPLE,0.645,ansur2
1685,F,159.5,77.2,36.7,102.6,88.8,110.5,0.804,0.865,0.929,0.332,RECTANGLE,0.5,ansur2
1686,F,177.1,77.7,36.4,104.7,97.1,108.3,0.897,0.927,0.967,0.336,RECTANGLE,0.635,ansur2
1687,F,158.5,80.2,38.9,111.3,101.5,110.5,0.919,0.912,1.007,0.352,HOURGLASS,0.65,ansur2
1688,F,181.9,95.3,41.3,108.0,99.5,122.3,0.814,0.921,0.883,0.338,PEAR,0.782,ansur2
1689,F,168.3,87.0,34.7,109.4,106.7,118.5,0.9,0.975,0.923,0.293,PEAR,0.652,ansur2
1690,F,168.6,73.0,35.5,97.4,85.3,106.6,0.8,0.876,0.914,0.333,PEAR,0.655,ansur2
1691,F,170.3,87.7,35.7,109.6,93.7,114.2,0.82,0.855,0.96,0.313,HOURGLASS,0.822,ansur2
1692,F,170.7,82.3,39.9,97.6,96.7,112.2,0.862,0.991,0.87,0.356,APPLE,0.622,ansur2
1693,F,167.8,83.1,39.3,107.8,111.2,107.8,1.032,1.032,1.0,0.365,APPLE,0.685,ansur2
1694,F,164.6,59.9,35.5,88.6,70.0,96.1,0.728,0.79,0.922,0.369,RECTANGLE,0.5,ansur2
1695,F,167.6,72.5,37.6,96.2,90.7,107.4,0.845,0.943,0.896,0.35,PEAR,0.705,ansur2
1696,F,170.3,63.0,37.0,87.2,81.0,100.6,0.805,0.929,0.867,0.368,PEAR,0.76,ansur2
1697,F,160.9,62.3,33.9,90.1,90.0,102.5,0.878,0.999,0.879,0.331,APPLE,0.602,ansur2
1698,F,163.6,82.1,37.6,110.0,93.5,113.2,0.826,0.85,0.972,0.332,HOURGLASS,0.838,ansur2
1699,F,162.5,62.4,36.2,91.0,85.8,98.2,0.874,0.943,0.927,0.369,RECTANGLE,0.5,ansur2
1700,F,161.5,56.7,36.9,88.3,79.0,99.8,0.792,0.895,0.885,0.37,PEAR,0.713,ansur2
1701,F,160.3,67.5,37.1,106.0,96.0,104.9,0.915,0.906,1.01,0.354,RECTANGLE,0.698,ansur2
1702,F,164.1,62.3,35.4,84.6,77.8,99.3,0.783,0.92,0.852,0.356,PEAR,0.793,ansur2
1703,F,169.7,64.4,39.7,92.0,79.1,95.6,0.827,0.86,0.962,0.415,HOURGLASS,0.748,ansur2
1704,F,157.1,62.6,34.0,92.6,83.8,100.5,0.834,0.905,0.921,0.338,RECTANGLE,0.5,ansur2
1705,F,154.8,71.3,34.5,94.6,84.5,109.7,0.77,0.893,0.862,0.314,PEAR,0.803,ansur2
1706,F,163.3,63.0,36.7,89.9,79.9,99.2,0.805,0.889,0.906,0.37,PEAR,0.657,ansur2
1707,F,166.7,82.0,39.2,103.2,92.2,110.2,0.837,0.893,0.936,0.356,RECTANGLE,0.5,ansur2
1708,F,158.4,76.2,36.2,104.3,95.6,106.9,0.894,0.917,0.976,0.339,RECTANGLE,0.66,ansur2
1709,F,164.2,69.7,37.7,92.9,84.3,106.8,0.789,0.907,0.87,0.353,PEAR,0.772,ansur2
1710,F,173.6,91.0,39.3,109.8,106.4,120.6,0.882,0.969,0.91,0.326,PEAR,0.695,ansur2
1711,F,167.1,80.1,36.5,96.5,95.7,114.3,0.837,0.992,0.844,0.319,APPLE,0.62,ansur2
1712,F,159.5,68.3,39.2,91.2,82.0,106.0,0.774,0.899,0.86,0.37,PEAR,0.795,ansur2
1713,F,171.6,76.9,38.7,96.4,87.5,107.1,0.817,0.908,0.9,0.361,PEAR,0.692,ansur2
1714,F,157.4,60.1,35.0,87.9,76.8,97.1,0.791,0.874,0.905,0.36,PEAR,0.655,ansur2
1715,F,161.0,82.1,34.5,105.4,107.3,113.4,0.946,1.018,0.929,0.304,APPLE,0.647,ansur2
1716,F,164.3,84.2,35.7,94.7,91.3,116.0,0.787,0.964,0.816,0.308,PEAR,0.95,ansur2
1717,F,169.7,79.1,38.4,99.2,95.9,108.3,0.886,0.967,0.916,0.355,PEAR,0.652,ansur2
1718,F,150.1,57.5,34.2,94.1,84.0,98.0,0.857,0.893,0.96,0.349,HOURGLASS,0.677,ansur2
1719,F,163.2,56.8,34.0,88.4,78.7,93.5,0.842,0.89,0.945,0.364,RECTANGLE,0.5,ansur2
1720,F,165.4,72.0,39.0,101.5,89.3,103.6,0.862,0.88,0.98,0.376,HOURGLASS,0.73,ansur2
1721,F,157.1,52.1,36.1,78.7,70.6,95.1,0.742,0.897,0.828,0.38,PEAR,0.835,ansur2
1722,F,159.6,68.9,35.6,103.1,85.0,99.3,0.856,0.824,1.038,0.359,HOURGLASS,0.782,ansur2
1723,F,158.9,65.2,34.5,88.1,79.6,101.6,0.783,0.904,0.867,0.34,PEAR,0.763,ansur2
1724,F,165.0,82.7,35.4,113.1,101.0,110.0,0.918,0.893,1.028,0.322,HOURGLASS,0.65,ansur2
1725,F,161.1,66.2,37.7,92.7,91.0,100.8,0.903,0.982,0.92,0.374,APPLE,0.643,ansur2
1726,F,163.2,71.5,35.1,97.1,101.3,109.0,0.929,1.043,0.891,0.322,APPLE,0.705,ansur2
1727,F,172.9,97.3,37.1,122.0,104.6,119.4,0.876,0.857,1.022,0.311,HOURGLASS,0.795,ansur2
1728,F,153.3,45.0,35.5,80.0,65.0,85.0,0.765,0.812,0.941,0.418,HOURGLASS,0.8,ansur2
1729,F,161.1,50.4,35.5,79.3,72.0,88.4,0.814,0.908,0.897,0.402,PEAR,0.653,ansur2
1730,F,165.0,57.7,37.0,84.8,74.7,94.8,0.788,0.881,0.895,0.39,PEAR,0.675,ansur2
1731,F,147.3,56.2,33.2,93.2,86.7,94.9,0.914,0.93,0.982,0.35,RECTANGLE,0.682,ansur2
1732,F,170.0,72.8,39.8,94.1,81.0,101.6,0.797,0.861,0.926,0.392,RECTANGLE,0.5,ansur2
1733,F,169.2,72.2,39.9,94.0,80.7,109.1,0.74,0.859,0.862,0.366,PEAR,0.802,ansur2
1734,F,161.1,56.0,35.3,82.6,73.8,94.7,0.779,0.893,0.872,0.373,PEAR,0.728,ansur2
1735,F,173.4,82.4,38.6,99.0,92.0,110.6,0.832,0.929,0.895,0.349,PEAR,0.715,ansur2
1736,F,169.2,82.5,39.4,104.7,91.8,109.6,0.838,0.877,0.955,0.359,HOURGLASS,0.748,ansur2
1737,F,164.7,99.5,39.8,107.1,109.3,125.7,0.87,1.021,0.852,0.317,APPLE,0.655,ansur2
1738,F,159.9,98.8,35.9,122.2,114.0,121.0,0.942,0.933,1.01,0.297,RECTANGLE,0.695,ansur2
1739,F,161.4,81.5,36.0,110.2,101.7,107.4,0.947,0.923,1.026,0.335,RECTANGLE,0.655,ansur2
1740,F,154.9,72.3,32.3,95.0,94.5,114.0,0.829,0.995,0.833,0.283,APPLE,0.612,ansur2
1741,F,163.4,73.6,40.5,95.7,86.8,108.5,0.8,0.907,0.882,0.373,PEAR,0.745,ansur2
1742,F,176.0,69.8,37.1,95.1,80.5,102.2,0.788,0.846,0.931,0.363,RECTANGLE,0.5,ansur2
1743,F,168.3,76.6,38.4,102.6,94.4,104.8,0.901,0.92,0.979,0.366,RECTANGLE,0.67,ansur2
1744,F,161.8,65.1,36.6,90.0,81.4,106.6,0.764,0.904,0.844,0.343,PEAR,0.84,ansur2
1745,F,156.5,51.8,33.4,80.0,73.5,91.7,0.802,0.919,0.872,0.364,PEAR,0.718,ansur2
1746,F,159.2,54.9,34.9,86.8,81.4,93.1,0.874,0.938,0.932,0.375,RECTANGLE,0.5,ansur2
1747,F,163.6,57.6,39.3,86.2,78.7,94.5,0.833,0.913,0.912,0.416,RECTANGLE,0.5,ansur2
1748,F,153.8,58.3,35.4,91.4,80.8,95.6,0.845,0.884,0.956,0.37,HOURGLASS,0.69,ansur2
1749,F,164.8,67.0,35.2,88.3,82.2,103.6,0.793,0.931,0.852,0.34,PEAR,0.807,ansur2
1750,F,164.5,63.1,35.9,93.6,80.1,101.4,0.79,0.856,0.923,0.354,RECTANGLE,0.5,ansur2
1751,F,162.3,62.7,37.1,88.0,84.2,98.5,0.855,0.957,0.893,0.377,PEAR,0.688,ansur2
1752,F,161.1,67.6,37.0,94.1,84.4,101.5,0.832,0.897,0.927,0.365,RECTANGLE,0.5,ansur2
1753,F,160.2,53.4,35.3,87.2,74.7,95.8,0.78,0.857,0.91,0.368,RECTANGLE,0.5,ansur2
1754,F,167.0,74.8,38.3,100.8,87.3,111.9,0.78,0.866,0.901,0.342,PEAR,0.703,ansur2
1755,F,164.3,64.4,35.2,91.5,75.7,96.4,0.785,0.827,0.949,0.365,HOURGLASS,0.82,ansur2
1756,F,162.8,67.7,36.2,97.9,85.4,100.2,0.852,0.872,0.977,0.361,HOURGLASS,0.738,ansur2
1757,F,157.5,62.0,36.5,90.4,77.8,99.8,0.78,0.861,0.906,0.366,PEAR,0.66,ansur2
1758,F,161.3,53.6,36.2,83.4,71.3,95.4,0.747,0.855,0.874,0.379,PEAR,0.725,ansur2
1759,F,159.8,59.9,35.8,86.8,77.1,100.8,0.765,0.888,0.861,0.355,PEAR,0.775,ansur2
1760,F,161.0,64.4,36.9,89.8,85.7,98.8,0.867,0.954,0.909,0.373,PEAR,0.65,ansur2
1761,F,159.7,53.6,33.3,82.2,73.9,95.5,0.774,0.899,0.861,0.349,PEAR,0.757,ansur2
1762,F,159.0,88.2,38.0,108.6,97.2,115.3,0.843,0.895,0.942,0.33,RECTANGLE,0.5,ansur2
1763,F,168.8,64.6,38.6,93.0,84.0,98.9,0.849,0.903,0.94,0.39,RECTANGLE,0.5,ansur2
1764,F,150.2,66.2,38.3,93.6,87.8,99.9,0.879,0.938,0.937,0.383,RECTANGLE,0.5,ansur2
1765,F,159.3,69.8,38.3,91.5,78.8,107.2,0.735,0.861,0.854,0.357,PEAR,0.818,ansur2
1766,F,160.7,67.7,35.5,103.6,89.5,105.6,0.848,0.864,0.981,0.336,HOURGLASS,0.777,ansur2
1767,F,162.5,58.6,34.1,88.1,74.0,93.5,0.791,0.84,0.942,0.365,RECTANGLE,0.5,ansur2
1768,F,152.5,52.6,34.2,88.6,76.7,90.7,0.846,0.866,0.977,0.377,HOURGLASS,0.722,ansur2
1769,F,156.3,56.4,33.7,89.4,79.7,93.9,0.849,0.891,0.952,0.359,HOURGLASS,0.668,ansur2
1770,F,173.4,76.5,37.6,92.3,84.0,112.6,0.746,0.91,0.82,0.334,PEAR,0.932,ansur2
1771,F,173.4,87.1,39.5,99.6,94.7,109.3,0.866,0.951,0.911,0.361,PEAR,0.668,ansur2
1772,F,172.8,68.2,38.3,92.0,81.2,100.8,0.806,0.883,0.913,0.38,RECTANGLE,0.5,ansur2
1773,F,166.1,62.9,35.5,89.3,85.6,102.1,0.838,0.959,0.875,0.348,PEAR,0.745,ansur2
1774,F,170.3,56.8,38.0,87.2,73.3,96.9,0.756,0.841,0.9,0.392,PEAR,0.668,ansur2
1775,F,170.2,68.0,32.9,97.1,85.7,102.0,0.84,0.883,0.952,0.323,HOURGLASS,0.71,ansur2
1776,F,177.2,66.9,39.5,91.1,78.2,99.0,0.79,0.858,0.92,0.399,RECTANGLE,0.5,ansur2
1777,F,162.6,71.2,37.3,92.8,91.8,108.5,0.846,0.989,0.855,0.344,APPLE,0.625,ansur2
1778,F,166.1,78.1,36.6,99.9,87.5,111.0,0.788,0.876,0.9,0.33,PEAR,0.702,ansur2
1779,F,154.9,67.5,35.3,96.6,83.5,102.1,0.818,0.864,0.946,0.346,RECTANGLE,0.5,ansur2
1780,F,163.4,66.3,36.6,93.8,79.5,101.9,0.78,0.848,0.921,0.359,RECTANGLE,0.5,ansur2
1781,F,166.1,79.3,36.6,101.6,96.7,107.7,0.898,0.952,0.943,0.34,RECTANGLE,0.5,ansur2
1782,F,156.4,60.4,34.7,94.6,90.2,96.2,0.938,0.953,0.983,0.361,RECTANGLE,0.685,ansur2
1783,F,166.4,73.2,34.9,107.5,90.2,105.9,0.852,0.839,1.015,0.33,HOURGLASS,0.818,ansur2
1784,F,155.3,71.2,34.4,104.4,98.6,104.3,0.945,0.944,1.001,0.33,RECTANGLE,0.722,ansur2
1785,F,170.0,72.2,38.3,90.9,84.0,108.5,0.774,0.924,0.838,0.353,PEAR,0.865,ansur2
1786,F,154.2,61.0,35.8,92.6,82.7,98.8,0.837,0.893,0.937,0.362,RECTANGLE,0.5,ansur2
1787,F,174.3,81.7,38.2,98.7,97.5,112.8,0.864,0.988,0.875,0.339,APPLE,0.63,ansur2
1788,F,162.3,79.9,39.6,98.0,90.5,110.6,0.818,0.923,0.886,0.358,PEAR,0.74,ansur2
1789,F,159.0,60.2,35.9,84.5,77.0,100.7,0.765,0.911,0.839,0.357,PEAR,0.83,ansur2
1790,F,160.4,58.4,38.0,88.2,73.7,97.3,0.757,0.836,0.906,0.391,PEAR,0.652,ansur2
1791,F,162.7,60.1,36.0,87.2,75.2,98.1,0.767,0.862,0.889,0.367,PEAR,0.697,ansur2
1792,F,171.8,83.4,40.0,101.4,91.8,109.2,0.841,0.905,0.929,0.366,RECTANGLE,0.5,ansur2
1793,F,170.5,97.3,38.2,117.3,95.7,117.9,0.812,0.816,0.995,0.324,HOURGLASS,0.95,ansur2
1794,F,156.1,55.7,35.3,85.7,68.6,92.9,0.738,0.8,0.922,0.38,RECTANGLE,0.5,ansur2
1795,F,166.1,55.3,37.6,80.3,78.2,89.7,0.872,0.974,0.895,0.419,PEAR,0.66,ansur2
1796,F,162.0,52.6,35.7,84.1,70.0,87.0,0.805,0.832,0.967,0.41,HOURGLASS,0.777,ansur2
1797,F,166.0,61.4,35.3,85.7,69.0,98.3,0.702,0.805,0.872,0.359,PEAR,0.74,ansur2
1798,F,169.7,89.4,37.7,108.3,103.4,114.0,0.907,0.955,0.95,0.331,RECTANGLE,0.5,ansur2
1799,F,169.9,89.3,39.8,106.6,99.0,114.4,0.865,0.929,0.932,0.348,RECTANGLE,0.5,ansur2
1800,F,174.0,70.2,38.7,90.1,80.0,106.1,0.754,0.888,0.849,0.365,PEAR,0.825,ansur2
1801,F,170.1,73.8,36.3,103.0,87.9,105.8,0.831,0.853,0.974,0.343,HOURGLASS,0.802,ansur2
1802,F,170.7,60.1,37.3,90.0,72.7,92.6,0.785,0.808,0.972,0.403,HOURGLASS,0.857,ansur2
1803,F,156.0,78.2,35.3,99.8,99.1,114.8,0.863,0.993,0.869,0.307,APPLE,0.618,ansur2
1804,F,148.3,44.2,33.0,78.0,64.7,87.1,0.743,0.829,0.896,0.379,PEAR,0.652,ansur2
1805,F,158.7,47.6,36.8,80.2,67.8,87.4,0.776,0.845,0.918,0.421,RECTANGLE,0.5,ansur2
1806,F,157.9,64.2,35.6,90.7,84.6,103.3,0.819,0.933,0.878,0.345,PEAR,0.74,ansur2
1807,F,165.9,73.7,36.3,94.0,85.0,105.5,0.806,0.904,0.891,0.344,PEAR,0.713,ansur2
1808,F,168.4,77.6,37.7,97.2,85.1,113.2,0.752,0.876,0.859,0.333,PEAR,0.825,ansur2
1809,F,159.3,62.0,37.6,90.0,77.0,101.9,0.756,0.856,0.883,0.369,PEAR,0.723,ansur2
1810,F,158.9,64.6,36.8,95.3,84.3,98.6,0.855,0.885,0.967,0.373,HOURGLASS,0.7,ansur2
1811,F,168.3,69.7,38.0,94.5,85.6,103.5,0.827,0.906,0.913,0.367,PEAR,0.65,ansur2
1812,F,170.4,72.4,38.1,95.3,79.5,105.0,0.757,0.834,0.908,0.363,PEAR,0.668,ansur2
1813,F,173.6,69.7,37.9,102.2,88.3,97.5,0.906,0.864,1.048,0.389,HOURGLASS,0.655,ansur2
1814,F,163.3,62.0,40.1,92.7,76.8,98.6,0.779,0.828,0.94,0.407,RECTANGLE,0.5,ansur2
1815,F,172.4,88.4,38.6,101.3,85.7,116.9,0.733,0.846,0.867,0.33,PEAR,0.815,ansur2
1816,F,148.7,71.2,34.6,100.1,98.2,110.4,0.889,0.981,0.907,0.313,APPLE,0.647,ansur2
1817,F,156.0,68.4,35.7,101.8,91.5,96.0,0.953,0.899,1.06,0.372,RECTANGLE,0.5,ansur2
1818,F,156.1,62.3,34.0,97.8,92.0,100.0,0.92,0.941,0.978,0.34,RECTANGLE,0.67,ansur2
1819,F,161.8,61.4,34.7,93.0,81.6,101.0,0.808,0.877,0.921,0.344,RECTANGLE,0.5,ansur2
1820,F,160.4,55.1,35.2,93.0,66.7,94.3,0.707,0.717,0.986,0.373,HOURGLASS,0.95,ansur2
1821,F,165.8,112.1,38.6,114.1,119.8,134.1,0.893,1.05,0.851,0.288,APPLE,0.743,ansur2
1822,F,165.8,74.9,37.9,97.0,88.2,110.5,0.798,0.909,0.878,0.343,PEAR,0.763,ansur2
1823,F,159.1,70.9,34.8,95.6,87.0,108.1,0.805,0.91,0.884,0.322,PEAR,0.738,ansur2
1824,F,163.8,58.8,35.4,87.2,78.0,96.9,0.805,0.894,0.9,0.365,PEAR,0.668,ansur2
1825,F,175.1,87.6,36.8,100.3,101.6,115.2,0.882,1.013,0.871,0.319,APPLE,0.632,ansur2
1826,F,158.7,59.7,35.4,85.7,75.3,99.8,0.755,0.879,0.859,0.355,PEAR,0.777,ansur2
1827,F,154.0,68.0,36.7,104.4,93.7,101.9,0.92,0.898,1.025,0.36,RECTANGLE,0.662,ansur2
1828,F,157.6,70.7,35.7,100.9,94.6,107.3,0.882,0.938,0.94,0.333,RECTANGLE,0.5,ansur2
1829,F,173.7,68.6,39.9,92.0,74.5,103.4,0.721,0.81,0.89,0.386,PEAR,0.71,ansur2
1830,F,157.3,62.4,38.4,90.1,82.6,99.9,0.827,0.917,0.902,0.384,PEAR,0.67,ansur2
1831,F,162.2,61.0,38.1,90.3,80.5,95.3,0.845,0.891,0.948,0.4,HOURGLASS,0.67,ansur2
1832,F,158.8,58.2,36.5,89.1,77.3,96.3,0.803,0.868,0.925,0.379,RECTANGLE,0.5,ansur2
1833,F,154.8,48.9,35.5,84.3,62.4,86.3,0.723,0.74,0.977,0.411,HOURGLASS,0.95,ansur2
1834,F,166.2,69.6,38.7,93.8,86.5,102.9,0.841,0.922,0.912,0.376,PEAR,0.653,ansur2
1835,F,171.8,79.5,37.8,97.6,89.5,107.6,0.832,0.917,0.907,0.351,PEAR,0.675,ansur2
1836,F,151.9,60.0,36.5,88.5,80.5,104.2,0.773,0.91,0.849,0.35,PEAR,0.818,ansur2
1837,F,157.3,64.0,35.2,95.0,82.6,98.6,0.838,0.869,0.963,0.357,HOURGLASS,0.735,ansur2
1838,F,156.6,71.2,34.4,93.2,88.3,108.5,0.814,0.947,0.859,0.317,PEAR,0.807,ansur2
1839,F,152.9,47.5,33.9,82.0,69.6,87.1,0.799,0.849,0.941,0.389,RECTANGLE,0.5,ansur2
1840,F,158.5,73.5,36.7,90.9,82.0,110.1,0.745,0.902,0.826,0.333,PEAR,0.905,ansur2
1841,F,161.1,54.6,37.7,89.3,73.0,86.9,0.84,0.817,1.028,0.434,HOURGLASS,0.773,ansur2
1842,F,161.0,56.2,35.4,92.5,77.0,94.0,0.819,0.832,0.984,0.377,HOURGLASS,0.812,ansur2
1843,F,154.1,58.2,35.8,94.7,83.0,96.6,0.859,0.876,0.98,0.371,HOURGLASS,0.718,ansur2
1844,F,176.6,81.2,42.0,99.9,87.0,109.4,0.795,0.871,0.913,0.384,PEAR,0.662,ansur2
1845,F,162.6,51.8,37.5,83.8,73.8,90.0,0.82,0.881,0.931,0.417,RECTANGLE,0.5,ansur2
1846,F,164.4,52.3,33.3,85.2,70.6,89.6,0.788,0.829,0.951,0.372,HOURGLASS,0.79,ansur2
1847,F,167.9,75.6,38.3,102.3,86.5,102.3,0.846,0.846,1.0,0.374,HOURGLASS,0.82,ansur2
1848,F,174.3,67.4,36.7,91.2,81.2,104.5,0.777,0.89,0.873,0.351,PEAR,0.757,ansur2
1849,F,165.8,55.2,36.4,82.5,67.0,94.2,0.711,0.812,0.876,0.386,PEAR,0.718,ansur2
1850,F,161.0,69.0,36.9,103.1,90.0,101.5,0.887,0.873,1.016,0.364,HOURGLASS,0.713,ansur2
1851,F,167.5,63.6,35.5,89.3,84.0,100.1,0.839,0.941,0.892,0.355,PEAR,0.695,ansur2
1852,F,163.7,64.1,36.6,95.1,78.4,103.7,0.756,0.824,0.917,0.353,RECTANGLE,0.5,ansur2
1853,F,162.8,70.1,37.8,93.4,93.3,106.2,0.879,0.999,0.879,0.356,APPLE,0.603,ansur2
1854,F,164.5,79.3,36.2,100.4,97.8,109.6,0.892,0.974,0.916,0.33,PEAR,0.655,ansur2
1855,F,159.5,66.0,35.6,95.7,88.3,104.1,0.848,0.923,0.919,0.342,RECTANGLE,0.5,ansur2
1856,F,173.1,93.1,36.8,111.7,103.2,117.0,0.882,0.924,0.955,0.315,RECTANGLE,0.5,ansur2
1857,F,156.7,66.1,35.9,96.0,91.2,103.2,0.884,0.95,0.93,0.348,RECTANGLE,0.5,ansur2
1858,F,162.8,51.0,36.0,78.0,67.2,92.5,0.726,0.862,0.843,0.389,PEAR,0.788,ansur2
1859,F,168.8,68.6,38.1,91.6,87.7,103.0,0.851,0.957,0.889,0.37,PEAR,0.71,ansur2
1860,F,170.6,83.9,33.0,106.3,93.2,116.0,0.803,0.877,0.916,0.284,PEAR,0.668,ansur2
1861,F,154.3,65.2,37.2,89.3,84.0,102.8,0.817,0.941,0.869,0.362,PEAR,0.763,ansur2
1862,F,166.5,92.0,37.1,110.2,103.2,117.8,0.876,0.936,0.935,0.315,RECTANGLE,0.5,ansur2
1863,F,169.0,66.7,38.2,90.0,78.3,103.5,0.757,0.87,0.87,0.369,PEAR,0.763,ansur2
1864,F,147.1,46.4,33.2,82.3,66.8,87.5,0.763,0.812,0.941,0.379,RECTANGLE,0.5,ansur2
1865,F,161.6,62.7,34.2,94.3,88.2,100.8,0.875,0.935,0.936,0.339,RECTANGLE,0.5,ansur2
1866,F,175.3,59.3,36.3,90.1,72.7,92.6,0.785,0.807,0.973,0.392,HOURGLASS,0.86,ansur2
1867,F,162.6,50.8,37.0,79.5,69.8,91.9,0.76,0.878,0.865,0.403,PEAR,0.735,ansur2
1868,F,169.8,72.7,38.7,94.4,86.6,104.2,0.831,0.917,0.906,0.371,PEAR,0.67,ansur2
1869,F,154.5,58.3,35.1,97.0,77.7,93.2,0.834,0.801,1.041,0.377,HOURGLASS,0.812,ansur2
1870,F,175.9,66.9,37.7,94.2,78.5,102.3,0.767,0.833,0.921,0.369,RECTANGLE,0.5,ansur2
1871,F,173.2,84.2,36.9,104.1,105.5,113.2,0.932,1.013,0.92,0.326,APPLE,0.635,ansur2
1872,F,158.7,60.1,38.7,88.4,83.0,97.8,0.849,0.939,0.904,0.396,PEAR,0.66,ansur2
1873,F,160.5,60.9,37.0,92.0,77.3,99.3,0.778,0.84,0.926,0.373,RECTANGLE,0.5,ansur2
1874,F,153.0,68.7,35.0,94.3,87.2,103.2,0.845,0.925,0.914,0.339,RECTANGLE,0.5,ansur2
1875,F,159.8,54.9,31.7,88.7,71.5,95.8,0.746,0.806,0.926,0.331,RECTANGLE,0.5,ansur2
1876,F,152.4,45.2,29.6,82.6,67.4,89.5,0.753,0.816,0.923,0.331,RECTANGLE,0.5,ansur2
1877,F,168.3,83.5,38.2,105.5,106.6,109.5,0.974,1.01,0.963,0.349,APPLE,0.627,ansur2
1878,F,157.7,64.1,35.8,90.1,82.2,95.6,0.86,0.912,0.942,0.374,RECTANGLE,0.5,ansur2
1879,F,158.3,58.8,37.7,90.6,74.9,99.1,0.756,0.827,0.914,0.38,RECTANGLE,0.5,ansur2
1880,F,158.2,56.3,36.3,87.8,75.0,93.8,0.8,0.854,0.936,0.387,RECTANGLE,0.5,ansur2
1881,F,156.9,70.2,36.8,101.6,89.5,101.1,0.885,0.881,1.005,0.364,HOURGLASS,0.715,ansur2
1882,F,165.1,77.9,39.4,101.5,87.6,107.1,0.818,0.863,0.948,0.368,RECTANGLE,0.5,ansur2
1883,F,146.3,62.6,34.5,99.8,90.2,93.8,0.962,0.904,1.064,0.368,RECTANGLE,0.5,ansur2
1884,F,165.9,99.2,37.0,119.8,111.3,120.0,0.927,0.929,0.998,0.308,RECTANGLE,0.72,ansur2
1885,F,159.6,62.6,34.0,88.3,78.4,101.9,0.769,0.888,0.867,0.334,PEAR,0.765,ansur2
1886,F,160.0,71.3,37.8,105.0,90.3,105.9,0.853,0.86,0.992,0.357,HOURGLASS,0.793,ansur2
1887,F,155.7,52.8,35.8,87.2,71.5,97.0,0.737,0.82,0.899,0.369,PEAR,0.67,ansur2
1888,F,156.5,55.2,35.1,89.6,78.3,92.5,0.846,0.874,0.969,0.379,HOURGLASS,0.707,ansur2
1889,F,152.5,62.2,32.0,96.2,82.7,94.7,0.873,0.86,1.016,0.338,HOURGLASS,0.725,ansur2
1890,F,161.3,61.2,36.4,86.3,86.0,96.5,0.891,0.997,0.894,0.377,APPLE,0.607,ansur2
1891,F,167.4,52.9,36.6,81.4,72.7,91.5,0.795,0.893,0.89,0.4,PEAR,0.677,ansur2
1892,F,161.4,74.8,36.1,99.6,92.3,115.5,0.799,0.927,0.862,0.313,PEAR,0.823,ansur2
1893,F,155.8,58.2,32.6,89.8,81.5,99.3,0.821,0.908,0.904,0.328,PEAR,0.662,ansur2
1894,F,177.4,79.0,40.2,94.2,90.7,107.6,0.843,0.963,0.875,0.374,PEAR,0.76,ansur2
1895,F,163.3,61.8,34.4,92.2,78.5,100.6,0.78,0.851,0.917,0.342,RECTANGLE,0.5,ansur2
1896,F,161.1,71.6,34.4,99.2,100.4,102.6,0.979,1.012,0.967,0.335,APPLE,0.63,ansur2
1897,F,176.8,69.2,36.1,95.8,85.8,99.5,0.862,0.896,0.963,0.363,HOURGLASS,0.675,ansur2
1898,F,157.8,63.5,36.3,97.3,85.0,102.2,0.832,0.874,0.952,0.355,HOURGLASS,0.732,ansur2
1899,F,161.9,70.4,35.4,91.7,90.1,112.8,0.799,0.983,0.813,0.314,APPLE,0.64,ansur2
1900,F,168.1,66.8,37.1,94.6,89.0,99.9,0.891,0.941,0.947,0.371,RECTANGLE,0.5,ansur2
1901,F,161.3,53.5,36.1,84.1,72.8,93.8,0.776,0.866,0.897,0.385,PEAR,0.668,ansur2
1902,F,157.5,61.5,35.2,96.7,80.8,96.2,0.84,0.836,1.005,0.366,HOURGLASS,0.81,ansur2
1903,F,164.8,75.1,37.2,101.8,91.8,114.6,0.801,0.902,0.888,0.325,PEAR,0.745,ansur2
1904,F,159.0,54.6,36.6,86.7,69.0,90.9,0.759,0.796,0.954,0.403,HOURGLASS,0.868,ansur2
1905,F,160.9,69.5,37.8,97.3,90.5,105.3,0.859,0.93,0.924,0.359,RECTANGLE,0.5,ansur2
1906,F,162.5,77.3,37.0,99.0,91.9,111.5,0.824,0.928,0.888,0.332,PEAR,0.738,ansur2
1907,F,167.6,75.1,36.6,101.2,96.0,107.8,0.891,0.949,0.939,0.34,RECTANGLE,0.5,ansur2
1908,F,162.3,70.0,35.4,104.0,94.5,105.8,0.893,0.909,0.983,0.335,HOURGLASS,0.662,ansur2
1909,F,161.2,50.2,36.9,82.9,73.5,88.2,0.833,0.887,0.94,0.418,RECTANGLE,0.5,ansur2
1910,F,172.0,71.7,38.1,98.4,86.6,106.0,0.817,0.88,0.928,0.359,RECTANGLE,0.5,ansur2
1911,F,156.7,64.4,37.3,91.0,93.5,106.0,0.882,1.027,0.858,0.352,APPLE,0.662,ansur2
1912,F,177.0,107.2,41.0,120.3,107.6,116.8,0.921,0.894,1.03,0.351,HOURGLASS,0.655,ansur2
1913,F,166.8,94.0,38.3,119.6,117.6,116.1,1.013,0.983,1.03,0.33,APPLE,0.637,ansur2
1914,F,158.8,76.4,34.9,96.8,88.6,110.8,0.8,0.915,0.874,0.315,PEAR,0.775,ansur2
1915,F,161.6,89.7,41.3,114.0,113.5,115.7,0.981,0.996,0.985,0.357,APPLE,0.612,ansur2
1916,F,159.3,77.7,37.6,109.1,97.4,104.9,0.929,0.893,1.04,0.358,RECTANGLE,0.62,ansur2
1917,F,157.2,49.7,35.0,87.0,72.1,89.6,0.805,0.829,0.971,0.391,HOURGLASS,0.798,ansur2
1918,F,167.4,66.2,37.8,91.3,83.7,97.1,0.862,0.917,0.94,0.389,RECTANGLE,0.5,ansur2
1919,F,165.2,69.6,37.9,104.9,85.1,101.8,0.836,0.811,1.03,0.372,HOURGLASS,0.843,ansur2
1920,F,166.4,84.4,35.3,107.1,99.6,112.6,0.885,0.93,0.951,0.313,RECTANGLE,0.5,ansur2
1921,F,169.1,64.7,37.3,91.0,85.2,98.2,0.868,0.936,0.927,0.38,RECTANGLE,0.5,ansur2
1922,F,165.7,78.0,35.3,101.9,93.5,104.4,0.896,0.918,0.976,0.338,RECTANGLE,0.662,ansur2
1923,F,170.4,77.3,39.5,96.5,92.7,110.4,0.84,0.961,0.874,0.358,PEAR,0.773,ansur2
1924,F,165.4,73.4,36.5,95.2,92.1,109.2,0.843,0.967,0.872,0.334,PEAR,0.775,ansur2
1925,F,157.8,69.5,34.7,98.2,93.7,109.8,0.853,0.954,0.894,0.316,PEAR,0.715,ansur2
1926,F,164.5,70.7,36.2,103.5,87.2,102.6,0.85,0.843,1.009,0.353,HOURGLASS,0.81,ansur2
1927,F,163.1,93.6,35.4,114.2,102.5,120.8,0.849,0.898,0.945,0.293,RECTANGLE,0.5,ansur2
1928,F,156.1,85.7,35.2,105.5,110.6,117.1,0.944,1.048,0.901,0.301,APPLE,0.727,ansur2
1929,F,151.6,57.3,37.1,91.4,76.7,98.7,0.777,0.839,0.926,0.376,RECTANGLE,0.5,ansur2
1930,F,174.9,67.6,35.6,93.0,82.3,103.1,0.798,0.885,0.902,0.345,PEAR,0.677,ansur2
1931,F,171.5,85.5,39.5,100.6,93.3,114.0,0.818,0.927,0.882,0.346,PEAR,0.76,ansur2
1932,F,160.0,54.9,34.1,92.9,73.5,94.8,0.775,0.791,0.98,0.36,HOURGLASS,0.91,ansur2
1933,F,168.3,58.8,40.5,87.2,77.2,94.6,0.816,0.885,0.922,0.428,RECTANGLE,0.5,ansur2
1934,F,155.7,71.5,35.1,98.3,98.7,107.5,0.918,1.004,0.914,0.327,APPLE,0.61,ansur2
1935,F,154.8,58.0,36.6,87.3,83.7,96.0,0.872,0.959,0.909,0.381,RECTANGLE,0.5,ansur2
1936,F,171.4,69.7,37.9,93.4,87.3,103.2,0.846,0.935,0.905,0.367,PEAR,0.67,ansur2
1937,F,164.9,68.5,36.6,100.6,80.3,101.0,0.795,0.798,0.996,0.362,HOURGLASS,0.932,ansur2
1938,F,152.8,58.6,34.6,90.7,80.4,102.1,0.787,0.886,0.888,0.339,PEAR,0.71,ansur2
1939,F,159.6,84.2,36.9,110.1,105.5,118.1,0.893,0.958,0.932,0.312,RECTANGLE,0.5,ansur2
1940,F,165.8,90.9,36.6,106.8,90.1,124.1,0.726,0.844,0.861,0.295,PEAR,0.857,ansur2
1941,F,170.1,104.7,37.7,116.8,117.2,131.4,0.892,1.003,0.889,0.287,APPLE,0.61,ansur2
1942,F,168.3,66.3,38.0,89.6,79.1,100.0,0.791,0.883,0.896,0.38,PEAR,0.685,ansur2
1943,F,163.4,76.6,37.7,115.4,96.2,99.9,0.963,0.834,1.155,0.377,INVERTED_TRIANGLE,0.812,ansur2
1944,F,169.5,71.5,39.0,94.1,74.5,103.4,0.721,0.792,0.91,0.377,PEAR,0.658,ansur2
1945,F,154.8,59.1,38.8,89.8,80.1,98.4,0.814,0.892,0.913,0.394,RECTANGLE,0.5,ansur2
1946,F,158.7,66.5,38.1,95.2,95.5,101.6,0.94,1.003,0.937,0.375,APPLE,0.607,ansur2
1947,F,154.9,67.6,33.0,99.1,103.2,104.5,0.988,1.041,0.948,0.316,APPLE,0.703,ansur2
1948,F,160.6,79.2,38.5,109.1,104.2,114.2,0.912,0.955,0.955,0.337,RECTANGLE,0.5,ansur2
1949,F,150.8,65.2,35.1,100.5,96.6,104.9,0.921,0.961,0.958,0.335,RECTANGLE,0.615,ansur2
1950,F,173.3,75.3,39.6,93.1,84.4,111.0,0.76,0.907,0.839,0.357,PEAR,0.873,ansur2
1951,F,156.0,51.7,37.9,88.6,75.2,91.8,0.819,0.849,0.965,0.413,HOURGLASS,0.76,ansur2
1952,F,173.9,86.5,39.3,106.0,95.4,116.4,0.82,0.9,0.911,0.338,PEAR,0.685,ansur2
1953,F,162.9,73.2,35.2,95.2,85.7,105.8,0.81,0.9,0.9,0.333,PEAR,0.69,ansur2
1954,F,160.9,74.1,38.0,92.3,84.0,110.6,0.759,0.91,0.835,0.344,PEAR,0.882,ansur2
1955,F,174.0,90.6,37.1,109.3,109.0,114.0,0.956,0.997,0.959,0.325,APPLE,0.607,ansur2
1956,F,167.8,84.5,36.8,94.3,96.0,115.7,0.83,1.018,0.815,0.318,APPLE,0.643,ansur2
1957,F,154.5,63.1,36.2,97.4,83.0,97.7,0.85,0.852,0.997,0.371,HOURGLASS,0.785,ansur2
1958,F,180.9,89.8,39.0,111.3,100.3,111.5,0.9,0.901,0.998,0.35,HOURGLASS,0.7,ansur2
1959,F,176.4,97.0,40.1,109.0,97.7,116.4,0.839,0.896,0.936,0.345,RECTANGLE,0.5,ansur2
1960,F,160.6,66.3,37.1,94.0,85.5,103.8,0.824,0.91,0.906,0.357,PEAR,0.67,ansur2
1961,F,156.7,59.4,37.2,95.2,86.3,96.3,0.896,0.907,0.989,0.386,RECTANGLE,0.698,ansur2
1962,F,159.4,65.7,37.6,105.9,91.7,88.7,1.034,0.866,1.194,0.424,APPLE,0.675,ansur2
1963,F,158.7,78.6,36.3,112.5,91.9,107.0,0.859,0.817,1.051,0.339,RECTANGLE,0.5,ansur2
1964,F,157.3,52.0,34.5,83.7,69.5,95.2,0.73,0.83,0.879,0.362,PEAR,0.713,ansur2
1965,F,162.4,64.1,38.6,92.0,79.2,102.7,0.771,0.861,0.896,0.376,PEAR,0.693,ansur2
1966,F,163.5,79.8,35.2,103.7,101.4,112.6,0.901,0.978,0.921,0.313,RECTANGLE,0.5,ansur2
1967,F,158.0,74.0,34.5,102.1,90.6,111.2,0.815,0.887,0.918,0.31,PEAR,0.653,ansur2
1968,F,169.1,64.1,34.3,93.5,79.5,99.2,0.801,0.85,0.943,0.346,RECTANGLE,0.5,ansur2
1969,F,165.6,80.3,37.8,107.2,101.2,113.2,0.894,0.944,0.947,0.334,RECTANGLE,0.5,ansur2
1970,F,161.5,71.4,36.6,108.9,96.5,108.1,0.893,0.886,1.007,0.339,HOURGLASS,0.715,ansur2
1971,F,174.9,92.4,37.1,97.3,86.9,119.1,0.73,0.893,0.817,0.312,PEAR,0.95,ansur2
1972,F,156.1,66.8,34.9,104.2,90.3,99.1,0.911,0.867,1.051,0.352,RECTANGLE,0.5,ansur2
1973,F,167.4,67.8,36.2,92.5,81.7,104.6,0.781,0.883,0.884,0.346,PEAR,0.727,ansur2
1974,F,172.1,57.7,38.3,86.5,68.1,90.6,0.752,0.787,0.955,0.423,HOURGLASS,0.885,ansur2
1975,F,170.4,68.7,37.8,103.0,91.5,102.5,0.893,0.888,1.005,0.369,HOURGLASS,0.7,ansur2
1976,F,163.6,75.8,36.0,103.8,87.0,110.2,0.789,0.838,0.942,0.327,RECTANGLE,0.5,ansur2
1977,F,158.3,65.2,35.7,104.7,94.1,96.6,0.974,0.899,1.084,0.37,RECTANGLE,0.5,ansur2
1978,F,160.4,69.9,36.0,99.4,84.7,105.5,0.803,0.852,0.942,0.341,RECTANGLE,0.5,ansur2
1979,F,153.3,47.4,34.3,80.2,75.5,87.8,0.86,0.941,0.913,0.391,RECTANGLE,0.5,ansur2
1980,F,159.4,55.8,36.0,93.1,74.2,99.1,0.749,0.797,0.939,0.363,RECTANGLE,0.5,ansur2
1981,F,171.9,76.8,38.5,99.0,96.0,111.0,0.865,0.97,0.892,0.347,PEAR,0.725,ansur2
1982,F,168.7,83.2,36.8,108.2,104.3,108.9,0.958,0.964,0.994,0.338,RECTANGLE,0.707,ansur2
1983,F,161.3,71.7,37.8,101.6,97.1,101.6,0.956,0.956,1.0,0.372,RECTANGLE,0.725,ansur2
1984,F,164.4,76.2,36.3,109.3,98.2,106.3,0.924,0.898,1.028,0.341,RECTANGLE,0.65,ansur2
1985,F,161.6,63.2,37.6,92.2,83.7,105.1,0.796,0.908,0.877,0.358,PEAR,0.747,ansur2
1986,F,164.1,61.0,36.1,90.2,89.1,97.4,0.915,0.988,0.926,0.371,APPLE,0.628,ansur2
